SITE;YEAR;SEASON;YEAR_SEASON;SITE_ORDER;Acrolo_lacu;Aeshna_cyan;Agabus_bigu_Ad;Agabus_bigu_Lv;Agabus_bipu_Ad;Agabus_bipu_Lv;Agabus_chal_Ad;Agabus_chal_Lv;Agabus_gutt_Ad;Agabus_gutt_Lv;Agabus_palu_Ad;Agabus_stri_Ad;Amphin_sp;Anabol_furc;Anacae_glob_Ad;Anacae_limb_Ad;Anacae_limb_Lv;Anacae_lute_Ad;Anisus_spir;Aphelo_aest;Aquari_naja;Aquari_palu;Asellu_aqua;Astacu_asta;Atheri_sp;Baetis_buce;Baetis_nexu;Baetis_rhod;Baetis_vern;Beraeo_minu;Berosu_sp_Ad;Bibion_sp;Calopt_sple;Calopt_virg;Capnia_sp;Centro_lute;Cerato_sp;Cercyo_sp_Ad;Chaeto_majo;Chaobo_sp;Chiron_sp;Cloeon_dipt;Coelos_orbi_Ad;Coenag_orna;Coenag_puel;Colymb_fusc_Ad;Colymb_sp_Lv;Cordul_hero;Corixa_punc;Culici_sp;Curcul_sp_Ad;Cybist_late_Ad;Cylind_sp;Cymbio_marg_Ad;Cyrnus_trim;Dixida_sp;Dolich_sp;Dytisc_sp_Lv;Dytisc_circ_Ad;Dytisc_circ_Lv;Dytisc_marg_Ad;Dytisc_marg_Lv;Ecdyon_subm;Ecdyon_veno;Electr_ujhe;Elmis_sp_Ad;Elmis_sp_Lv;Empidi_sp;Enochr_affi_Ad;Enochr_quad_Ad;Epheme_dani;Epheme_vulg;Ephydr_sp;Erpobd_octo;Erpobd_test;Erpobd_viln;Fannii_sp;Ferris_cles;Galba_trun;Gammar_foss;Gammar_roes;Gerris_arge;Gerris_aspe;Gerris_lacu;Gerris_odon;Gerris_thor;Glossi_comp;Glossi_conc;Glypho_pell;Goera_pilo;Gomphu_vulg;Gyraul_albu;Gyrinu_coly_Ad;Gyrinu_coly_Lv;Gyrinu_dist_Ad;Gyrinu_subs_Ad;Gyrinu_subs_Lv;Habrol_conf;Habrop_fusc;Habrop_laut;Haemop_eleg;Haemop_sang;Halesu_digi;Halipl_fluv_Lv;Halipl_line_Ad;Halipl_line_Lv;Halipl_sp_Lv;Helobd_stag;Heloch_obsc_Ad;Heloph_minu_Ad;Heloph_mont_Ad;Heloph_nubi_Ad;Heloph_sp_Ad;Hesper_linn;Hirudo_verb;Hydati_gram_Lv;Hydrae_sp_Ad;Hydrae_sp_Lv;Hydrob_fusc_Ad;Hydroc_flav_Ad;Hydrom_grac;Hydrom_stag;Hydrop_disc_Ad;Hydrop_fusc_Ad;Hydrop_plan_Ad;Hydrop_sp_Lv;Hydrop_angu;Hydrop_fulv;Hydrop_saxo;Hydrop_sp;Ilybiu_chal;Ilybiu_fuli_Ad;Ilybiu_fuli_Lv;Ironoq_dubi;Ischnu_eleg;Isoper_sp;Laccob_bipu_Ad;Laccob_bipu_Lv;Laccob_minu_Ad;Laccob_minu_Lv;Laccop_minu_Ad;Leuctr_sp;Libell_depr;Libell_quad;Limneb_sp_Ad;Limnep_extr;Limnep_luna;Limnep_rhom;Limniu_sp_Ad;Limniu_sp_Lv;Limoni_sp;Liopte_ hae_Ad;Lithax_obsc;Lype_redu;Metrel_balc;Muscid_sp;Mystac_nigr;Nemour_sp;Nepa_cine;Niphar_hrab;Noteru_cras_Lv;Notido_cili;Notone_glau;Notone_meri;Notone_obli;Notone_viri;Ochthe_sp_Ad;Oligoc_sp;Oligos_reti;Onycho_forc;Orecto_vill_Ad;Orthet_albi;Orthet_brun;Orthet_canc;Orthet_coer;Osmylu_fulv;Oxylom_eleg;Parale_subm;Parale_wern;Pedici_sp;Peltod_caes_Ad;Peltod_caes_Lv;Philop_mont;Physel_acut;Pisidi_sp;Platam_macu_Ad;Platam_macu_Lv;Platyc_penn;Plectr_cons;Pomati_subs_Ad;Pomati_subs_Lv;Potamo_nigr;Potamo_rotu;Potamo_anti;Proclo_bifi;Psephe_sp_Lv;Psycho_sp;Ptycho_sp;Pyrrho_nymp;Radix_balt;Ranatr_line;Rhagio_sp;Rhyaco_dors;Rhyaco_fasc;Riolus_sp_Ad;Riolus_sp_Lv;Scarod_hale_Ad;Scatop_sp;Sciomy_sp;Scirti_sp_Lv;Sialis_fuli;Sialis_luta;Sialis_mori;Sigara_fall;Sigara_limi;Sigara_nigr;Sigara_stri;Simuli_sp;Siphlo_aest;Siphlo_arma;Somato_flav;Somato_meri;Sperch_emar_Lv;Stenop_perm;Strati_sp;Succin_putr;Succin_oblo;Synaga_sp;Synure_ambu;Syrphi_sp;Tabani_sp;Tinode_pall;Tinode_unic;Tipuli_sp;Turbel_sp;Unio_cras;Velia_capr;Velia_saul;Vivipa_acer;Wormal_occi
1;2018;AU;2018_AU;1;5.333333333;0;0;0;0;0;0;0;0;0;0;0;0;0;0;0;0;0;0;0;4;0;0;0;0;0;0;4;14.66666667;0;0;0;31.81666667;6.85;0;1.333333333;0;0;0;0;190.6666667;1.333333333;0;0;0;0;0;0;0;0;0;0;0;0;0;2.666666667;0;0;0;0;0;0;4;0;0;0;0;0;0;0;0;0;0;0;0;0;0;13.33333333;0;47.04088976;152.9591102;0;0;5.333333333;0;0;0;0;0;0;0;0;0;0;0;0;0;0;0;0;0;0;0;0;0;0;0;0;0;0;0;0;0;0;0;0;8;0;0;0;0;0;0;0;0;0;0;0;0;0;0;0;0;0;0;0;0;0;1.333333333;0;0;0;0;0;0;0;0;0;0;0;14.66666667;0;0;0;0;0;2.666666667;0;0;0;0;0;0;0;0;0;0;0;0;0;0;0;0;0;0;0;0;0;0;0;0;0;0;34.66666667;0;2.666666667;0;21.33333333;0;0;0;0;0;0;0;0;0;0;0;0;0;0;0;0;0;0;0;0;0;1.333333333;0;0;0;0;0;0;0;0;0;0;0;0;0;0;0;22.66666667;0;0;0;0;0;0;0;0;0;0;0;0;0;0
1;2019;WI;2019_WI;2;33.33333333;0;0;0;0;0;0;0;0;0;0;0;0;0.592592593;0;0;0;0;0;0;0;0;10.66666667;0;0;0;0;0;16;0;0;0;20;4;0;0;52;0;0;0;1784;5.333333333;0;0;0;0;0;0;0;0;0;0;0;0;9.333333333;0;0;0;0;0;0;0;0;0;0;0;0;0;0;0;0;0;0;0;0;0;0;0;0;55.39156035;389.941773;0;0;0;0;0;0;0;4.296296296;0;0;0;0;0;0;0;0;0;0;0;0;0;0.098765432;0;0;0;0;0;0;0;0;0;0;0;0;0;0;0;0;0;0;0;0;0;0;0;0;0;0;0;0;0;0;0;0;0;0;0;0;0;0;0;0;0;0;0;1.62962963;1.432098765;0;0;28;0;0;0;0;0;0;1.333333333;0;0;0;0;1.333333333;0;0;0;0;0;0;0;0;0;0;0;0;0;0;1.333333333;0;17.33333333;0;0;0;46.66666667;8;0;41.33333333;20;0;0;0;0;14.61728395;0;0;0;2.666666667;0;0;1.333333333;0;0;0;0;0;0;0;0;0;0;0;0;0;0;0;0;0;9.333333333;0;0;0;1.333333333;0;0;0;8;0;0;14.66666667;0;0;0;0;0;0;0;0;0;0;0
1;2019;SP;2019_SP;3;9.333333333;0;0;0;0;0;0;0;0;0;0;0;0;8;0;0;0;0;0;2.666666667;0;0;5.333333333;0;0;5.90990991;0.144144144;0.432432432;12.18018018;0;0;0;38.66666667;0;0;0;49.33333333;0;0;0;574.6666667;0;0;0;0;0;0;0;0;0;0;0;0;0;18.66666667;0;0;0;0;0;0;0;1.333333333;0;0;1.333333333;9.333333333;0;0;0;0;0;0;0;0;0;0;0;0;81.33333333;201.3333333;0;0;0;0;0;0;0;0;0;1.333333333;0;0;0;0;0;0;0;8;0;0;0;1.333333333;0;0;0;0;0;0;0;0;0;0;0;0;0;0;0;0;0;0;0;0;0;0;0;1.333333333;0;0;12;0;0;0;0;0;0;0;0;0;0;0;0;0;0;0;0;2.666666667;0;0;12;1.333333333;0;0;2.666666667;0;0;9.333333333;5.333333333;0;0;0;0;4;0;0;0;0;60;0;0;0;0;0;0;0;0;0;0;0;0;0;0;0;12;0;0;0;18.66666667;0;0;0;0;4;0;0;0;0;0;0;0;0;0;0;0;2.666666667;0;0;0;0;0;0;0;0;0;0;0;0;0;0;0;0;0;0;0;0;1.333333333;0;0;0;0;0;0;0;0;0;0;0;0;0;0
1;2019;SU;2019_SU;4;1.333333333;0;0;0;0;0;0;0;0;0;0;0;0;0;0;6.666666667;0;0;0;5.333333333;0;0;1.333333333;0;0;0;1.333333333;0;0;0;0;0;22.66666667;0;0;0;0;0;0;0;96;2.666666667;0;0;0;0;0;0;0;0;0;0;0;0;1.333333333;0;0;0;0;0;0;0;0;0;0;0;0;0;0;0;0;0;0;0;0;0;0;0;0;17.19201832;488.141315;0;0;0;1.333333333;0;0;0;0;0;0;0;0;0;0;0;0;0;0;0;0;0;0;0;0;0;0;2.666666667;0;0;0;0;0;0;0;0;0;0;0;0;0;0;0;0;0;0;1.333333333;0;0;0;0;0;0;0;0;0;1.333333333;0;0;0;0;0;0;0;0;0;0;0;1.333333333;0;4;0;0;0;0;0;21.33333333;0;0;0;0;0;4;0;0;1.333333333;0;16;0;0;2.666666667;0;0;0;0;0;0;0;0;0;0;0;0;4;2.666666667;4;0;28;0;0;0;0;0;4;0;0;0;0;0;1.333333333;0;0;0;0;0;0;0;0;0;0;0;0;0;0;0;0;0;0;0;0;0;0;0;0;0;0;0;0;0;0;0;0;0;0;0;1.333333333;0;0;0;0
1;2020;SU;2020_SU;5;0;1.6;0;0;0;0;0;0;0;0;0;0;0;0;0;0;0;0;0;1.6;18.35294118;1.505882353;0;1.6;0;0;0;0;0;0;0;0;3.2;0;0;0;0;0;0;0;235.2;1.6;0;0;0;0;0;0;0;0;0;0;0;0;1.6;0;0;0;0;0;0;0;0;0;0;0;0;0;0;0;0;0;0;0;0;0;0;0;0;0;150.4;0;0;18.54117647;0;0;0;0;0;0;0;0;0;0;0;0;0;0;0;0;0;0;0;0;0;0;0;3.2;1.6;0;0;0;0;0;0;0;0;0;0;0;0;0;0;0;0;0;0;0;0;0;0;0;0;0;0;0;0;0;0;0;0;0;0;0;0;0;0;0;0;0;0;0;0;0;0;0;48;0;0;0;0;0;0;0;0;0;0;224;0;0;0;0;0;0;0;0;0;0;0;0;0;0;0;0;0;0;1.6;0;0;0;0;0;0;0;0;0;0;0;0;1.6;0;0;0;0;0;0;0;0;0;0;0;0;0;1.6;0;0;0;0;0;0;0;0;0;0;0;0;0;0;0;0;0;0;0;0;0;1.6;0;0;0;0
1;2020;AU;2020_AU;6;8;0;0;0;0;0;0;0;0;0;0;0;0;1.6;0;0;0;0;0;0;6.4;0;3.2;0;0;0;0;0;8;0;0;0;11.2;4.8;0;0;0;0;0;0;44.8;4.8;0;0;0;0;0;0;0;0;0;0;0;0;3.2;0;0;0;0;0;0;0;0;0;0;1.6;0;0;0;0;0;0;0;0;0;0;0;0;0;3.2;131.2;0;0;1.6;0;0;0;0;0;0;0;0;0;0;0;0;0;0;0;0;0;0;0;0;0;0;0;19.2;0;0;0;0;0;0;0;0;0;0;0;0;0;0;0;0;0;0;0;0;0;0;0;0;0;0;3.2;0;0;0;0;0;0;0;0;0;0;0;0;0;0;0;0;0;0;0;0;0;0;0;0;0;0;0;0;0;0;0;0;0;0;0;0;0;0;0;0;0;0;0;0;0;0;0;0;1.6;0;3.2;1.6;20.8;0;0;0;0;0;3.2;0;0;0;0;0;0;0;0;0;0;0;0;0;0;0;0;0;0;0;0;0;0;0;0;0;0;0;0;0;0;0;0;0;0;0;0;0;0;0;0;0;0;0;0;0;0
1;2021;WI;2021_WI;7;49.6;0;0;0;0;0;0;0;0;0;0;0;0;42.17931034;0;0;0;0;0;0;3.2;0;57.6;0;0;0;0;0;0;0;0;0;6.4;1.6;0;0;0;0;0;0;902.4;0;0;0;0;0;0;0;0;0;0;0;0;0;0;0;0;0;0;0;0;0;0;0;0;0;0;0;0;0;0;0;0;0;0;0;0;0;0;0;432;0;0;0;0;0;0;0;4.137931034;0;1.6;0;0;0;0;0;0;0;0;0;0;0;0;0;0;0;0;9.6;0;0;0;0;0;0;0;0;0;0;0;0;0;0;0;0;0;0;0;0;0;0;0;0;0;0;0;0;0;0;0;0;0;0;0;0;0;0;3.282758621;0;0;0;0;0;0;0;0;0;0;3.2;0;0;0;0;0;0;0;0;0;697.6;0;0;0;0;0;0;0;0;0;0;0;1.6;0;0;0;3.2;0;4.8;0;6.4;0;0;0;0;0;0;0;0;0;0;0;1.6;0;0;0;0;0;0;0;0;0;0;0;0;1.6;0;0;0;0;0;0;0;0;0;0;0;0;0;0;0;0;0;0;0;0;0;0;0;0;0;0;0
1;2021;SP;2021_SP;8;24;0;0;0;0;0;0;0;0;0;0;0;0;57.6;0;0;0;0;0;0;0;1.6;35.2;0;0;0;0;0;14.4;0;0;0;14.03076923;8.369230769;0;0;22.4;0;0;0;936;0;0;0;0;0;0;0;0;0;0;0;0;0;6.4;0;0;0;0;0;0;0;0;0;0;0;0;0;0;0;0;0;0;0;0;0;0;1.6;0;0;438.4;0;0;1.6;0;0;0;0;0;0;1.6;1.6;0;0;0;0;0;0;4.8;0;0;0;0;0;0;0;0;11.2;0;0;0;0;0;0;0;0;0;0;0;0;0;0;0;0;0;0;0;0;0;0;0;0;0;1.6;1.6;0;0;0;0;0;0;0;0;0;0;0;11.2;0;0;0;0;0;0;0;0;0;1.6;3.2;0;0;0;0;0;0;0;0;0;411.2;0;0;0;0;0;0;0;0;0;0;0;0;0;0;0;22.4;3.2;0;0;84.8;0;0;0;0;0;6.4;0;0;0;0;0;0;0;0;0;0;0;0;0;0;0;0;0;0;0;0;0;0;0;0;0;0;0;0;0;0;0;0;0;0;0;1.6;6.4;0;0;0;0;3.2;0;0;0;0
1;2021;SU;2021_SU;9;3.2;0;0;0;0;0;0;0;0;0;0;0;0;1.6;0;0;0;0;0;0;0;0;16;0;0;0;0;0;0;0;0;0;0;0;0;0;0;0;0;0;30.4;40;0;0;0;0;0;0;0;3.2;0;0;0;0;0;0;0;0;0;0;0;0;0;0;0;0;0;0;0;0;0;0;0;0;0;0;0;3.2;0;0;182.4;0;0;0;0;0;0;0;0;0;0;0;0;0;0;0;0;0;0;0;0;0;0;0;0;0;0;0;0;0;0;0;0;0;0;0;0;0;0;0;0;1.6;0;0;0;0;0;0;0;0;0;0;0;0;0;0;0;0;0;0;0;0;0;0;0;0;0;0;0;0;0;0;0;0;0;0;0;0;0;0;0;0;1.6;0;0;0;0;451.2;0;0;0;0;0;0;0;0;0;0;0;0;0;0;0;20.8;0;4.8;0;9.6;0;0;0;0;0;6.4;0;0;0;0;0;0;0;0;0;0;0;0;0;0;0;0;0;0;0;0;0;0;0;0;0;0;0;0;0;0;0;0;0;0;0;0;0;0;0;0;0;1.6;0;0;0;0
1;2021;AU;2021_AU;10;0;0;0;0;0;0;0;0;0;0;0;0;0;0;0;0;0;0;0;0;0;0;28.8;0;0;0;0;0;0;0;0;0;0;0;0;0;0;0;0;0;11.2;0;0;0;0;0;0;0;0;0;0;0;0;0;1.6;0;0;0;0;0;0;0;0;0;0;0;0;0;0;0;0;0;0;0;0;0;0;0;0;1.6;43.2;0;0;4.8;0;0;0;0;0;0;0;0;0;0;0;0;0;0;0;0;0;0;0;0;0;0;0;0;0;0;0;0;0;0;0;0;0;0;0;0;0;0;0;0;0;0;0;0;0;0;0;0;0;0;3.2;0;0;0;0;0;0;0;0;0;0;0;0;0;0;0;1.6;0;0;0;0;0;0;0;0;0;0;0;1.6;0;0;0;0;84.8;0;0;0;0;0;0;0;0;0;0;0;0;0;0;0;1.6;0;0;0;4.8;0;0;0;0;0;0;0;0;0;0;0;0;0;0;0;0;0;0;0;0;0;0;0;0;0;0;0;0;0;0;0;0;0;0;0;0;0;0;0;0;0;0;0;0;0;0;0;0;0;0;0;0
1;2022;WI;2022_WI;11;0;0;0;0;0;0;0;0;0;0;0;0;0;0;0;0;0;0;0;0;0;0;179.2;0;0;0;0;0;0;0;0;0;0;0;1.6;0;0;0;0;0;460.8;0;0;0;0;0;0;0;0;0;0;0;0;0;1.6;0;0;0;0;0;0;0;0;0;0;0;0;0;0;0;0;0;0;0;0;0;0;0;0;0;41.6;0;0;0;0;0;0;0;6.4;0;0;1.6;0;0;0;0;0;0;0;0;0;0;0;0;0;0;0;1.6;0;0;0;0;0;0;0;0;0;0;0;0;0;0;0;0;0;0;0;0;0;0;0;0;0;0;1.6;0;0;0;0;0;0;0;0;0;0;0;0;0;0;0;6.4;0;0;0;0;0;0;3.2;0;0;0;0;0;0;0;0;0;560;0;0;0;0;0;0;0;0;0;0;0;0;0;0;0;4.8;0;0;1.6;6.4;0;0;0;0;0;0;0;0;3.2;0;0;0;0;0;0;0;0;0;0;0;0;0;0;0;0;0;0;0;0;0;0;0;0;0;0;0;1.6;0;0;0;20.8;0;0;0;0;0;0;0;0;0;0;0
1;2022;SP;2022_SP;12;0;0;0;0;0;0;0;0;0;0;0;0;0;280;0;0;0;0;0;0;0;0;172.8;0;0;0;0;0;0;0;0;0;0;0;0;0;0;0;0;0;195.2;0;0;0;0;0;0;0;0;0;0;0;0;0;0;0;0;0;0;0;0;3.2;0;0;0;0;0;0;0;0;0;0;0;0;0;0;0;0;0;3.2;329.6;0;0;0;0;0;0;0;0;0;0;0;0;0;0;0;1.6;0;1.6;0;0;0;4.8;0;0;0;0;0;0;0;0;0;0;0;0;0;0;0;0;0;0;0;0;0;0;0;0;0;0;0;0;0;0;0;1.6;0;0;0;0;0;0;0;0;0;0;0;0;0;0;0;0;0;0;0;0;0;0;0;0;0;0;0;4.8;0;0;0;0;164.8;0;0;0;0;0;0;0;0;0;0;0;0;0;0;0;28.8;0;0;0;1.6;0;0;0;0;0;3.2;0;0;0;0;0;0;0;0;0;0;0;0;0;0;0;3.2;0;0;0;0;0;0;0;0;0;0;0;0;0;0;0;0;0;0;19.2;0;0;0;0;0;0;0;0;0;0;0
1;2022;SU;2022_SU;13;0;0;0;0;0;0;0;0;0;0;0;0;0;43.2;0;0;0;0;0;0;0;0;284.8;0;0;0;0;0;0;0;0;0;0;0;0;0;0;0;0;0;500.8;51.2;0;0;0;0;0;0;0;0;0;0;0;0;0;0;0;0;0;0;0;0;0;0;0;0;0;0;0;0;0;0;0;0;0;0;0;1.6;0;0;323.2;0;0;11.2;0;0;0;0;0;0;0;0;0;0;0;0;0;0;0;0;0;0;0;0;0;0;0;6.4;0;0;0;0;0;0;0;0;0;0;0;0;0;0;0;0;0;0;0;0;0;0;0;0;0;0;0;0;0;0;0;0;0;0;0;0;0;0;0;0;0;0;1.6;0;0;0;0;0;0;0;1.6;0;0;0;0;0;0;0;0;204.8;0;0;0;0;0;0;0;0;0;0;0;0;0;0;0;52.8;1.6;0;0;11.2;0;0;0;0;0;0;0;0;0;0;0;0;0;0;0;0;0;0;0;0;0;0;0;0;27.2;0;0;0;0;0;0;0;0;1.6;0;0;0;0;0;0;0;0;0;0;0;0;0;0;0;0;0;0
1;2022;AU;2022_AU;14;9.6;0;0;0;0;0;0;0;0;0;0;0;0;0;0;0;0;0;0;0;0;0;188.8;0;0;0;0;0;0;0;0;0;0;0;0;0;0;0;0;0;614.4;0;0;0;0;0;0;0;0;0;0;0;0;0;0;0;0;0;0;0;0;0;0;0;0;0;0;0;0;0;0;0;0;0;0;0;0;0;0;0;88;0;0;6.4;0;0;0;0;4.8;0;0;0;0;0;0;0;0;0;0;0;0;0;0;0;0;0;0;0;0;0;0;0;0;0;0;0;0;0;0;0;0;0;0;0;0;0;0;0;0;0;0;0;0;0;0;0;0;0;0;0;0;0;0;0;0;0;0;0;0;0;0;0;0;0;0;0;0;0;0;0;0;0;0;0;0;0;0;52.8;0;0;0;0;0;0;0;0;0;0;0;0;0;0;0;52.8;0;0;0;9.6;0;0;0;0;0;1.6;0;0;0;0;0;0;0;0;0;0;0;0;0;0;0;0;0;0;17.6;0;0;0;0;0;0;0;0;0;0;0;1.6;0;0;0;24;0;0;0;0;0;0;0;0;0;0;0
1;2023;WI;2023_WI;15;0;0;0;0;0;1.6;0;0;0;0;0;0;0;14.56;0;0;0;0;0;0;0;0;68.8;0;0;0;0;0;0;0;0;0;0;0;0;0;3.2;0;0;0;534.4;0;0;0;0;0;0;0;0;0;0;0;0;0;0;0;0;0;0;0;0;0;0;0;0;0;0;0;0;0;0;0;0;0;0;0;0;0;0;0;59.2;0;0;0;0;0;0;0;13.54666667;0;1.6;0;0;0;0;0;0;0;0;0;0;0;0;0;0;0;0;1.6;0;0;0;0;0;0;0;0;0;0;0;0;0;0;0;0;0;0;0;0;0;0;0;0;0;0;0;1.6;0;0;0;0;0;0;0;0;0;0;0;0;0;0;4.8;0;0;0;0;0;0;32;0;0;0;0;0;0;0;0;0;68.8;0;0;0;0;0;0;0;0;0;0;0;0;0;0;0;12.8;0;0;0;0;0;0;0;0;0;3.2;0;0;0;0;0;1.6;0;0;0;0;0;0;0;0;0;0;0;0;6.4;0;0;0;0;0;1.6;0;0;0;0;2.293333333;4.8;0;0;0;17.6;0;0;0;0;1.6;0;3.2;0;0;0;0
1;2023;SP;2023_SP;16;1.6;0;0;0;0;0;0;0;0;0;0;0;0;33.6;0;0;0;0;0;0;0;0;1.6;0;0;0;0;0;1.6;0;0;0;0;0;0;0;1.6;0;0;0;83.2;0;0;0;0;0;0;0;0;0;0;0;0;0;0;0;0;0;0;0;0;0;0;0;0;0;0;0;0;0;0;0;0;0;0;0;0;0;0;1.6;182.4;0;0;0;0;0;0;0;0;0;0;0;0;0;0;0;0;0;0;0;0;0;0;0;0;0;0;0;0;0;0;0;0;0;0;0;0;0;0;0;0;0;0;0;0;0;0;0;0;0;0;0;0;0;0;0;0;0;0;0;0;0;0;0;0;0;0;0;0;0;0;0;0;0;0;0;0;0;0;0;0;0;0;0;0;0;0;99.2;0;0;0;0;0;0;0;0;0;0;0;0;0;0;0;9.6;1.6;1.6;0;0;0;0;0;0;0;17.6;0;0;0;0;0;0;0;0;0;0;0;0;0;0;0;0;0;0;1.6;0;0;0;0;0;0;0;0;0;0;0;0;0;0;0;0;0;0;0;0;0;0;3.2;0;0;3.2;0
2;2018;AU;2018_AU;1;0;0;0;0;0;0;0;0;0;0;0;0;0;0;0;0;0;0;0;0;0;0;0;0;0;0;0;1.333333333;1.333333333;0;0;0;9.333333333;6.666666667;0;0;0;0;0;0;201.3333333;0;0;0;0;0;0;0;0;0;0;0;0;0;0;0;0;0;0;0;0;0;9.333333333;0;0;1.333333333;9.333333333;0;0;0;8;0;0;0;0;0;0;0;0;241.9036996;98.09630043;0;0;0;0;0;0;0;0;0;5.333333333;0;0;0;0;0;0;0;0;0;0;0;0;0;0;0;0;0;0;0;0;0;0;0;0;0;0;0;0;0;0;0;0;0;0;0;0.070175439;0.421052632;2.175438596;0;0;0;0;0;0;0;0;0;0;0;0;0;0;0;0;0;0;0;0;0;0;0;0;0;0;0;0;0;0;0;0;0;0;0;0;0;0;0;0;0;0;0;0;0;0;0;1.333333333;0;0;0;0;0;0;0;1.333333333;4;0;4;0;0;0;0;0;0;2.666666667;0;0;0;0;0;0;0;0;0;0;2.666666667;0;0;0;0;0;0;0;0;0;0;0;8;0;0;0;0;0;0;0;0;0;0;0;0;14.66666667;0;0;0;0;0;0;0;0;0
2;2019;WI;2019_WI;2;0;0;0;0;0;0;0;0;0;0;0;0;0;0;0;0;0;0;0;0;0;0;1.333333333;0;0;0;0;24;9.333333333;0;0;0;0;0;4;0;0;0;0;0;308;0;0;0;0;0;0;0;0;0;0;0;0;0;0;22.66666667;0;0;0;0;0;0;1.333333333;0;0;1.333333333;16;0;0;0;0;0;0;0;0;0;0;0;0;235.8899424;45.44339096;0;0;0;0;0;0;0;0;0;0;0;0;0;0;0;0;0;0;0;0;0;0;0;0;0;0;0;0;0;0;0;0;0;0;0;0;0;0;0;0;0;0;0;0;0;0.245614035;1.473684211;44.94736842;0;0;0;0;0;0;0;0;0;0;0;0;0;0;0;0;0;0;0;0;1.333333333;0;0;0;0;0;0;0;1.333333333;0;0;0;0;0;0;0;0;0;0;0;0;0;0;0;0;0;0;0;0;0;8;0;0;0;0;1.333333333;0;0;0;0;0;0;0;1.333333333;0;0;0;0;0;0;0;0;0;1.333333333;1.333333333;0;0;0;0;0;0;0;0;0;0;0;0;0;41.33333333;0;0;0;0;0;0;1.333333333;0;0;0;0;0;1.333333333;0;0;0;0;0;0;0;0;0
2;2019;SP;2019_SP;3;0;0;0;0;0;0;0;0;0;0;0;0;0;2.666666667;0;0;0;0;0;0;0;0;0;0;0;0;0;214.7008547;375.965812;0;0;0;0;0;0;0;0;0;0;0;860;0;0;0;0;0;0;0;0;0;0;0;0;0;5.333333333;0;0;0;0;0;0;0;6.666666667;0;1.333333333;37.33333333;57.33333333;0;0;0;0;0;0;0;0;0;0;0;0;695.5047407;400.4952593;0;0;0;0;0;0;0;0;0;0;0;0;0;0;0;0;0;0;0;0;0;0;0;0;0;0;0;0;0;0;0;0;0;0;0;0;0;0;0;0;0;0;0;0;0;2.771929825;0.631578947;48.59649123;68;0;0;0;0;0;1.333333333;0;0;0;0;0;0;0;0;0;0;0;0;1.333333333;49.33333333;12;0;0;0;0;0;0;0;0;0;0;0;0;0;0;0;0;6.666666667;0;0;0;0;0;0;0;0;0;0;0;0;0;0;0;0;0;0;0;0;0;0;0;0;0;0;0;0;0;0;0;0;0;0;0.666666667;7.333333333;4;0;0;0;0;0;0;0;0;0;0;0;0;164;0;0;0;0;0;0;0;0;0;0;0;0;8;0;0;0;0;0;0;0;0;0
2;2019;SU;2019_SU;4;0;0;0;0;0;0;0;0;0;0;0;0;0;0;0;0;0;0;0;0;0;0;0;0;0;0;0;0;8;0;0;0;0;2.666666667;0;0;0;0;0;0;56;2.666666667;0;0;0;0;0;0;0;0;0;0;0;0;4;1.333333333;0;0;0;0;0;0;4;0;4;4;2.666666667;0;0;0;0;0;0;0;0;0;0;0;0;37.84867076;718.1513292;0;0;0;0;0;0;0;0;0;0;0;0;0;0;0;0;0;0;0;0;0;0;0;0;0;0;0;0;0;0;0;0;0;0;0;0;0;0;0;0;0;0;0;0;0;0.280701754;17.68421053;8.701754386;2.666666667;0;0;0;0;0;0;0;0;0;0;0;0;0;0;0;0;0;0;0;1.333333333;0;0;0;0;0;0;0;0;1.333333333;0;0;0;0;0;0;0;0;8;0;0;0;0;0;0;0;0;0;0;0;0;0;0;0;0;0;0;0;2.666666667;0;0;0;0;0;0;4;0;0;0;0;1.333333333;1.333333333;0;0;1.333333333;0;0;0;0;0;0;0;0;0;0;0;0;0;0;0;0;0;0;0;0;0;0;0;0;0;0;5.333333333;0;0;0;0;0;0;0;0;0
2;2020;SU;2020_SU;5;0;0;0;0;0;0;0;0;0;0;0;0;0;4.8;0;0;0;0;0;0;1.6;0;0;0;0;0;0;0;0;0;0;0;0;0;0;0;0;0;0;0;915.2;0;0;0;0;0;0;0;0;0;0;0;0;0;0;0;0;0;0;0;0;0;0;0;0;0;0;0;0;0;0;0;0;0;0;0;0;0;0;0;10425.6;0;0;0;0;0;0;0;0;0;0;0;0;0;0;0;0;0;0;0;0;0;0;0;0;0;0;0;0;0;0;0;0;0;0;0;0;0;0;0;0;0;0;0;0;0;0;0;0;0;0;0;0;0;0;0;0;0;0;0;0;0;0;0;0;0;0;0;0;0;0;0;0;0;0;0;0;0;0;0;0;0;0;0;0;0;0;36.8;0;0;0;0;0;0;0;0;0;0;0;0;0;0;0;0;0;0;0;0;0;0;0;0;0;17.6;0;0;0;0;0;0;0;0;0;0;0;0;0;0;0;0;0;0;0;0;0;0;0;0;0;0;0;0;0;0;0;0;0;0;0;0;0;0;0;0;0;1.6;0;0;0;0
2;2020;AU;2020_AU;6;0;0;0;0;0;6.4;0;0;0;0;0;0;0;0;0;0;0;0;0;0;1.6;0;0;0;0;1.6;0;0;84.8;0;0;0;0;1.6;0;0;0;0;0;0;35.2;0;0;0;0;0;0;0;0;0;0;0;0;0;0;0;0;0;0;0;0;0;62.4;0;0;0;67.2;0;0;0;0;12.8;0;0;0;0;0;0;0;1195.2;400;0;0;0;0;0;0;0;0;0;4.8;0;0;0;0;0;1.6;0;0;0;0;0;0;0;0;0;0;0;0;0;0;0;0;1.6;0;0;1.6;0;0;0;0;0;0;0;0;0;0;0;84.8;0;0;0;0;0;0;0;0;0;0;0;0;0;0;0;0;0;0;0;0;1.6;0;0;0;0;0;0;0;0;0;0;0;0;0;0;0;0;0;0;0;1.6;0;0;0;0;0;0;0;22.4;0;0;0;0;0;0;28.8;0;11.2;0;0;1.6;0;0;0;0;0;0;0;0;0;1.6;0;0;0;1.6;0;0;0;0;0;0;0;0;0;0;0;0;0;0;0;0;0;0;0;0;0;0;0;0;0;0;17.6;0;0;0;0;1.6;0;0;0;0
2;2021;WI;2021_WI;7;0;0;0;0;0;0;0;0;0;0;0;0;0;2.215384615;0;0;0;0;0;0;0;0;0;0;0;0.013043478;0;0;4.786956522;0;0;0;0;0;49.6;0;8;0;0;0;120;0;0;0;0;0;0;0;0;0;0;0;0;0;0;0;0;0;0;0;0;0;6.4;0;0;1.6;12.8;0;0;0;0;0;0;0;0;0;0;0;1.6;518.4;352;0;0;0;0;0;0;0;0;0;0;0;0;0;0;0;0;0;0;0;0;0;0;0;0;0;0;0;0;0;0;0;0;0;0;0;0;0;0;0;0;0;0;0;0;0;0;0;4.8;0;0;0;0;0;0;1.6;0;0;0;0;0;0;0;0;0;0;1.846153846;0;0;1.6;6.4;0;1.6;0;0;0;0;0;0;0;0;0;0;0;0;0;0;108.8;0;1.6;0;0;0;0;0;0;0;0;0;0;0;0;0;0;60.8;0;0;1.6;0;0;4.8;0;3.938461538;0;0;0;3.2;0;0;1.6;0;0;0;1.6;0;0;0;0;0;0;0;0;0;0;0;0;0;4.8;0;0;0;0;0;0;20.8;0;0;0;0;0;3.2;0;0;0;0;1.6;0;0;0;0
2;2021;SP;2021_SP;8;0;0;0;0;0;0;0;0;0;0;0;0;0;7.138461538;0;0;0;0;0;0;0;0;6.4;0;0;0;0;0;502.4;0;0;0;4.8;0;0;0;0;0;0;0;1664;0;0;0;0;0;0;0;0;0;0;0;0;0;0;0;0;0;0;0;0;0;4.8;0;11.2;1.6;89.6;0;0;0;0;0;0;0;0;0;0;0;0;460.8;620.8;0;0;0;0;0;0;0;0;0;0;0;0;0;0;0;0;0;0;0;0;0;0;0;0;0;0;0;0;0;0;0;0;0;0;0;0;0;0;0;0;0;0;0;0;0;0;0;4.8;0;0;0;0;0;0;3.2;0;0;0;0;0;0;0;0;0;0;8.615384615;0;0;3.2;0;1.6;1.6;0;0;0;0;1.6;0;0;0;0;0;0;0;0;0;144;0;4.8;0;0;0;0;0;0;0;0;0;6.4;0;0;0;0;11.2;0;0;0;0;0;4.8;0;0.246153846;1.6;0;0;0;0;0;4.8;0;0;0;0;0;0;0;0;0;0;0;0;0;0;0;0;0;729.6;0;0;0;0;0;0;3.2;0;0;0;0;0;17.6;0;0;0;0;0;0;0;0;0
2;2021;SU;2021_SU;9;0;0;0;0;0;0;0;0;0;0;0;0;0;3.2;0;0;0;0;0;0;14.4;0;0;1.6;0;0;0;0;0;0;0;0;0;0;0;0;0;0;0;0;107.2;0;0;0;0;0;0;0;0;0;0;0;0;0;0;0;0;0;0;0;0;0;3.2;0;0;0;8;0;0;0;0;1.6;0;0;0;0;0;0;0;128;1638.4;0;0;0;0;0;0;0;0;0;1.6;0;0;0;0;0;0;0;0;0;0;0;0;0;0;0;0;0;0;0;0;0;0;0;0;0;0;0;0;0;0;0;0;0;0;0;0;0;1.6;0;0;0;0;0;0;0;0;0;0;0;0;0;0;0;0;0;0;0;0;1.6;0;0;0;0;0;0;0;0;0;0;0;0;0;0;0;0;0;57.6;0;24;0;0;0;0;0;0;0;0;0;0;0;0;0;0;12.8;0;0;0;0;0;0;0;0;3.2;0;0;0;0;0;1.6;1.6;0;0;0;0;1.6;0;0;0;0;0;0;0;0;0;0;0;0;0;0;0;0;0;0;0;0;0;0;0;0;6.4;0;0;0;0;3.2;0;0;0;0
2;2021;AU;2021_AU;10;0;0;0;0;0;12.8;0;0;0;0;0;0;0;0;0;0;0;0;0;0;9.6;0;0;1.6;0;16.17777778;0;0.355555556;23.46666667;0;0;0;0;1.6;0;0;1.6;0;0;0;25.6;0;0;0;0;0;0;0;0;0;0;0;0;0;0;1.6;0;0;0;0;0;0;1.6;0;1.6;6.4;118.4;0;0;0;3.2;0;0;0;0;0;0;0;0;115.2;320;0;0;0;0;0;0;0;0;0;3.2;0;0;0;0;0;0;0;0;0;0;0;0;0;0;0;0;0;0;0;0;0;0;0;0;0;0;0;0;0;0;0;0;0;0;0;0;0;46.4;0;0;0;0;0;0;0;0;0;0;0;0;0;0;0;0;0;0;0;0;25.6;0;0;3.2;0;0;0;0;0;0;0;0;0;0;0;0;0;0;140.8;0;17.6;0;0;0;0;0;0;0;6.4;0;0;0;0;0;0;142.4;0;0;0;0;0;0;0;0;8;0;0;0;0;0;1.6;0;0;0;0;1.6;6.4;0;0;0;0;0;0;0;0;0;0;0;0;0;0;0;0;0;0;9.6;0;0;0;0;0;20.8;0;0;6.4;0;8;0;0;0;0
2;2022;WI;2022_WI;11;0;0;0;0;0;0;0;0;0;0;0;0;0;11.52;0;0;0;0;0;0;0;0;3.2;0;0;0;0;3.2;3.2;0;0;0;0;0;12.8;0;11.2;0;0;0;337.6;0;0;0;0;0;0;0;0;0;0;0;0;0;0;0;0;0;0;0;0;0;4.8;0;0;1.6;25.6;0;0;0;0;3.2;0;0;0;0;0;0;0;25.6;390.4;0;0;0;0;0;0;0;0;0;0;0;0;0;0;0;0;0;0;0;0;0;0.411428571;0;0;0;0;0;0;0;0;0;0;0;0;0;0;0;0;0;0;0;0;0;0;0;0;0;1.6;1.6;0;0;0;0;0;0;0;0;0;0;0;0;0;0;0;0;0.822857143;0;0;1.6;9.6;0;3.2;0;0;0;0;9.6;0;0;0;0;0;0;0;0;0;48;0;1.6;0;0;0;0;0;0;0;1.6;0;4.8;0;0;0;0;4.8;0;0;0;0;0;0;0;6.445714286;0;0;0;0;0;0;1.6;0;0;0;0;0;3.2;0;0;0;0;0;0;0;0;0;0;0;312;0;0;0;0;0;0;0;0;0;0;0;0;4.8;0;0;0;0;0;0;0;0;0
2;2022;SP;2022_SP;12;0;0;0;0;0;0;0;0;0;0;0;0;0;43.2;0;0;0;0;0;0;0;0;6.4;0;0;25.37777778;0;4.755555556;224.2666667;0;0;0;0;1.6;0;0;0;0;0;0;644.8;0;0;0;0;0;0;0;0;0;0;0;0;0;0;0;0;0;0;0;0;0;3.2;0;0;1.6;110.4;0;0;0;8;0;0;0;0;0;0;0;0;25.6;897.6;0;0;0;0;0;0;0;0;0;0;0;0;0;0;0;0;0;148.8;0;0;0;1.6;0;0;0;0;0;0;0;0;0;0;0;0;0;0;0;0;0;0;0;0;0;0;0;0;0;1.6;0;0;0;0;0;3.2;0;0;0;0;0;0;0;0;0;0;0;3.2;0;0;6.4;1.6;0;0;0;0;0;0;0;3.2;0;0;0;0;0;0;0;0;30.4;0;11.2;0;0;0;0;0;0;0;0;0;1.6;0;0;0;0;72;0;0;6.4;0;0;0;0;0;78.4;0;0;0;0;0;17.6;0;0;0;0;0;6.4;0;0;0;0;0;0;0;0;0;0;0;1612.8;0;0;0;0;0;0;0;0;0;0;0;0;67.2;0;0;0;0;0;0;0;0;0
2;2022;SU;2022_SU;13;0;0;0;0;0;0;0;0;0;0;0;0;0;1.6;0;0;0;0;0;0;14.4;0;0;6.4;0;0;0;0;0;0;0;0;0;0;0;0;0;0;0;0;337.6;0;0;0;0;0;0;0;0;0;0;0;0;0;0;0;0;0;0;0;0;0;1.6;0;3.2;0;6.4;0;0;0;1.6;0;0;0;0;0;0;0;0;40;985.6;0;0;0;0;0;0;0;0;0;4.8;0;0;0;0;0;0;0;0;0;0;0;0;0;0;0;0;0;0;0;0;0;0;0;0;0;0;0;0;0;0;0;0;0;0;0;0;0;0;0;0;0;0;0;0;0;0;0;0;0;0;0;0;0;0;0;0;0;0;0;0;0;1.6;0;0;0;0;0;0;0;0;0;0;0;0;0;0;64;0;19.2;0;0;0;0;0;0;0;0;0;0;0;0;0;0;32;0;0;0;0;0;0;0;1.6;137.6;0;0;0;1.6;0;1.6;0;0;0;0;0;0;0;0;0;0;0;0;4.8;0;0;0;0;0;0;0;0;0;0;0;0;0;0;0;0;0;0;0;0;0;0;3.2;0;0;0;0
2;2022;AU;2022_AU;14;0;0;0;0;0;4.8;0;0;0;0;0;0;0;0;0;0;0;0;0;0;6.4;0;6.4;0;0;0;0;16.0776699;17.5223301;0;0;0;0;1.6;0;0;1.6;0;0;0;68.8;0;0;0;0;0;0;0;0;0;0;0;0;0;0;1.6;0;0;0;0;0;0;6.4;0;0;0;11.2;0;0;0;21.33333333;1.066666667;0;0;0;0;0;0;0;12.8;454.4;0;0;0;0;0;0;0;0;0;4.8;0;0;0;0;0;0;0;0;0;0;0;0;0;0;0;0;0;0;0;0;0;0;0;0;0;0;0;0;0;0;0;0;0;0;0;0;0;1.6;0;0;0;0;0;0;0;0;0;0;0;0;0;0;0;0;0;0;0;0;3.2;1.6;0;0;0;0;0;0;0;0;0;0;0;0;0;0;0;0;33.6;0;3.2;0;0;0;0;0;0;0;20.8;0;0;0;0;0;0;19.2;3.2;0;0;0;0;0;0;0;172.8;0;0;0;0;0;1.6;0;0;0;0;0;0;0;0;0;0;0;0;0;0;0;0;0;0;0;0;0;0;0;0;0;0;0;0;0;0;8;0;0;3.2;0;3.2;0;0;0;0
2;2023;WI;2023_WI;15;0;0;0;0;0;1.6;0;0;0;0;0;0;0;7.573333333;0;0;0;0;0;0;0;0;0;0;0;0;0;0;0;0;0;0;0;0;0;0;0;0;0;0;129.6;0;0;0;0;0;0;0;0;0;0;0;0;0;0;0;0;0;0;0;0;0;0;0;0;0;9.6;0;0;0;0;0;0;0;0;0;0;0;0;48;592;0;0;0;0;0;0;0;2.346666667;0;0;0;0;0;0;0;0;0;0;0;0;0;0;0;0;0;0;0;0;0;0;0;0;0;0;0;0;0;0;0;0;0;0;0;0;0;0;0;1.6;0;0;0;0;0;0;1.6;0;0;0;0;0;0;0;0;0;0;0;0;0;0;3.2;0;1.6;0;0;0;0;124.8;0;0;0;0;0;0;0;0;0;19.2;0;3.2;0;1.6;0;0;0;0;0;0;0;1.6;0;0;0;0;1.6;0;0;3.2;0;0;0;0;7.04;113.6;0;0;0;0;0;4.8;0;0;0;0;0;1.6;0;0;0;0;0;0;0;0;0;0;0;112;0;0;0;0;0;7.04;0;0;0;0;0;0;3.2;0;1.6;3.2;0;1.6;0;0;0;0
2;2023;SP;2023_SP;16;0;0;0;0;0;0;0;0;0;0;0;0;0;11.2;0;0;0;0;0;0;0;0;6.4;0;0;0;0;0;150.4;0;0;0;0;0;0;0;6.4;0;0;0;251.2;0;0;0;0;0;0;0;0;0;0;0;0;0;0;0;0;0;0;0;0;0;3.2;0;4.8;0;20.8;0;0;0;0;1.6;0;0;0;0;0;0;0;76.8;1219.2;0;0;0;0;0;0;0;0;0;0;0;0;0;0;0;0;0;0;0;0;0;0;0;0;0;0;0;0;0;0;0;0;0;0;0;0;0;0;0;0;0;0;0;0;0;0;0;0;0;0;0;0;1.6;0;0;0;0;0;0;0;0;0;0;0;0;0;0;0;1.6;0;0;0;0;0;0;0;0;0;0;0;0;0;0;0;0;0;9.6;0;0;0;0;3.2;0;0;0;0;27.2;0;4.8;0;0;0;0;6.4;0;0;3.2;0;0;0;0;0;576;0;0;0;0;0;1.6;0;0;0;0;0;4.8;0;0;0;0;0;0;0;0;0;0;0;3734.4;0;0;0;0;0;0;0;0;0;0;0;0;3.2;0;0;1.6;0;1.6;0;0;0;0
3;2018;AU;2018_AU;1;0;0;0;0;0;0;0;0;0;0;0;0;0;0;0;0;0;0;0;0;2.666666667;0;5.333333333;0;0;32;0;0;32;0;0;0;2.666666667;10.66666667;0;0;0;0;0;0;53.33333333;0;0;0;0;0;0;0;0;0;0;0;0;0;1.333333333;0;0;0;0;0;0;0;10.66666667;0;5.333333333;81.33333333;257.3333333;0;0;0;4;0;0;0;0;0;0;0;0;512.5665219;150.1001447;0;0;0;0;0;0;0;0;1.333333333;9.333333333;0;0;0;0;0;0;0;0;0;0;0;0;0;0;0;0;0;0;0;0;0;0;0;0;0;18.66666667;0;0;0;0;0;0;0;0;0;11.92982456;2.947368421;39.78947368;4;0;0;0;0;0;0;0;0;0;0;0;0;0;0;0;0;0;0;4;6.666666667;0;0;0;0;0;0;1.333333333;0;0;0;0;0;0;0;0;0;0;0;0;4;0;0;0;0;0;0;0;4;0;0;0;0;0;0;2.666666667;0;0;0;0;1.333333333;0;0;5.333333333;2.666666667;1.333333333;4;0;0;0;1.333333333;0;0;0;1.333333333;96;97.33333333;0;0;0;0;0;0;0;0;0;0;0;10.66666667;0;0;0;0;0;0;0;0;0;0;0;0;17.33333333;0;0;0;0;8;0;0;0;0
3;2019;WI;2019_WI;2;0;0;0;0;0;0;0;0;0;0;0;0;0;0.296296296;0;0;0;0;0;0;0;0;0;0;0;0;0;12;0;0;0;0;0;0;8;0;57.33333333;0;0;0;669.3333333;0;0;0;0;0;0;0;0;0;0;0;0;0;0;0;0;0;0;0;0;0;22.66666667;0;0;0;68;0;0;0;1.333333333;0;0;0;0;0;0;0;0;318.32822;195.0051134;0;0;0;0;0;0;0;0;1.333333333;2.666666667;0;0;0;0;0;0;2.666666667;2.666666667;0;0;0;0;0;0;0;0;0;0;0;0;0;0;0;0;0;0;0;0;0;0;0;0;0;0;0;0.561403509;0.421052632;5.684210526;1.333333333;0;0;0;0;0;0;0;0;0;0;0;0;0;0;0;0;0;0;0;26.66666667;54.66666667;0;0;5.333333333;0;0;0;0;0;0;0;0;0;0;0;0;0;0;0;4;0;0;0;0;0;0;0;0;0;12;0;0;0;0;0;0;4;0;0;0;0;0;7.703703704;0;0;0;1.333333333;1.333333333;0;0;0;0;2.666666667;0;0;0;0;0;0;0;0;0;0;0;0;0;0;52;0;0;0;0;0;0;1.333333333;0;0;0;0;0;0;0;0;0;0;1.333333333;0;0;0;0
3;2019;SP;2019_SP;3;0;0;0;0;0;0;0;0;0;0;0;0;0;0;0;0;0;0;0;0;0;0;0;0;0;0;0;0;0;0;0;0;0;0;0;0;0;0;0;0;0;0;0;0;0;0;0;0;0;0;0;0;0;0;0;0;0;0;0;0;0;0;0;0;0;0;0;0;0;0;0;0;0;0;0;0;0;0;0;0;0;0;0;0;0;0;0;0;0;0;5.333333333;0;0;0;0;0;0;0;0;0;0;0;0;0;0;0;0;0;0;0;0;0;0;0;0;0;0;0;0;0;0;0;0;0;0;0;0;0;0;0;0;0;0;0;0;0;0;0;0;0;0;0;0;0;0;0;0;0;0;0;0;0;0;0;0;0;0;0;0;0;0;0;0;0;0;0;0;53.33333333;0;0;0;0;0;0;0;0;0;0;0;0;0;0;0;0;0;0;0;0;0;0;0;0;0;0;0;0;0;0;0;0;0;0;0;0;0;0;0;0;0;0;0;0;0;0;0;0;0;0;0;0;0;0;0;0;0;0;0;0;0;0;0;0;0;0;0;0;0;0;0;0
3;2019;SU;2019_SU;4;0;0;0;0;0;0;0;0;0;0;0;0;0;1.333333333;0;0;0;0;0;0;0;0;0;1.333333333;0;0;0;0;5.333333333;0;0;0;0;9.333333333;0;1.333333333;0;0;0;0;61.33333333;0;4;0;0;0;0;0;0;0;0;0;0;0;5.333333333;0;0;0;0;0;0;0;4;0;0;29.33333333;6.666666667;0;0;0;0;0;0;0;0;0;0;0;0;227.4269175;3619.239749;0;0;1.333333333;0;0;0;0;0;0;5.333333333;0;0;0;0;0;0;0;0;0;0;0;0;0;0;0;0;0;0;0;0;0;0;0;0;0;0;0;0;0;0;0;0;0;0;0;2.666666667;8;0;0;0;0;0;0;0;0;0;0;0;0;0;0;0;0;0;0;0;0;1.333333333;5.333333333;0;0;5.333333333;0;0;0;0;0;1.333333333;0;0;0;0;0;0;0;0;17.33333333;0;9.333333333;0;0;0;0;0;0;0;0;0;8;0;0;0;0;4;2.666666667;0;10.66666667;0;0;0;0;0;4;2.666666667;0;0;0;0;0;0;0;0;0;0;0;0;0;0;0;0;0;0;0.533333333;0;0;1.066666667;0;0;0;0;1.333333333;0;0;0;2.666666667;0;0;0;0;13.33333333;0;0;0;0;2.666666667;0;0;0;0
3;2020;SU;2020_SU;5;0;0;0;0;0;0;0;0;0;0;0;0;0;27.2;0;0;0;0;0;0;0;0;0;4.8;0;0;0;0;1.6;0;0;0;0;3.2;0;0;0;0;0;0;996.8;0;0;0;0;0;0;0;0;0;0;0;0;0;3.2;6.4;0;0;0;0;0;0;1.6;0;0;38.4;73.6;0;0;0;0;0;0;0;0;0;0;0;0;179.2;2694.4;0;1.6;0;0;1.6;0;0;0;40;6.4;0;0;0;0;0;0;0;0;0;0;0;1.6;0;0;0;0;0;0;0;0;0;0;0;0;0;0;0;0;0;0;0;0;0;0;0;0;0;0;0;0;0;0;0;0;0;0;0;0;0;0;0;0;0;0;0;0;0;0;40;0;0;110.4;0;0;0;4.8;0;0;0;0;0;4.8;0;0;0;0;156.8;0;3.2;0;0;0;0;0;0;0;0;0;3.2;0;0;0;0;17.6;4.8;0;3.2;0;0;0;0;3.2;441.6;0;0;0;1.6;0;6.4;0;0;0;0;4.8;0;0;0;0;0;0;0;0;0;0;0;0;0;0;0;0;0;0;0;0;0;0;0;0;0;3.2;0;0;0;0;20.8;0;0;0;0
3;2020;AU;2020_AU;6;0;0;0;0;0;0;0;0;0;0;0;0;0;0;0;0;0;0;0;0;0;0;0;0;0;0;0;0;48;0;0;0;0;6.4;0;0;0;0;0;0;38.4;0;0;0;0;0;0;0;0;0;0;0;0;0;0;0;0;0;0;0;0;0;9.6;0;0;12.8;59.2;0;0;0;1.6;0;0;0;0;0;0;0;0;326.4;1932.8;0;0;0;0;0;0;0;0;3.2;1.6;0;0;0;0;0;0;0;0;0;0;0;0;0;0;0;0;0;0;0;0;0;0;3.2;0;0;0;0;0;0;0;0;0;0;0;0;0;0;0;0;0;0;0;0;0;0;0;0;0;0;0;0;0;0;0;0;0;0;0;20.8;3.2;0;43.2;0;0;0;0;0;0;0;0;0;8;0;0;1.6;0;401.6;0;3.2;0;0;0;0;0;0;0;0;0;0;0;0;0;0;331.2;0;0;0;0;0;6.4;0;0;2566.4;0;0;1.6;0;0;0;0;0;0;0;0;0;0;0;0;0;1.6;0;0;1.6;0;0;3.2;0;0;0;0;0;0;0;0;0;0;0;0;0;57.6;0;0;1.6;0;1.6;0;0;0;0
3;2021;WI;2021_WI;7;0;0;0;0;0;0;0;0;0;0;0;0;0;18.23561644;0;0;0;0;0;0;0;0;0;0;0;0;0;3.2;0;0;0;0;0;0;17.6;0;1.6;0;0;0;136;0;0;0;0;0;0;0;0;0;0;0;0;0;0;0;0;0;0;0;0;0;0;0;0;3.2;30.4;0;0;0;1.6;0;0;0;0;0;0;0;0;185.6;403.2;0;0;0;0;0;0;0;0;0;0;0;0;0;0;0;0;0;0;0;0;0;0.701369863;0;0;0;0;0;0;0;0;0;0;0;0;0;0;0;0;0;0;0;0;0;0;0;0;0;0;0;0;0;0;0;0;3.2;0;0;0;0;0;0;0;0;0;0;4.756164384;0;0;14.4;0;0;16;0;0;0;0;12.8;0;0;0;0;0;0;0;0;0;121.6;0;3.2;0;0;0;0;0;0;0;0;0;9.6;0;0;0;0;22.4;0;0;0;0;0;1.6;0;16.30684932;153.6;0;0;0;3.2;0;0;0;0;0;0;0;0;0;0;0;0;0;0;0;0;0;0;0;67.2;0;0;0;0;0;0;0;0;0;0;0;0;8;0;0;0;0;11.2;0;0;0;0
3;2021;SP;2021_SP;8;0;0;0;0;0;0;0;0;0;0;0;0;0;72;0;0;0;0;0;0;0;1.6;0;0;0;0;0;0;16;0;0;0;0;1.6;0;0;8;0;0;0;68.8;0;0;0;0;0;0;0;0;0;0;0;0;0;0;0;0;0;0;0;0;0;1.6;0;0;6.4;38.4;0;0;1.6;1.6;0;0;0;0;0;0;0;0;0;1707.2;0;0;1.6;0;0;0;0;0;17.6;1.6;0;0;0;0;0;0;0;1.6;0;0;0;3.2;0;0;0;0;0;0;0;0;0;0;0;0;0;0;0;0;0;0;0;0;0;0;0;0;0;0;0;0;0;0;1.6;0;0;0;0;0;0;0;0;0;0;0;0;12.8;0;0;1.6;0;0;0;0;0;0;0;1.6;0;0;0;0;0;0;0;0;0;64;0;0;0;0;0;0;0;0;0;0;0;14.4;0;0;0;0;24;1.6;0;0;0;0;0;0;3.2;1024;0;0;0;0;0;0;0;0;0;0;1.6;0;0;0;0;0;0;0;0;0;0;0;0;0;0;0;0;0;0;0;0;0;0;0;0;0;27.2;0;0;0;0;8;0;0;0;0
3;2021;SU;2021_SU;9;0;0;0;0;0;0;0;0;0;0;0;0;0;11.2;0;0;0;0;0;0;0;0;0;1.6;0;0;0;0;0;0;0;0;0;3.2;0;0;0;0;0;0;68.8;0;0;0;0;0;0;0;0;0;0;0;0;0;0;0;0;0;0;0;0;0;0;0;0;0;6.4;0;0;0;0;0;0;0;0;0;0;0;0;52.8;1008;0;0;3.2;0;0;0;0;0;0;0;0;0;0;0;0;0;0;0;0;0;0;0;0;0;0;0;0;0;0;0;0;0;0;0;0;0;0;0;0;0;0;0;0;0;0;0;0;0;0;0;0;0;0;0;0;0;0;0;0;0;0;0;0;0;0;0;0;0;4.8;0;0;38.4;0;0;0;1.6;0;0;0;0;0;0;0;0;1.6;0;92.8;0;6.4;0;0;0;0;0;0;0;0;0;0;0;0;0;0;211.2;1.6;0;3.2;0;0;0;0;0;7427.2;0;0;0;0;0;0;0;0;0;0;0;3.2;0;0;0;0;0;0;0;0;0;0;0;0;0;0;0;0;0;0;0;0;0;0;0;0;8;0;0;0;0;3.2;0;0;0;0
3;2021;AU;2021_AU;10;0;0;0;0;0;0;0;0;0;0;0;0;0;0;0;0;0;0;0;0;0;0;0;0;0;0;0;0;0;0;0;0;3.2;0;0;0;3.2;0;0;0;11.2;0;0;0;0;0;0;0;0;0;0;0;0;0;0;1.6;0;0;0;0;0;0;0;0;0;4.8;35.2;0;0;0;0;0;0;0;0;0;0;0;0;44.8;704;0;0;1.6;0;0;0;0;0;0;1.6;0;0;0;0;0;0;0;0;0;0;0;0;0;0;0;0;0;0;0;0;0;0;1.6;0;0;0;0;0;0;0;0;0;0;0;0;0;0;3.2;0;0;0;0;0;0;0;0;0;0;0;0;0;0;0;0;0;0;0;0;6.4;3.2;0;155.2;0;0;0;0;0;0;0;0;0;0;0;0;0;0;51.2;0;4.8;0;0;0;0;0;0;0;0;0;0;0;0;0;0;582.4;0;0;3.2;0;0;0;0;0;7756.8;0;0;0;0;0;0;0;0;0;0;0;40;0;0;0;0;0;0;0;0;0;0;0;0;0;0;0;0;0;0;0;0;0;0;0;0;3.2;0;0;0;0;1.6;0;0;0;0
3;2022;WI;2022_WI;11;0;0;0;0;0;0;0;0;0;0;0;0;0;46.0057971;0;0;0;0;0;0;0;0;0;0;0;0;0;1.6;0;0;0;0;0;0;0;0;1.6;0;0;0;372.8;0;0;0;0;0;0;0;0;0;0;0;0;0;0;0;0;0;0;0;0;0;6.4;0;0;0;11.2;0;0;0;0;0;0;0;0;0;0;0;0;30.4;224;0;0;0;0;0;0;0;6.168115942;0;0;0;0;0;0;0;0;0;0;0;0;0;0;0;0;0;0;0;0;0;0;0;0;0;0;0;0;0;0;0;0;0;0;0;0;0;0;0;0;0;0;0;0;0;0;0;0;0;0;0;0;0;0;0;0;0;47.48985507;6.168115942;0;1.6;16;0;49.6;0;0;0;0;16;0;0;0;0;0;0;0;0;0;80;0;0;0;0;0;0;0;0;0;1.6;0;0;0;0;0;0;41.6;0;4.8;0;0;0;0;0;4.568115942;659.2;0;0;4.8;0;0;0;0;0;0;0;0;1.6;0;0;0;1.6;0;0;0;0;0;0;0;584;0;0;0;0;0;0;0;0;0;0;0;0;1.6;0;0;0;0;8;0;0;0;0
3;2022;SP;2022_SP;12;0;0;0;0;0;0;0;0;0;0;0;0;0;41.6;0;0;0;0;0;0;3.2;0;0;0;0;0;0;2.488888889;32.71111111;0;0;0;3.2;0;0;0;17.6;0;0;0;243.2;0;0;1.6;0;0;0;0;0;0;0;0;0;0;0;0;0;0;0;0;0;0;0;0;0;0;51.2;0;0;0;0;0;0;0;0;0;0;0;0;110.4;2230.4;0;0;0;0;0;0;0;0;6.4;1.6;0;0;0;0;0;0;0;51.2;0;0;0;0;0;0;0;0;0;0;0;0;0;0;0;0;0;0;0;0;0;0;0;0;0;0;0;0;0;0;0;0;0;0;0;0;0;0;0;0;0;0;0;0;0;0;0;51.2;0;0;8;1.6;0;0;0;0;0;0;0;0;0;0;0;0;0;0;0;0;36.8;0;0;0;0;0;0;0;0;0;0;0;0;0;0;0;0;921.6;0;0;0;0;1.6;0;0;1.6;2425.6;0;0;8;0;0;0;0;0;0;0;0;11.2;0;0;0;0;0;0;0;0;0;0;0;640;0;0;0;0;0;0;1.6;0;0;0;0;0;4.8;0;0;0;0;3.2;0;0;0;0
3;2022;SU;2022_SU;13;0;0;0;0;0;0;0;0;0;0;0;0;0;8;0;0;0;0;0;0;0;0;0;0;0;0;0;0;0;0;0;0;1.6;1.6;0;0;0;0;0;0;283.2;0;0;4.8;0;0;0;0;1.6;1.6;0;0;0;0;0;0;0;0;0;0;0;0;0;0;0;0;4.8;0;0;0;0;0;0;0;0;0;0;0;0;27.2;953.6;0;0;1.6;0;0;0;0;0;0;0;0;0;0;0;0;0;0;0;0;0;0;0;0;0;0;0;0;0;0;0;0;0;0;0;0;0;0;0;0;0;0;0;0;0;0;0;0;0;0;0;0;0;0;0;0;0;0;0;0;0;0;0;0;0;0;0;0;0;4.8;0;0;0;0;0;0;0;0;8;0;0;0;3.2;0;0;1.6;0;24;0;0;0;0;1.6;0;0;0;0;0;0;0;0;0;0;0;160;0;0;4.8;0;0;0;0;0;9635.2;0;0;0;0;0;0;0;0;0;0;0;3.2;0;0;0;0;0;0;0;0;0;0;0;0;0;0;0;0;0;0;0;0;0;0;0;0;0;0;0;0;0;6.4;0;0;0;0
3;2022;AU;2022_AU;14;0;0;0;0;0;0;0;0;0;0;0;0;0;0.1;0;0;0;0;0;0;0;0;0;0;0;0;0;0;4.8;0;0;28.8;0;0;0;0;3.2;0;0;0;294.4;0;0;1.6;0;0;0;0;0;0;0;0;0;0;0;3.2;0;0;0;0;0;0;0;0;0;0;0;0;0;0;0;0;0;0;0;0;0;0;0;196.8;796.8;0;0;0;0;0;0;0;9.2;0;1.6;0;0;0;0;0;0;0;0;0;0;0;0.1;0;0;0;0;0;0;0;0;0;0;0;0;0;0;0;0;0;0;0;0;0;0;0;0;0;0;0;0;0;0;0;0;0;0;0;0;0;0;0;0;0;0;0;0;0;0;1.6;4.8;0;0;0;0;0;0;0;0;0;0;0;3.2;0;0;0;0;16;0;0;0;0;0;0;0;0;0;0;0;0;0;0;0;0;196.8;0;11.2;6.4;0;1.6;0;0;1.4;7491.2;0;0;1.6;0;0;22.4;0;0;0;0;0;3.2;0;0;0;0;0;0;3.2;0;0;0;0;0;0;0;0;8;0;0.4;1.6;0;0;0;0;0;0;0;0;0;0;4.8;0;0;0;0
3;2023;WI;2023_WI;15;0;0;0;0;0;0;0;0;0;0;0;0;0;0.2;0;0;0;0;0;0;0;0;6.4;0;0;0;0;0;0;0;0;0;0;0;0;0;6.4;0;0;0;121.6;0;0;0;0;0;0;0;0;0;0;0;0;0;0;0;0;0;0;0;0;0;0;0;0;1.6;8;0;0;0;0;0;0;1.6;0;0;0;0;0;28.8;483.2;0;0;0;0;0;0;0;44;0;0;0;0;0;0;0;0;0;0;0;0;0;0.2;0;0;0;0;0;0;0;0;0;0;0;0;0;1.6;0;0;0;0;0;0;0;0;0;0;0;0;0;0;0;0;0;0;0;0;0;0;0;0;0;0;0;0;0;0;0;0;3.2;17.6;0;1.6;0;0;0;0;57.6;0;0;0;0;0;0;0;0;0;8;0;1.6;0;0;0;0;0;0;0;0;0;1.6;0;0;0;0;177.6;0;1.6;0;0;0;0;0;22;2363.2;0;0;3.2;0;0;0;0;0;0;0;0;1.6;0;0;0;0;0;0;12.8;0;0;0;0;68.8;0;0;0;0;0;7.2;1.6;0;0;0;0;0;3.2;0;0;0;0;3.2;0;0;0;0
3;2023;SP;2023_SP;16;0;0;0;0;0;0;0;0;0;0;0;0;1.6;1.6;0;0;0;0;0;0;0;0;0;0;0;0;0;0;563.2;0;0;0;0;0;0;0;4.8;0;0;0;6.4;0;0;0;0;0;0;0;0;0;0;0;0;0;0;0;0;0;0;0;0;0;0;0;0;0;6.4;0;0;0;0;0;0;0;0;0;0;0;0;136;1152;0;0;0;0;0;0;0;0;0;0;0;0;0;0;0;0;0;0;0;0;0;1.6;0;0;0;0;0;0;0;0;0;0;0;0;0;0;0;0;0;0;0;0;0;0;0;0;0;0;0;0;0;0;0;0;1.6;0;0;0;0;0;0;0;0;0;0;0;0;0;8;3.2;0;0;0;0;0;0;0;0;0;0;0;0;0;0;0;0;8;0;1.6;0;0;0;0;0;0;0;0;0;1.6;0;0;0;0;102.4;0;0;1.6;0;0;0;0;3.2;2027.2;0;0;0;0;0;0;0;0;0;0;0;0;0;0;0;0;0;0;0;0;0;0;0;217.6;0;0;0;0;0;0;0;0;0;0;0;0;0;0;0;0;0;3.2;0;0;0;0
4;2018;AU;2018_AU;1;0;0;0;0;0;0;0;0;0;0;0;0;0;0;0;0;0;0;0;0;0;0;0;1.333333333;0;0;0;12;44;0;0;0;0;9.333333333;0;0;0;0;0;0;72;0;0;0;0;0;0;0;0;0;0;0;0;0;0;0;0;0;0;0;0;0;10.66666667;0;78.66666667;238.6666667;128;0;0;0;0;0;0;0;0;0;0;0;0;733.4736842;70.52631579;0;0;0;0;0;0;0;0;1.333333333;0;0;0;0;0;0;0;0;2.666666667;0;0;0;0;0;0;0;0;0;0;0;0;0;0;0;0;0;34.66666667;0;0;0;0;0;0;0;0;0;104.4816446;0;210.185022;2.666666667;0;0;0;0;0;0;0;0;0;0;0;0;0;0;0;0;0;0;9.333333333;1.333333333;2.666666667;0;5.333333333;0;0;0;1.333333333;0;0;0;0;0;0;0;0;0;0;0;0;1.333333333;0;0;0;0;0;0;0;0;0;4;0;0;0;0;5.333333333;0;0;0;0;0;0;0;2.666666667;161.3333333;0;8;0;1.333333333;0;2.666666667;0;0;0;0;56;1.333333333;0;0;0;0;2.666666667;0;0;0;0;0;0;0;0;0;0;0;0;0;0;0;0;0;0;0;12;0;0;0;0;2.666666667;0;0;0;0
4;2019;WI;2019_WI;2;0;0;0;0;0;0;0;0;0;0;0;0;0;0;0;0;0;0;0;0;0;0;0;0;0;0;0;9.333333333;0;0;0;0;0;1.333333333;38.66666667;0;0;0;0;0;693.3333333;0;0;0;0;0;0;0;0;0;0;0;0;0;0;0;0;0;0;0;0;0;22.66666667;0;48;48;290.6666667;0;0;0;0;0;0;0;0;0;0;0;0;485.5271503;513.1395163;0;0;0;0;0;0;0;1.481481481;0;0;0;0;5.333333333;0;0;0;0;0;0;0;0;0;0;0;0;0;0;0;0;0;0;0;0;0;0;17.33333333;1.333333333;0;0;0;0;0;0;0;0;100.2525698;0;131.7474302;0;0;0;0;0;0;0;0;0;0;0;0;0;0;0;0;0;0;1.481481481;0;1.333333333;0;0;6.666666667;0;0;0;1.333333333;0;0;0;0;0;0;0;0;0;0;0;0;2.666666667;0;0;0;0;0;0;0;0;0;24;0;0;0;0;0;0;0;0;0;0;0;0;34.37037037;225.3333333;0;4;0;0;0;0;0;0;0;1.333333333;5.333333333;17.33333333;0;0;0;0;1.333333333;0;0;0;0;0;0;38.66666667;0;0;0;0;0;0;0;0;0;0;0;0;0;0;5.333333333;5.333333333;0;0;0;0;0;0
4;2019;SP;2019_SP;3;0;0;0;0;0;0;0;0;0;0;0;0;0;0;0;0;0;0;0;0;0;0;0;0;0;0;0;35.43188406;283.2347826;0;0;0;2.666666667;5.333333333;0;0;14.66666667;0;0;0;0;0;0;0;0;0;0;0;0;0;0;0;0;0;2.666666667;6.666666667;0;0;0;0;0;0;17.33333333;0;24;48;137.3333333;0;1.333333333;0;0;0;0;0;0;0;0;4;0;179.9401187;318.726548;0;0;0;0;0;0;0;0;0;8;0;0;0;0;0;0;0;17.33333333;0;0;0;0;0;0;0;0;0;0;0;1.333333333;0;0;0;0;0;0;0;0;0;0;0;0;0;0;0;24.75770925;0;13.90895742;105.3333333;0;0;0;0;0;0;0;0;0;0;0;0;0;0;0;0;0;0;0;0;6.666666667;0;0;0;0;0;2.666666667;0;0;0;0;0;0;0;0;0;0;10.66666667;0;0;0;0;0;0;0;0;0;0;0;12;0;0;0;0;1.333333333;0;0;4;0;0;0;0;0;448;0;0;0;0;0;0;0;0;1.333333333;0;24;0;0;0;0;0;0;0;0;0;0;0;0;18.66666667;0;0;0;0;0;0;0;0;0;0;0;0;9.333333333;0;1.333333333;0;0;0;0;0;0;0
4;2019;SU;2019_SU;4;0;0;0;0;0;0;0;0;0;0;0;0;0;0;0;2.666666667;0;0;0;0;0;0;1.333333333;0;0;0;0;0;24;0;0;0;0;4;0;0;0;0;0;0;28;0;0;0;0;0;0;0;0;1.333333333;0;0;0;0;0;2.666666667;0;0;0;0;0;0;0;0;41.33333333;85.33333333;2.666666667;0;0;0;0;0;0;0;0;0;0;0;0;211.0496944;3568.950306;0;0;22.66666667;0;0;0;0;0;0;0;0;0;0;0;0;0;0;12;0;0;0;0;0;0;0;0;0;0;0;0;0;0;1.333333333;0;0;0;0;0;0;0;0;0;0;0;0;0;0;0;0;0;0;0;0;0;0;0;0;0;0;0;0;0;0;0;0;0;0;1.333333333;1.333333333;1.333333333;0;0;0;0;0;0;0;2.666666667;0;0;0;4;0;0;0;0;2.666666667;0;1.333333333;0;0;2.666666667;0;0;0;0;0;0;1.333333333;0;0;0;0;44;0;0;82.66666667;0;1.333333333;0;0;0;1146.666667;0;0;1.333333333;0;0;0;0;0;0;0;0;0;0;0;0;8;14.66666667;0;0;0;0;0;0;0;0;0;0;0;0;0;5.333333333;0;0;0;0;0;5.333333333;0;0;0;0;0;4;0;0;0
4;2020;SU;2020_SU;5;0;0;0;0;0;0;0;0;0;0;0;0;0;54.04444444;0;0;0;0;0;0;0;0;12.8;0;0;0;0;0;0;0;0;0;0;0;0;0;0;0;0;0;84.8;0;0;0;0;0;0;0;1.6;1.6;0;0;0;0;0;1.6;0;0;0;0;0;0;0;0;3.2;4.8;6.4;0;0;0;0;3.2;0;0;0;0;0;0;1.6;2515.2;3417.6;0;0;1.6;0;0;1.6;0;0;13.31612903;0;0;0;0;0;4.8;0;0;20.8;0;0;0;6.755555556;0;0;0;0;0;0;0;0;0;0;0;0;0;0;0;0;0;0;0;0;0;0;0;0;0;0;0;0;0;0;0;0;0;0;0;0;0;0;0;0;0;0;0;0;0;0;0;0;0;193.083871;0;0;0;0;0;4.8;0;0;0;0;0;0;6.4;0;38.4;0;14.4;0;0;0;0;0;0;0;0;0;0;0;0;0;0;0;0;0;1.6;0;0;0;0;0;11648;0;0;0;0;0;3.2;0;0;0;0;0;0;0;0;0;0;0;0;0;0;0;0;1.6;0;0;0;0;0;0;0;0;0;0;0;0;0;6.4;0;1.6;0;0;0;0;0;0;0
4;2020;AU;2020_AU;6;0;0;0;0;0;0;0;0;0;0;0;0;0;0;0;0;0;0;0;0;0;0;3.2;0;0;0;0;0;0;0;0;0;0;4.8;0;0;0;0;0;0;30.4;3.2;0;0;0;0;0;0;0;0;0;0;0;0;0;1.6;0;0;1.6;0;0;0;0;0;0;48;179.2;0;0;0;0;0;0;0;0;0;0;3.2;0;78.4;288;0;0;1.6;0;0;0;0;0;3.2;0;0;0;0;1.6;0;0;0;0;0;0;0;0;0;0;0;0;0;0;1.6;0;0;0;0;0;0;3.2;0;0;0;0;0;0;0;0;0;0;0;0;0;0;0;0;0;0;0;0;0;0;0;0;0;0;0;0;0;0;0;0;0;1.6;0;68.8;0;0;0;0;1.6;0;0;0;0;1.6;0;0;0;0;6.4;0;12.8;0;0;0;0;0;0;0;0;0;0;0;0;0;0;6.4;0;0;0;0;0;0;0;0;4449.6;0;0;0;0;0;0;0;0;0;0;0;0;0;0;0;0;0;0;0;0;0;0;0;0;0;0;0;0;0;0;0;0;0;0;0;0;3.2;0;0;0;0;1.6;0;0;0;0
4;2021;WI;2021_WI;7;0;0;0;0;0;0;0;0;0;0;0;0;0;130.3649402;0;0;0;0;0;0;4.8;0;16;0;0;1.6;0;0;0;0;0;0;0;4.8;12.8;0;0;0;0;0;108.8;0;0;0;0;0;0;0;0;1.6;0;0;0;0;0;0;0;0;0;0;0;0;0;0;1.6;3.2;35.2;0;0;0;0;0;0;0;0;0;0;0;0;19.2;92.8;0;0;0;0;0;0;0;33.57450199;0;0;0;0;0;0;0;0;0;0;0;0;0;4.462151394;0;0;0;0;0;0;0;0;0;0;0;0;0;1.6;0;0;0;0;0;0;0;0;0;0;0;0;0;0;0;0;0;0;0;0;0;0;0;0;0;0;0;0;0;6.693227092;1.9187251;0;0;4.8;0;30.4;0;0;0;0;27.2;0;0;0;0;1.6;0;0;0;0;11.2;0;1.6;0;0;0;0;0;0;0;0;0;1.6;0;0;0;0;46.4;0;1.6;0;0;0;0;0;51.46772908;3737.6;0;0;0;0;0;0;0;0;0;0;0;0;0;0;0;0;0;0;0;0;0;0;0;0;0;0;0;0;0;0.3187251;0;0;0;0;0;0;12.8;0;0;0;0;1.6;0;0;0;0
4;2021;SP;2021_SP;8;0;0;0;0;0;0;0;0;0;0;0;0;0;516.1752988;0;0;0;0;0;0;0;0;9.6;0;0;6.4;0;0;0;0;0;0;0;0;0;0;22.4;0;0;0;209.6;0;0;0;0;0;0;0;0;0;0;0;0;0;0;1.6;0;0;0;0;0;0;1.6;0;0;20.8;161.6;0;0;0;0;0;0;0;0;0;0;0;0;41.6;300.8;0;0;0;0;0;0;0;4.92749004;3.2;0;0;0;0;0;0;0;0;51.2;0;0;0;22.48924303;0;0;0;0;0;0;0;0;0;0;0;0;0;0;0;0;0;0;0;0;0;0;0;0;0;0;0;0;0;0;0;0;3.2;0;0;0;0;0;0;0;0;0;0;33.73386454;0.006374502;3.2;8;3.2;0;1.6;0;0;0;0;25.6;0;0;0;0;0;0;0;0;0;28.8;0;6.4;0;0;0;0;0;0;0;0;0;0;0;0;0;0;105.6;0;0;25.6;0;0;0;0;27.46135458;15270.4;0;0;1.6;0;0;0;0;0;0;0;0;0;0;0;0;0;0;0;0;0;0;0;0;0;0;0;0;0;0;1.606374502;0;0;0;0;0;0;11.2;0;0;0;0;0;0;0;0;0
4;2021;SU;2021_SU;9;0;0;0;0;0;0;0;0;0;0;0;0;0;133.7752988;0;0;0;0;0;0;0;0;0;0;0;0;0;0;0;0;0;0;0;1.6;0;0;1.6;0;0;0;97.6;3.2;0;0;0;0;0;0;0;0;0;0;0;0;0;0;0;0;0;0;0;0;0;0;0;0;3.2;0;0;0;0;0;0;0;0;0;0;0;0;0;780.8;0;0;4.8;0;0;11.2;0;0.12749004;0;0;0;0;0;0;0;0;0;0;0;0;0;0.089243028;0;0;0;0;0;0;0;0;0;0;0;0;0;0;0;0;0;0;0;0;0;0;0;0;0;0;0;0;0;0;0;0;0;0;0;0;0;0;0;0;0;0;0;0.133864542;0.006374502;0;0;0;0;0;0;0;0;0;0;11.2;0;0;0;4.8;0;0;1.6;0;20.8;0;8;0;0;0;0;0;0;0;0;0;0;0;0;0;0;115.2;0;0;20.8;0;0;0;0;0.261354582;15195.2;0;0;1.6;0;0;0;0;0;0;0;0;0;0;0;0;0;0;0;4.8;0;0;0;0;0;0;0;0;0;0;0.006374502;0;0;0;0;0;1.6;1.6;0;0;0;0;1.6;0;0;0;0
4;2021;AU;2021_AU;10;0;0;0;0;0;0;0;0;0;0;0;0;0;0;0;0;0;0;0;0;0;0;3.2;0;0;0;0;0;0;1.6;0;0;0;0;0;0;0;0;0;0;28.8;0;0;0;0;0;0;0;0;0;0;0;0;0;0;0;0;0;0;0;0;0;0;0;0;0;3.2;0;0;0;0;0;0;0;0;0;0;0;0;3.2;336;0;0;0;0;0;6.4;0;0;0;3.2;0;0;0;0;0;0;0;0;0;0;1.6;0;0;0;0;0;0;0;0;0;0;0;0;0;0;0;0;0;0;0;0;0;0;0;0;1.6;0;0;0;0;0;0;0;0;0;0;0;0;0;0;0;0;0;0;0;0;0;0;1.6;1.6;0;1.6;0;0;0;0;0;0;0;0;0;1.6;0;0;0;0;19.2;0;16;0;0;0;0;0;0;0;0;0;0;0;0;0;0;230.4;0;0;22.4;0;0;1.6;0;0;16384;0;0;1.6;0;0;0;0;0;0;0;0;0;0;0;0;0;0;0;0;0;0;0;0;0;0;0;0;0;0;0;1.6;0;0;0;0;0;9.6;0;0;0;0;0;0;0;0;0
4;2022;WI;2022_WI;11;0;0;0;0;0;0;0;0;0;0;0;0;0;67.91871658;0;0;0;0;0;0;0;0;12.8;0;0;0;0;0;0;0;0;0;0;0;4.8;0;4.8;0;0;0;484.8;0;0;0;0;0;0;0;0;0;0;0;0;0;0;0;0;0;0;0;0;0;0;0;0;1.6;18.31111111;0;0;0;0;0;0;0;0;0;0;0;0;0;17.6;0;0;0;0;0;3.2;0;24.23101604;0;1.6;0;0;0;0;0;0;0;0;0;0;1.6;0;0;0;0;0;0;0;0;0;0;0;0;0;0;1.6;0;0;0;0;0;0;0;0;0;4.8;0;0;0;0;0;3.2;0;0;0;0;0;0;0;0;0;0;0;0;0;2.934759358;0;0;5.688888889;0;0;46.4;0;0;0;0;20.8;0;0;0;0;0;0;0;0;0;46.4;0;3.2;0;0;0;0;0;0;0;0;0;0;0;0;0;0;43.2;0;3.2;1.6;0;0;1.6;0;5.715508021;11337.6;0;0;8;0;0;76.8;0;0;0;0;0;0;1.6;0;0;0;0;0;0;0;0;0;0;1.6;0;0;0;0;0;0;4.8;0;0;0;0;0;8;0;0;0;0;1.6;0;0;0;0
4;2022;SP;2022_SP;12;0;0;0;0;0;0;0;0;0;0;0;0;0;252.5860963;0;0;0;0;0;0;0;0;6.4;0;0;0;0;0;0;0;0;0;0;0;0;0;4.8;0;0;0;147.2;0;0;0;0;0;0;0;0;0;0;0;0;0;0;0;0;0;0;0;0;0;0;0;0;0;3.2;0;0;0;0;0;0;0;0;0;0;0;0;3.2;72;0;0;0;0;0;4.8;0;0.102673797;0;0;0;0;0;0;0;0;0;33.6;0;0;0;0;0;0;0;0;0;0;0;0;0;0;0;0;0;0;0;0;0;0;1.6;0;0;0;0;0;0;0;0;0;0;0;0;0;1.6;0;0;0;0;0;0;0;0;0;0;11.25989305;0;0;1.6;0;0;0;0;0;0;0;4.8;3.2;0;0;0;0;0;0;0;0;14.4;0;3.2;0;0;0;0;0;0;0;0;0;0;0;0;0;0;228.8;0;0;1.6;0;0;0;0;6.451336898;4105.6;0;0;1.6;0;0;6.4;0;0;0;0;0;0;0;0;0;0;0;0;0;0;0;0;0;0;4.8;0;0;0;0;0;8;0;0;0;0;0;0;0;0;0;0;1.6;0;0;0;0
4;2022;SU;2022_SU;13;0;3.2;0;0;0;0;0;0;0;0;0;0;0;8;0;0;0;0;0;0;1.6;0;49.6;0;0;0;0;0;0;0;0;0;0;0;0;0;1.6;0;0;0;2160;963.2;0;3.2;0;0;0;0;0;27.2;0;0;0;0;0;0;0;0;0;0;0;0;0;0;0;0;1.6;0;0;0;0;0;0;1.6;1.6;0;0;0;0;0;153.6;0;0;14.4;0;0;243.2;1.6;0;0;0;0;0;0;0;0;0;0;0;0;0;9.6;0;26.88;0;11.52;0;0;0;0;0;0;0;0;0;0;0;0;0;0;0;0;0;0;0;0;0;0;0;0;0;1.6;0;0;0;0;0;0;0;0;0;0;0;0;0;0;0;0;0;0;0;0;0;0;0;0;0;0;1.6;0;0;0;4.8;0;0;1.6;0;1.6;0;0;0;0;1.6;0;0;0;0;0;0;0;0;0;0;0;28.8;0;0;89.6;0;0;0;0;0;3483.2;0;0;4.8;0;0;0;0;0;0;0;0;0;0;0;0;0;0;0;0;0;0;0;0;0;0;0;0;9.6;0;0;6.4;0;0;0;0;0;1.6;0;0;1.6;0;4.8;0;0;0;0
4;2022;AU;2022_AU;14;0;8;0;0;0;0;0;0;0;0;0;0;0;0;0;0;0;0;0;0;0;0;102.4;0;0;0;0;0;0;99.2;0;0;0;0;0;0;1.6;0;0;0;211.2;59.2;0;1.6;0;0;0;0;0;0;0;0;0;0;0;0;0;0;0;0;0;0;0;0;0;0;11.2;0;0;0;0;0;0;3.2;0;1.6;0;0;0;0;124.8;0;0;0;0;0;56;0;9.142857143;0;1.6;0;0;0;0;0;0;0;0;0;0;6.4;0;1.6;0;0;0;0;0;0;0;0;0;0;0;0;1.6;0;0;0;0;0;0;0;0;0;0;0;0;0;0;0;0;0;8;0;0;0;0;0;0;0;16;0;0;0;0;1.676190476;0;16;0;0;11.2;0;0;0;1.6;0;0;0;0;0;0;0;0;4.8;0;57.6;0;4.8;0;0;0;0;0;0;0;0;0;0;0;0;0;0;86.4;0;6.4;83.2;0;0;0;0;7.542857143;5427.2;0;0;8;0;0;0;0;0;0;0;0;0;0;0;0;0;0;0;0;0;0;0;0;0;0;0;0;1.6;0;0.838095238;3.2;0;0;0;0;0;0;0;0;0;0;0;0;0;0;0
4;2023;WI;2023_WI;15;0;0;0;0;0;0;0;0;0;0;0;0;0;0;0;0;0;0;0;0;0;0;14.4;0;0;0;0;0;0;1.6;0;0;0;0;0;0;4.8;0;0;0;65.6;0;0;0;0;0;0;0;0;0;0;0;0;0;0;0;0;0;0;0;0;0;0;0;0;0;0;0;0;0;0;0;0;0;0;0;0;0;0;3.2;9.6;0;0;0;0;0;1.6;0;14.17142857;0;0;0;0;0;0;0;0;0;1.6;0;0;1.6;0;0;0;0;0;0;0;0;0;0;0;0;0;0;0;0;0;0;0;0;0;0;0;0;0;0;0;0;0;0;0;0;0;6.4;0;0;0;0;0;0;0;0;0;0;0;3.504761905;0;0;3.2;0;0;0;0;0;0;184;0;0;0;0;0;0;0;0;0;22.4;0;0;0;0;0;0;0;0;0;0;0;0;0;0;0;0;0;0;6.4;0;0;0;0;0;14.17142857;9.6;0;0;0;0;0;0;0;0;0;0;0;0;0;0;0;0;0;0;0;0;0;0;0;1.6;6.4;0;0;0;0;1.752380952;0;0;0;0;0;0;1.6;0;0;0;0;0;0;0;0;0
4;2023;SP;2023_SP;16;0;0;0;0;0;0;0;0;0;0;0;0;0;0;0;0;0;0;0;0;0;0;3.2;0;0;0;0;0;0;0;0;0;0;0;0;0;8;0;0;0;4.8;0;0;0;0;0;0;0;0;0;0;0;0;0;0;0;0;0;0;0;0;0;0;0;0;0;1.6;0;0;0;0;0;0;0;0;1.6;0;0;0;0;11.2;0;0;0;0;0;0;0;0;0;0;0;0;0;0;0;0;0;3.2;0;0;1.6;0;0;0;0;0;0;0;0;0;0;0;0;0;0;0;0;0;0;0;0;0;0;0;0;0;0;0;0;0;0;0;1.6;0;0;0;0;0;0;0;0;0;0;0;0;0;0;0;0;0;0;0;0;1.6;0;0;0;0;0;0;0;0;0;0;0;0;8;0;0;0;0;0;0;0;0;0;0;0;0;0;0;0;0;0;0;0;0;0;0;0;0;1.6;0;0;0;3.2;0;0;0;0;0;0;0;0;0;0;0;0;0;0;0;0;0;0;0;0;16;1.6;0;0;0;0;0;0;0;0;0;0;0;1.6;0;0;0;0;0;0;0;0;0
5;2018;AU;2018_AU;1;0;0;0;0;0;0;0;0;0;0;0;0;0;0;0;0;0;0;0;0;0;0;0;1.333333333;0;0;0;0;6.666666667;0;0;0;0;2.666666667;0;0;0;0;0;0;54.66666667;0;0;0;0;0;0;1.333333333;0;0;0;0;0;0;0;0;0;0;0;0;0;0;0;0;1.333333333;5.333333333;10.66666667;0;0;0;0;0;0;0;0;0;0;1.333333333;0;119.6862745;25.64705882;0;0;0;0;0;0;0;0;2.666666667;0;0;0;0;0;0;0;0;0;0;0;0;0;0;0;0;0;0;0;0;0;0;0;0;0;0;0;0;0;0;0;0;0;0;0;0;1.333333333;0;1.333333333;0;0;0;0;0;0;0;0;0;0;0;0;0;0;0;0;0;0;0;0;0;2.666666667;0;0;0;0;0;0;0;0;0;0;0;0;0;0;0;0;0;0;0;0;0;0;0;0;0;0;0;0;0;0;0;0;0;2.666666667;0;0;4;0;0;0;0;0;5040;0;0;0;0;0;1.333333333;0;0;0;0;0;0;0;0;0;0;0;0;0;0;0;0;0;0;0;0;0;1.333333333;0;0;1.333333333;2.666666667;0;0;0;0;0;0;0;0;0;0;0;0;0;0
5;2019;WI;2019_WI;2;0;0;0;0;0;0;0;0;0;0;0;0;0;3.466666667;0;0;0;0;0;0;0;0;0;0;0;0;0;0;0;0;0;0;0;0;0;0;0;0;1.6;0;737.3333333;0;0;0;0;0;0;0;0;0;0;0;0;0;0;0;0;0;0;0;0;0;0;0;0;0;4;0;0;0;0;0;0;0;0;0;0;0;0;0;37.33333333;0;0;0;0;0;0;0;1.6;0;0;0;0;0;0;0;0;0;0;0;0;0;2.133333333;0;0;0;0;0;0;0;0;0;0;0;0;0;0;0;0;0;0;0;0;0;0;0;0;0;0;0;0;0;0;0;0;0;0;0;0;0;0;0;0;0;0;0;3.2;1.6;0;0;0;0;0;0;0;0;0;0;0;0;0;0;0;0;0;0;0;0;0;0;0;0;0;0;0;0;0;0;0;0;0;0;0;0;1.333333333;0;1.333333333;0;0;0;0;0;21.06666667;482.6666667;0;0;0;0;0;0;0;0;0;0;0;0;0;0;0;0;0;0;1.333333333;0;0;0;0;0;0;0;0;0;0;0;0;0;0;0;0;0;0;0;0;0;0;0;0;0;0;0
5;2019;SP;2019_SP;3;0;0;0;0;0;0;0;0;0;0;0;0;0;14.66666667;0;0;0;0;0;0;0;0;0;0;0;0;0;0;4;0;1.333333333;0;1.333333333;0;0;0;14.66666667;0;0;0;680;1.333333333;0;0;0;0;0;0;0;0;0;0;0;0;0;0;0;0;0;0;0;0;0;0;0;0;5.333333333;0;0;0;0;0;0;0;0;0;0;5.333333333;0;36;122.6666667;0;0;2.666666667;0;0;0;0;0;0;0;0;0;0;0;0;0;0;0;0;0;0;9.333333333;0;0;0;0;0;0;0;0;0;4;0;0;0;0;0;0;0;0;0;0;0;0;0;0;0;0;1.333333333;0;0;0;0;0;0;0;0;0;0;0;0;0;0;0;0;16;0;0;0;2.666666667;0;0;1.333333333;0;0;2.666666667;2.666666667;0;0;0;0;0;0;0;0;0;33.33333333;0;0;0;0;0;0;0;0;0;0;0;0;0;0;0;0;0;0;0;4;0;0;0;0;1.333333333;1037.333333;0;0;0;0;0;1.333333333;0;0;0;0;0;0;0;0;0;0;0;0;0;0;0;0;0;0;1.333333333;0;0;0;0;0;0;0;0;0;0;0;0;0;0;0;0;0;0;0;0;0
5;2019;SU;2019_SU;4;0;0;0;0;0;0;0;0;0;0;0;0;0;2.666666667;0;4;0;0;0;0;0;0;6.666666667;0;0;0;0;0;5.333333333;0;0;0;0;16;0;0;0;0;0;0;61.33333333;1.333333333;0;0;0;0;0;1.333333333;0;2.666666667;0;0;0;0;0;0;0;0;0;0;0;0;0;0;2.666666667;2.666666667;1.333333333;0;0;0;0;0;0;0;0;0;0;0;0;285.0634249;2194.936575;0;0;4;0;0;0;0;0;0;0;0;0;0;0;0;0;0;1.333333333;0;0;0;1.333333333;0;0;0;0;0;0;0;0;0;0;0;0;0;0;0;0;0;0;0;0;0;0;0;0;0;0;0;0;0;0;0;0;0;0;0;0;0;0;0;0;0;0;0;0;0;0;0;1.333333333;0;0;0;0;0;1.333333333;0;2.666666667;0;0;0;9.333333333;0;0;1.333333333;0;33.33333333;0;0;0;0;0;0;0;0;0;0;0;8;0;0;0;0;33.33333333;0;0;42.66666667;0;0;0;0;0;1832;0;0;0;0;0;8;0;0;0;0;0;0;0;0;0;0;2.666666667;0;0;0;1.333333333;0;0;0;0;0;0;0;0;0;5.333333333;0;0;0;0;0;1.333333333;0;0;0;0;1.333333333;0;0;0;0
5;2020;SU;2020_SU;5;0;0;0;0;0;0;0;0;0;0;0;0;0;88;0;0;0;0;0;0;0;0;16;0;0;0;0;0;0;0;0;0;0;0;0;0;0;0;0;0;243.2;3.2;0;0;0;0;0;0;0;0;0;0;0;0;0;0;0;0;0;1.6;0;0;0;0;0;1.6;1.6;0;0;0;0;0;0;0;0;0;0;0;0;19.2;2192;0;0;4.8;0;0;1.6;0;0;0;0;0;0;0;0;0;0;0;22.4;0;0;0;3.2;0;0;0;0;0;0;0;0;0;0;0;0;0;0;0;0;0;0;0;0;0;0;0;0;0;0;0;0;0;0;0;0;0;0;0;0;0;0;0;0;0;0;0;0;0;0;0;0;0;0;0;0;0;0;0;0;0;0;0;0;0;0;0;0;54.4;0;0;0;0;0;0;0;0;0;0;0;0;0;0;0;0;8;0;0;3.2;0;0;0;0;0;11302.4;0;0;0;0;0;0;0;0;0;0;0;0;0;0;0;0;0;3.2;0;0;0;0;0;0;0;0;0;0;0;0;0;0;0;0;0;0;0;0;0;0;0;1.6;0;0;0;0
5;2020;AU;2020_AU;6;0;0;0;0;0;0;0;0;0;0;0;0;0;0;0;0;0;0;0;0;0;0;9.6;0;0;0;0;0;0;0;0;0;0;0;0;0;0;0;0;0;244.8;27.2;0;0;0;0;0;0;0;0;0;0;0;0;0;0;0;0;0;0;0;0;0;0;0;0;3.2;0;0;0;0;0;0;0;0;0;0;0;0;8;233.6;0;0;0;0;0;0;4.8;0;0;0;0;0;0;0;0;0;0;0;0;0;0;0;0;0;0;0;0;0;0;0;0;0;0;0;0;0;0;0;0;0;0;0;0;0;0;0;0;0;0;0;0;0;0;0;0;0;0;0;0;0;0;0;0;0;0;0;0;0;0;0;0;0;0;0;0;0;0;0;0;0;0;0;0;0;0;0;12.8;0;0;0;0;0;0;0;0;0;0;0;0;0;0;0;0;4.8;4.8;1.6;4.8;0;0;0;0;0;595.2;0;0;0;0;0;0;0;0;0;0;0;0;0;0;0;0;0;0;0;0;0;0;0;0;0;0;0;0;0;0;0;0;0;0;1.6;0;0;0;0;0;0;0;0;0;0;0
5;2021;WI;2021_WI;7;0;0;0;0;0;0;0;0;0;0;0;0;0;49.22616822;0;0;0;0;0;0;0;0;128;0;0;0;0;0;0;0;0;1.6;0;0;25.6;0;9.6;0;0;0;1913.6;0;0;0;0;0;0;0;0;0;0;0;0;0;0;0;0;0;0;0;0;0;0;0;0;0;3.2;0;0;0;0;0;0;0;0;0;0;0;0;38.4;179.2;0;0;0;0;0;4.8;0;52.63551402;0;0;0;0;0;0;0;0;0;0;0;0;0;11.6635514;0;0;0;0;0;0;0;0;0;0;0;0;0;0;0;1.6;0;0;0;0;0;0;0;0;0;0;0;0;0;0;0;0;0;0;0;0;0;0;0;0;0;0;0;23.95514019;0;0;0;38.4;0;12.8;0;0;0;0;33.6;0;0;0;0;0;0;0;0;0;67.2;0;0;0;0;0;0;0;0;0;0;0;0;0;0;0;0;716.8;0;0;0;0;0;0;0;25.71962617;448;0;0;3.2;1.6;0;0;0;0;0;0;0;0;0;0;0;0;0;0;0;0;0;0;0;1.6;0;0;0;0;0;0;1.6;0;0;0;1.6;0;4.8;0;0;1.6;0;0;0;0;0;0
5;2021;SP;2021_SP;8;0;0;0;0;0;0;0;0;0;0;0;0;0;136;0;0;0;0;0;0;0;0;48;0;0;3.2;0;0;0;0;0;0;0;0;0;0;6.4;0;0;0;124.8;0;0;0;0;0;0;0;0;0;0;0;0;0;0;0;0;0;0;0;0;0;0;0;0;3.2;4.8;0;0;0;0;0;0;0;0;0;0;0;0;35.2;243.2;0;0;1.6;0;0;1.6;0;1.6;0;0;0;0;0;0;0;0;0;12.8;0;0;0;38.4;0;0;0;0;1.6;0;0;0;0;0;0;0;0;0;0;0;0;0;0;0;0;0;0;0;0;0;0;0;0;0;6.4;0;1.6;0;0;0;0;0;0;0;0;0;0;72;0;0;0;3.2;0;0;0;12.8;0;0;41.6;1.6;0;0;0;0;0;0;0;0;48;0;1.6;0;0;0;0;0;0;0;0;0;0;0;0;0;0;716.8;0;0;1.6;0;1.6;0;0;16;3891.2;0;0;0;0;0;51.2;0;0;0;0;0;0;0;0;0;0;0;0;0;0;0;0;0;0;0;0;0;0;0;0;0;0;0;0;0;0;1.6;0;0;0;0;1.6;0;0;0;0
5;2021;SU;2021_SU;9;0;14.4;0;0;0;0;0;0;0;0;0;0;0;19.2;0;0;0;0;0;0;0;0;398.4;0;0;0;0;0;0;0;0;0;0;0;0;0;44.8;0;0;0;1323.2;38.4;0;0;0;1.6;0;0;1.6;76.8;0;0;0;0;0;0;0;0;0;0;0;0;0;0;0;0;0;0;0;0;0;0;0;0;0;1.6;0;0;0;0;1126.4;0;0;14.4;0;0;320;0;0;0;0;0;0;0;0;0;0;0;0;0;0;0;0;0;0;0;0;28.8;1.6;0;0;0;0;0;0;0;0;0;0;0;0;0;0;0;0;0;0;0;0;0;0;0;0;0;0;0;0;0;0;0;0;0;0;0;0;0;0;0;0;0;0;0;0;0;0;0;0;0;1.6;0;0;0;0;0;0;0;0;9.6;0;0;0;0;0;0;0;0;0;0;0;0;3.2;0;0;0;140.8;0;0;0;0;0;0;0;0;883.2;0;0;0;0;0;0;0;0;0;0;0;0;9.6;0;0;0;0;0;30.4;0;0;4.8;0;0;0;0;0;0;0;0;0;0;0;0;0;0;4.8;0;0;0;0;4.8;0;0;0;0
5;2021;AU;2021_AU;10;0;0;0;0;0;0;0;0;0;0;0;0;0;0;0;0;0;0;0;0;0;0;115.2;0;0;0;0;0;0;1.6;0;0;0;0;0;0;6.4;0;0;0;398.4;0;0;0;0;0;0;0;0;0;0;0;0;0;0;3.2;24;0;0;0;0;0;0;0;0;0;0;0;0;0;0;0;0;1.6;0;0;0;0;0;0;112;0;0;1.6;0;0;22.4;0;1.6;0;0;0;0;0;0;0;0;0;0;0;0;0;0;1.6;0;0;0;6.4;0;0;0;0;0;0;0;0;0;0;0;0;0;0;0;0;0;0;0;0;0;0;0;0;0;0;0;0;0;0;0;0;0;0;0;0;0;0;0;0;0;0;3.2;0;0;0;0;0;0;0;3.2;0;0;0;0;0;0;0;0;43.2;0;0;0;0;0;0;0;0;0;0;0;0;0;0;0;0;8;1.6;3.2;1.6;0;0;0;0;0;244.8;0;0;12.8;0;0;0;0;0;0;0;0;0;1.6;0;0;0;0;0;0;0;0;0;0;0;0;0;0;0;0;0;11.2;0;0;0;0;0;12.8;0;0;1.6;0;1.6;0;0;0;0
5;2022;WI;2022_WI;11;0;0;0;0;0;0;0;0;1.6;0;0;0;0;10.86792453;0;0;0;0;0;0;0;0;73.6;0;0;0;0;0;0;0;0;0;0;0;11.2;0;3.2;0;0;0;2641.6;0;0;0;0;0;0;0;0;16;0;0;0;0;0;0;0;0;0;0;0;0;0;0;0;0;0;0;0;0;0;0;0;0;0;0;0;0;0;4.8;9.6;0;0;0;0;0;11.2;0;109.8566038;0;0;0;0;0;0;0;0;0;0;0;0;1.6;0;0;0;0;0;0;0;0;0;0;0;0;0;0;0;0;0;0;0;0;0;0;0;0;0;0;0;0;0;0;3.2;0;0;0;0;0;0;0;0;0;0;0;0;30.00754717;3.773584906;6.430188679;0;0;9.6;0;0;0;0;0;0;158.4;0;0;0;0;0;0;0;0;0;276.8;0;0;0;0;0;0;0;0;0;0;0;0;0;0;0;0;0;0;4.8;0;0;0;0;0;19.86415094;12.8;0;0;12.8;1.6;0;0;0;0;0;0;0;0;0;0;0;0;0;1.6;3.2;0;0;0;0;0;1.6;0;0;0;0;0;4.8;0;0;0;0;0;8;0;0;1.6;0;0;0;0;0;0
5;2022;SP;2022_SP;12;0;0;0;0;0;0;0;0;0;0;0;0;0;30.4;0;0;0;0;0;0;0;0;14.4;0;0;0;0;0;0;0;0;0;0;0;0;0;30.4;0;0;0;217.6;0;0;0;0;0;0;0;0;0;0;0;0;0;0;0;0;0;0;0;0;0;0;0;0;0;0;0;0;0;0;0;0;0;0;0;0;0;0;0;91.2;0;0;1.6;0;0;9.6;0;0;0;0;0;0;0;0;0;0;0;0;0;0;20.8;0;0;0;0;0;0;0;0;0;0;0;0;0;0;0;0;0;0;0;0;0;0;0;0;0;0;0;0;0;0;0;6.4;0;0;0;0;0;0;0;0;0;0;0;0;4.8;0;0;0;0;0;0;1.6;0;0;0;1.6;0;0;0;0;0;0;0;0;0;19.2;0;0;0;0;0;0;0;0;0;0;0;0;0;0;0;0;28.8;0;0;0;0;1.6;0;0;8;4.8;0;0;0;0;0;0;0;0;0;0;0;0;0;0;0;0;0;0;0;0;0;0;0;0;0;0;1.6;0;0;0;4.8;0;0;0;0;0;0;0;0;0;0;0;0;0;0;0
5;2022;SU;2022_SU;13;0;25.6;0;0;0;0;0;0;0;0;0;0;0;1.6;0;0;0;0;0;0;0;0;14.4;0;0;0;0;0;0;0;0;0;0;0;0;0;0;0;0;0;3532.8;43.2;0;0;0;0;0;0;0;0;0;0;0;0;0;0;0;0;0;0;0;0;0;0;0;0;0;0;0;0;0;0;0;0;0;0;0;0;0;0;20.8;0;0;12.8;0;0;8;0;0;0;0;0;0;0;0;0;0;0;0;0;0;1.6;0;0;0;0;0;0;0;0;0;0;0;0;0;0;0;0;0;0;0;0;0;0;0;0;0;0;0;0;0;0;0;0;0;0;0;0;0;0;0;0;0;0;0;0;0;0;0;0;0;0;0;0;0;0;0;0;11.2;0;0;0;0;0;0;0;0;30.4;0;0;0;0;0;0;0;0;0;0;0;0;0;0;0;0;3.2;0;0;0;0;0;0;0;0;0;0;0;0;0;0;0;0;0;0;0;0;0;0;0;0;0;0;1.6;1.6;0;0;0;0;0;0;0;0;20.8;0;0;0;0;0;0;0;0;0;0;0;0;0;0;0;0;0;0
5;2022;AU;2022_AU;14;0;0;0;0;0;0;0;0;0;0;0;0;0;0;0;0;0;0;0;0;0;0;8;0;0;0;0;0;0;0;0;0;0;0;0;0;6.4;0;0;0;768;0;0;0;0;0;0;0;0;6.4;0;0;0;0;0;0;30.4;0;0;0;0;0;0;0;0;0;0;0;0;0;0;0;0;0;0;0;0;0;8;0;0;0;0;0;0;0;8;0;30;0;0;0;0;0;0;0;0;0;0;0;0;16;0;0;0;0;0;0;0;0;0;0;0;0;0;0;0;0;0;0;0;0;0;0;0;0;0;0;0;0;0;0;0;0;0;0;0;0;0;0;0;0;0;0;0;0;0;0;0;0;1.6;0;0;0;0;0;0;0;1.6;0;0;0;0;0;0;0;0;217.6;0;0;0;0;0;0;0;0;0;0;0;0;0;0;0;0;6.4;0;0;0;0;0;0;0;1.428571429;0;0;0;0;0;0;0;0;0;0;0;0;0;0;0;0;0;0;0;0;0;0;0;0;0;0;0;0;0;0;0.571428571;6.4;0;0;0;0;0;4.8;0;0;0;0;0;0;0;0;0
5;2023;WI;2023_WI;15;0;0;0;0;0;0;0;0;0;0;0;0;0;0;0;0;0;0;0;0;0;0;0;0;0;0;0;0;0;0;0;0;0;0;0;0;0;0;0;0;6.4;0;0;0;0;0;0;0;0;0;0;0;0;0;0;0;0;0;0;0;0;0;0;0;0;0;0;0;0;0;0;0;0;0;0;0;0;0;0;0;3.2;0;0;0;0;0;0;0;9.6;0;0;0;0;0;0;0;0;0;0;0;0;3.2;0;0;0;0;0;0;0;0;0;0;0;0;0;0;0;0;0;0;0;0;0;0;0;0;0;0;0;0;0;0;0;0;0;24;0;0;0;0;0;0;0;0;0;0;0;0;0;0;0;0;0;0;0;0;0;187.2;0;0;0;0;0;0;0;0;0;12.8;0;0;0;0;0;0;0;0;0;0;0;0;0;0;0;0;0;0;0;0;0;0;0;0;6.4;0;0;0;0;0;0;0;0;0;0;0;0;0;0;0;0;0;0;0;0;0;0;0;0;1.6;0;0;0;0;0;3.2;0;0;0;0;0;0;0;0;0;0;0;0;0;0;0;0
5;2023;SP;2023_SP;16;0;0;0;0;0;0;0;0;0;0;0;0;0;0;0;0;0;0;0;0;0;0;8;0;0;0;0;0;0;0;0;0;0;0;0;0;17.6;0;0;0;38.4;0;0;0;0;0;0;0;0;0;0;0;0;0;0;0;1.6;0;0;0;0;0;0;0;0;0;0;0;0;0;0;0;0;0;0;0;0;0;0;8;73.6;0;0;0;0;0;0;0;0;0;0;0;0;0;0;0;0;0;40;0;0;8;0;0;0;0;0;0;0;0;0;0;0;0;0;0;0;0;0;0;0;0;0;0;0;0;0;0;0;0;0;0;0;8;0;0;0;0;0;0;0;0;0;0;0;0;0;0;0;0;1.6;0;0;0;0;0;0;1.6;0;0;0;0;0;0;0;0;0;83.2;0;0;0;0;0;0;0;0;0;0;0;0;0;0;0;0;0;0;0;0;0;0;0;0;1.6;9.6;0;0;16;0;0;1.6;0;0;0;0;0;0;0;0;0;0;0;0;0;0;0;0;0;65.6;25.6;0;0;0;0;0;3.2;0;0;0;0;0;6.4;0;0;0;0;0;0;0;0;0
6;2018;AU;2018_AU;1;0;0;0;0;0;0;0;0;0;0;0;0;0;0;0;0;0;0;0;0;1.333333333;0;0;0;0;0;0;0;26.66666667;0;0;0;0;2.666666667;0;0;4;0;9.333333333;0;38.66666667;0;0;0;0;0;0;0;0;0;0;0;0;0;0;0;0;0;0;0;0;0;0;0;45.33333333;0;1.333333333;0;0;0;0;0;0;0;0;0;0;0;0;565.2535211;233.4131455;0;0;0;0;0;0;0;0;0;0;0;0;0;0;0;0;0;0;0;0;0;0;0;0;0;0;0;0;0;0;0;0;0;0;0;0;0;0;0;0;0;0;0;0;0;0;0;12;0;0;0;0;0;0;0;0;0;0;0;0;0;0;0;0;0;0;0;0;0;12;0;6.666666667;0;0;0;0;0;0;0;0;0;1.333333333;0;0;0;0;0;0;0;0;0;0;0;0;0;0;0;0;0;0;0;0;0;38.66666667;0;0;0;0;0;0;0;2.666666667;0;0;0;0;0;0;0;0;0;0;0;0;0;0;0;0;2.666666667;0;0;0;0;0;0;0;0;0;0;0;0;0;0;1.333333333;0;0;0;0;0;8;0;0;0;0;0;0;0;0;0
6;2019;WI;2019_WI;2;0;0;0;0;0;0;0;0;0;0;0;0;0;1.263157895;0;0;0;0;0;0;0;0;0;0;0;0;0;54.66666667;0;0;0;0;0;0;2.666666667;0;14.66666667;0;7.578947368;0;12;0;0;0;0;0;0;0;0;0;0;0;0;0;0;0;0;0;0;0;0;0;0;0;52;0;4;0;0;0;0;0;0;0;0;0;0;0;0;1923.791771;656.2082291;0;0;0;0;0;0;0;0;0;0;0;0;0;0;0;0;0;0;0;0;0;17.68421053;0;0;0;0;0;0;0;0;0;0;0;0;0;0;0;0;0;0;0;0;0;0;0;0;0;2.666666667;0;0;0;0;0;0;0;0;0;0;0;0;0;0;0;0;0;0;0;0;0;8;0;0;0;0;0;0;0;1.333333333;0;1.333333333;0;2.666666667;0;0;0;0;0;0;0;0;0;0;0;0;0;0;0;0;0;0;0;0;0;69.33333333;0;0;0;0;0;0;0;41.47368421;0;0;0;0;5.333333333;0;1.333333333;0;0;0;0;0;0;0;0;0;0;2.666666667;0;0;0;0;0;0;0;0;0;0;0;0;0;2.666666667;0;0;0;0;0;8;0;0;0;0;0;0;0;0;0
6;2019;SP;2019_SP;3;0;0;0;0;0;0;0;0;0;0;0;0;0;1.333333333;0;0;0;0;0;0;2.666666667;0;0;0;0;0;0;44.86792453;89.79874214;0;0;0;0;0;0;18.66666667;84;0;8;0;0;0;0;0;0;0;0;0;0;0;0;0;0;0;0;1.333333333;0;0;0;0;0;0;0;0;29.33333333;20;10.66666667;0;0;0;0;0;0;0;0;0;0;0;0;221.8389028;876.8277639;0;0;0;0;0;0;0;0;0;0;0;0;0;0;0;0;0;0;0;0;0;17.33333333;0;0;0;0;0;0;0;0;0;0;0;0;0;0;0;0;0;0;0;0;0;0;0;0;0;16;0;0;0;0;0;0;0;0;0;0;0;0;0;0;0;0;0;0;0;0;0;0;0;0;0;0;0;0;0;0;0;0;0;0;0;0;0;0;0;0;0;0;0;0;0;0;0;0;0;0;0;0;0;0;0;49.33333333;0;0;0;0;0;0;0;1.333333333;0;0;0;0;0;0;0;0;0;0;0;0;0;0;0;0;0;1.333333333;0;0;0;0;0;0;0;0;0;0;0;0;0;0;0;0;0;0;0;5.333333333;0;0;0;0;0;0;0;0;0
6;2019;SU;2019_SU;4;0;0;0;0;0;0;0;0;0;0;0;0;0;0;0;1.333333333;0;0;0;0;5.333333333;0;0;1.333333333;0;0;0;0;41.33333333;0;0;0;0;2.666666667;0;0;0;0;0;0;54.66666667;0;0;0;0;0;0;0;0;0;0;0;0;0;0;4;0;0;0;0;0;0;0;0;2.666666667;0;1.333333333;0;0;0;0;0;0;0;0;0;0;0;1.333333333;1156.998712;1197.667955;0;0;17.33333333;0;0;0;0;0;0;0;0;0;0;0;0;0;0;0;0;0;0;1.333333333;0;0;0;0;0;0;0;0;0;0;0;0;0;0;0;0;0;0;0;0;0;0;0;0;1.333333333;0;0;0;0;0;0;0;0;0;0;0;0;0;0;0;0;0;0;0;0;0;0;2.666666667;0;1.333333333;0;0;0;0;0;16;0;0;0;4;0;0;0;0;9.333333333;0;0;0;0;0;0;0;0;1.333333333;0;0;22.66666667;0;0;0;0;129.3333333;0;0;0;0;0;0;0;1.333333333;0;0;0;0;5.333333333;0;1.333333333;0;0;0;0;0;0;0;0;0;0;13.33333333;0;0;0;0;0;0;0;0;0;0;0;0;0;0;0;0;0;0;0;12;0;0;0;0;0;0;0;0;0
6;2020;SU;2020_SU;5;0;12.8;0;0;0;0;0;0;0;0;0;0;0;0;0;0;0;0;0;0;0;0;0;0;0;0;0;0;0;0;0;0;0;4.8;0;1.6;0;0;0;0;760;0;0;0;0;0;0;0;0;0;0;0;0;0;0;11.2;0;0;1.6;1.6;0;0;0;0;1.6;0;4.8;0;0;0;0;0;0;0;0;8;0;0;0;3827.2;6720;0;0;6.4;0;0;22.4;0;0;0;0;0;0;0;0;0;0;0;0;0;0;0;0;0;0;0;0;0;0;0;0;0;0;0;0;0;0;0;0;0;0;0;0;0;0;0;0;0;0;0;0;0;0;0;0;0;0;0;0;0;0;0;0;0;0;0;0;0;0;0;27.2;0;1.6;0;0;0;0;0;57.6;0;0;0;0;0;0;0;0;428.8;0;0;0;0;0;0;0;0;0;0;0;19.2;0;0;0;0;145.6;0;0;0;0;0;0;0;1.6;0;0;0;0;182.4;0;14.4;0;0;0;0;0;0;0;0;0;0;59.2;0;0;0;0;11.2;0;0;0;0;0;0;0;0;0;0;0;0;0;0;22.4;0;0;0;0;0;3.2;0;0;0
6;2020;AU;2020_AU;6;0;0;0;0;0;0;0;0;0;0;0;0;0;0.933333333;0;4.8;0;0;0;0;0;0;0;0;0;0;0;0;0;0;0;0;0;0;0;0;0;0;0.4;0;35.2;0;0;0;0;0;0;0;0;0;0;0;0;0;0;0;0;0;0;0;0;0;0;0;0;0;0;0;0;0;0;0;0;0;0;0;0;0;0;3.2;1.6;0;0;0;0;0;1.6;0;2.133333333;0;0;0;0;0;0;0;0;0;0;0;0;0;0.133333333;0;0;0;0;0;0;0;1.6;0;0;0;0;0;1.6;0;0;0;0;0;0;0;0;0;0;0;0;0;0;0;0;0;0;0;0;0;0;0;0;0;0;0;0;0;2.666666667;1.066666667;0;0;6.4;0;0;0;0;0;0;0;3.2;0;0;0;0;0;0;0;0;51.2;0;0;0;0;0;0;0;0;0;0;0;0;0;0;0;0;104;0;0;0;0;0;0;0;2.266666667;0;0;0;0;0;0;3.2;0;0;0;0;0;0;0;0;0;28.8;1.6;0;0;0;0;0;0;0;0;0;0;0;0;0;0;0;0;0;0;0;11.2;0;0;0;0;0;0;0;0;0
6;2021;WI;2021_WI;7;0;0;0;0;0;0;0;0;0;0;0;0;0;4.511111111;0;1.6;0;0;0;0;0;0;3.2;0;0;0;0;0;0;0;0;0;0;0;0;1.6;6.4;0;1.933333333;0;289.6;0;0;0;0;0;0;0;0;36.8;0;0;0;0;0;0;0;0;0;0;0;0;0;0;35.2;0;0;4.8;0;0;0;0;0;0;0;0;0;0;8;0;4.8;0;0;0;0;0;1.6;0;32.71111111;0;0;0;0;0;0;0;0;0;3.2;0;0;0;0.644444444;0;0;0;0;0;0;0;0;0;0;0;0;0;0;0;0;0;0;0;0;0;0;0;0;0;0;0;0;0;0;0;0;0;0;0;0;0;0;0;0;0;0;0;16.08888889;17.95555556;0;0;8;0;0;0;0;0;0;1075.2;3.2;0;3.2;0;0;0;0;0;0;107.2;0;0;0;0;0;0;0;0;0;0;0;0;0;0;0;0;240;0;1.6;0;0;0;0;0;38.15555556;0;0;0;0;0;0;8;0;0;0;0;0;0;0;0;0;0;0;0;0;0;0;0;0;4.8;0;3.2;0;0;0;0;0;0;0;0;0;0;12.8;0;0;0;0;0;0;0;0;0
6;2021;SP;2021_SP;8;0;0;0;0;0;0;0;0;0;0;0;0;0;11.51111111;0;0;0;0;0;0;0;0;1.6;0;0;0;0;0;0;0;0;0;0;0;0;44.8;73.6;0;4.933333333;0;1038.4;0;0;0;0;0;0;0;0;0;0;0;0;0;0;6.4;0;0;0;0;0;0;0;0;25.6;0;3.2;9.6;0;0;0;0;0;0;0;0;0;0;3.2;0;4.8;0;0;0;0;0;0;0;3.911111111;0;0;0;0;0;0;0;0;0;126.4;0;0;0;1.644444444;0;0;0;0;0;0;0;0;0;0;0;0;0;0;0;0;0;0;0;0;0;0;0;0;0;0;0;0;0;0;0;0;0;0;0;0;0;0;0;0;0;0;0;29.68888889;0.355555556;0;0;0;0;0;0;0;0;0;36.8;0;0;0;0;0;0;0;0;0;286.4;0;0;0;0;0;0;0;0;0;0;0;0;0;0;0;0;480;0;0;0;1.6;0;0;0;0.755555556;0;0;0;0;0;0;11.2;0;0;0;0;0;0;0;0;0;0;0;0;0;0;0;0;0;0;0;1.6;0;0;0;0;6.4;0;0;0;0;0;11.2;0;0;0;0;0;0;0;0;0
6;2022;WI;2022_WI;9;0;0;0;0;0;0;0;0;0;0;0;0;0;0;0;0;0;0;0;0;0;0;0;0;0;0;0;0;0;0;0;0;0;0;0;0;0;0;0;0;174.4;0;0;0;0;0;0;0;0;3.2;0;0;0;0;0;0;0;0;0;0;0;0;0;0;0;0;0;0;0;0;0;0;0;0;0;0;0;0;11.2;0;0;0;0;0;0;0;0;0;85.64705882;0;0;0;0;0;0;0;0;0;0;0;0;3.2;0;0;0;0;0;0;0;0;0;0;0;0;0;0;0;0;0;0;0;0;0;0;0;0;0;0;0;0;0;0;0;0;0;0;0;0;0;0;0;0;0;0;0;0;5.571764706;15.41647059;0;0;1.6;0;0;0;0;0;0;398.4;0;0;0;0;0;0;0;0;0;9.6;0;0;0;0;0;0;0;0;0;0;0;0;0;0;0;0;16;0;0;0;0;0;9.6;0;1.825882353;0;0;0;0;1.6;0;0;0;0;0;0;0;0;0;0;0;0;0;0;0;0;0;0;0;0;0;0;0;0;0;149.1388235;4.8;0;0;0;0;0;1.6;0;0;0;0;0;0;0;0;0
6;2022;SP;2022_SP;10;0;0;0;0;0;3.2;0;0;0;0;0;0;0;0;0;0;0;0;0;0;0;0;0;0;0;0;0;0;0;0;0;0;0;0;0;0;3.2;0;0;0;480;0;0;0;0;0;0;0;0;0;0;0;0;0;0;0;0;0;0;0;0;0;0;0;0;0;0;0;0;0;0;0;0;0;0;0;0;0;11.2;0;0;0;0;0;0;0;0;0;0;0;0;0;0;0;0;0;0;0;116.8;0;0;4.8;0;0;0;0;0;0;0;0;0;0;0;0;0;0;0;0;0;0;0;0;0;0;0;0;0;0;0;0;0;0;0;0;0;0;0;1.6;0;1.6;0;0;0;0;0;0;30.4;0;0;0;0;0;0;0;0;0;0;3.2;0;0;0;0;0;0;0;0;0;9.6;0;0;0;0;0;0;0;0;0;0;0;0;0;0;0;0;48;0;0;0;0;0;17.6;0;1.6;0;0;0;0;0;0;4.8;0;0;0;0;0;0;0;0;0;0;0;0;0;0;0;0;0;4.8;3.2;0;0;0;0;1.6;3.2;0;0;0;0;0;1.6;0;0;0;0;0;0;0;0;0
6;2023;WI;2023_WI;11;0;0;0;0;0;4.8;0;0;0;0;0;0;0;0;0;0;0;0;0;0;0;0;16;0;0;0;0;0;0;0;0;0;0;0;0;0;0;0;0;0;48;0;0;0;0;0;0;0;0;0;0;0;0;0;0;0;0;0;0;0;0;0;0;0;0;0;0;0;0;0;0;0;0;0;0;0;0;0;0;0;0;0;0;0;0;0;0;0;32;0;0;0;0;0;0;0;0;0;0;0;0;6.4;0;0;0;0;0;0;0;0;0;0;0;0;0;0;0;0;0;0;0;0;0;0;0;0;0;0;0;0;0;0;0;0;0;0;0;0;0;0;0;0;0;0;0;0;0;0;0;0;0;0;0;0;0;0;0;72;0;0;0;0;0;0;0;0;0;32;0;0;0;0;0;0;0;0;0;0;0;0;0;0;0;0;3.2;0;0;0;0;0;0;0;0;0;0;0;0;0;0;0;0;0;0;0;0;0;0;0;0;0;0;0;0;0;0;0;0;3.2;1.6;0;0;0;0;49.6;4.8;0;0;0;0;0;0;0;0;1.6;0;0;0;0;0;0
6;2023;SP;2023_SP;12;0;0;0;0;0;1.6;0;0;0;0;0;0;0;0;0;0;0;0;0;0;0;0;102.4;0;0;1.6;0;0;0;0;0;0;0;0;0;0;1.6;0;0;0;832;0;0;0;0;0;0;0;0;0;0;0;0;0;0;0;1.6;0;0;0;0;0;0;0;0;0;0;0;0;0;0;0;0;0;0;0;0;0;0;3.2;8;0;0;0;0;0;0;0;0;0;0;0;0;0;0;0;0;0;36.8;0;0;1.6;0;0;0;0;0;0;0;0;0;0;0;0;0;0;0;0;0;0;0;0;0;0;0;0;0;0;0;0;0;0;0;0;0;0;0;1.6;0;1.6;0;0;0;0;0;0;0;0;0;0;0;0;0;0;0;0;0;1.6;0;0;0;0;0;0;0;0;0;41.6;0;0;0;0;0;0;0;0;0;0;1.6;0;0;0;0;0;19.2;0;0;0;0;0;0;0;0;0;0;0;0;0;0;8;0;0;0;0;0;0;0;0;0;0;0;0;0;0;0;0;0;780.8;1.6;0;0;0;0;0;0;0;0;0;0;0;0;0;0;1.6;0;0;0;0;0;0
7;2020;SU;2020_SU;1;0;0;0;0;0;0;0;0;0;0;0;0;0;0;0;0;0;0;0;0;0;0;0;0;0;0;0;0;0;0;0;0;0;0;0;0;20.8;0;0;0;464;0;0;0;0;0;0;0;0;0;0;0;0;0;0;32;0;0;0;0;0;0;0;0;3.2;0;0;3.2;0;0;0;0;0;0;0;0;0;0;1.6;313.6;1590.4;0;0;0;0;0;0;0;0;0;0;0;0;0;0;0;0;0;3.2;0;0;0;0;0;0;0;0;0;0;0;0;0;0;0;0;0;20.8;0;0;0;0;0;0;0;0;0;0;0;0;0;0;0;0;0;0;0;0;0;0;0;0;0;0;0;0;0;0;0;0;0;32;0;0;0;0;0;0;0;6.4;0;0;0;0;0;0;0;0;643.2;0;0;0;0;0;0;0;0;0;0;0;30.4;0;0;0;0;8000;0;0;0;86.4;0;0;0;14.4;0;0;0;0;249.6;0;0;0;0;0;0;0;0;0;0;0;9.6;20.8;0;0;0;0;0;0;0;0;0;0;0;0;0;0;0;0;0;0;0;27.2;0;0;0;0;0;6.4;0;0;0
7;2023;WI;2023_WI;2;0;0;0;0;0;0;0;0;0;0;0;0;0;0;0;0;0;0;0;0;0;0;0;0;0;0;0;0;0;0;0;0;0;0;0;0;0;0;0;0;1.6;0;0;0;0;0;0;0;0;0;0;0;0;0;0;0;3.2;0;0;0;0;0;0;0;0;0;0;0;0;0;0;0;0;0;0;0;0;0;1.6;0;0;0;0;0;0;0;0;0;0;0;0;0;0;0;0;0;0;0;0;0;0;0;0;0;0;0;0;0;0;0;0;0;0;0;0;0;0;0;0;0;0;0;0;0;0;0;0;0;0;0;0;0;0;0;0;0;0;11.2;0;11.2;0;0;0;0;0;0;0;0;0;0;1.6;0;0;0;0;0;0;0;0;0;0;0;0;0;0;0;0;177.6;0;0;0;0;0;0;0;0;0;0;0;396.8;0;0;0;0;4.8;0;0;0;0;0;60.8;0;0;0;0;0;4.8;1.6;0;0;0;0;0;0;0;0;0;1.6;6.4;0;0;0;0;0;0;0;0;0;0;0;0;0;0;0;9.6;0;0;0;0;0;1.6;0;0;14.4;0;0;0;0;0;0
7;2023;SP;2023_SP;3;0;0;0;0;0;4.8;0;0;0;0;0;0;0;0;0;0;0;0;0;0;0;0;0;0;0;0;0;0;0;0;0;0;0;0;0;0;0;0;0;0;776;0;0;0;0;0;0;0;0;0;0;0;0;0;0;0;0;0;0;0;0;0;0;0;0;0;0;0;0;0;0;0;0;0;0;0;0;0;0;0;0;0;0;0;0;0;0;0;0;0;0;0;0;0;0;0;0;0;0;0;0;0;0;0;0;0;0;0;0;0;0;0;0;0;0;0;0;0;0;0;0;0;0;0;0;0;0;0;0;0;0;0;0;0;0;0;0;0;0;0;0;0;0;0;0;0;0;0;0;0;0;0;0;0;0;0;0;0;0;0;0;0;0;0;0;0;0;108.8;0;0;0;0;0;0;0;0;0;0;0;0;0;0;0;0;3.2;0;0;0;0;0;4.8;0;0;0;0;0;0;0;0;0;0;0;0;0;0;0;0;6.4;0;0;0;0;0;0;0;0;0;0;0;0;0;0;0;0;9.6;0;0;0;0;0;0;0;0;1.6;0;0;0;0;0;0
8;2018;AU;2018_AU;1;0;0;0;0;0;0;0;0;0;0;0;0;0;0;0;0;0;0;0;0;0;0;4;2.666666667;0;0;0;0;5.333333333;0;0;0;0;1.333333333;0;0;4;0;0;0;28;0;0;0;0;0;0;10.66666667;0;0;0;0;0;0;0;0;0;0;0;0;0;0;16;0;26.66666667;0;0;0;0;0;41.33333333;0;0;0;0;0;0;0;0;453.4141414;29.25252525;0;0;0;0;0;0;0;0;0;0;0;0;0;0;0;0;0;0;0;0;0;0;0;0;0;0;0;0;0;0;0;0;0;0;0;0;0;0;0;0;0;0;0;0;0;0;0;0;0;0;0;0;0;0;0;0;0;0;0;0;0;0;0;0;0;0;0;0;2.666666667;21.33333333;0;0;0;0;0;0;0;0;0;0;0;0;0;0;0;0;0;0;0;0;0;0;0;0;0;0;0;0;34.66666667;0;0;0;0;6.666666667;0;0;0;0;0;0;0;0;0;0;0;0;37.33333333;0;0;0;0;0;0;0;0;0;0;0;0;8;0;0;0;0;0;0;0;0;0;0;0;0;0;0;0;0;0;0;0;4;0;0;0;0;0;0;0;0;0
8;2019;WI;2019_WI;2;0;0;0;0;0;0;0;0;0;0;0;0;0;0;0;0;0;0;0;0;0;0;57.33333333;0;0;0;0;76;0;0;0;0;0;0;0;13.33333333;4;0;108.1190476;0;98.66666667;0;0;0;0;0;0;2.666666667;0;0;0;0;0;0;0;17.33333333;0;0;0;0;0;0;17.33333333;0;237.3333333;10.66666667;69.33333333;0;0;0;24;0;0;0;0;0;0;0;0;3479.112843;1034.22049;0;0;0;0;0;0;0;20.89285714;0;0;0;0;0;0;0;0;438.6666667;0;0;0;0;2.845238095;0;0;0;0;0;0;1.333333333;0;0;0;0;0;0;5.333333333;0;0;0;0;0;0;0;0;0;0;5.477477477;18.52252252;0;0;0;0;0;0;8;0;0;0;0;0;0;0;0;0;0;0;0;0;0;28;0;6.666666667;0;0;0;0;361.3333333;0;0;0;0;0;0;0;0;0;0;0;0;0;0;0;0;0;0;0;0;0;10.66666667;0;0;0;0;0;0;0;0;0;0;0;0;258.8095238;0;0;0;0;54.66666667;0;0;0;0;0;0;0;0;0;0;0;17.33333333;6.666666667;1.333333333;0;0;0;0;0;0;0;0;0;0;0;0;1.333333333;0;0;0;0;0;9.333333333;0;0;1.333333333;0;0;0;0;0;0
8;2019;SP;2019_SP;3;0;0;0;0;0;0;0;0;0;0;0;0;0;0;0;0;0;0;0;0;5.333333333;0;4;0;0;0;0;38.66666667;0;0;0;0;0;0;0;0;0;0;33.80952381;0;46.66666667;0;0;0;0;0;0;5.333333333;0;0;0;0;0;0;0;0;0;0;0;0;0;0;29.33333333;0;52;5.333333333;32;0;0;0;28;0;0;0;0;0;0;0;0;809.0831477;53.58351893;0;0;0;0;0;0;0;0.238095238;0;0;0;0;0;0;0;0;17.33333333;0;4;0;0;1.380952381;0;0;0;0;0;0;0;0;0;0;0;0;0;1.333333333;0;0;0;0;0;0;0;0;0;0;40.93693694;7.063063063;0;0;0;0;0;0;1.333333333;0;0;0;0;0;0;0;0;0;0;0;0;2.666666667;4;6.666666667;0;34.66666667;0;0;0;0;0;0;0;0;0;0;0;0;0;0;0;0;0;0;0;0;0;0;0;0;0;0;0;0;0;0;0;22.66666667;0;0;0;0;0;0;0;21.9047619;0;0;0;0;1.333333333;0;0;0;0;0;0;0;0;0;0;0;5.333333333;0;0;0;0;0;0;0;0;0;0;0;0;0;0;1.333333333;0;0;1.333333333;0;0;10.66666667;0;0;0;0;0;1.333333333;0;0;0
8;2019;SU;2019_SU;4;0;0;0;0;0;0;0;0;0;0;0;0;0;0;0;0;0;0;0;0;0;0;0;0;0;0;0;0;0;0;0;0;0;2.666666667;0;24;0;0;9.333333333;0;12;0;0;0;0;0;0;8;0;0;0;0;0;0;0;4;0;0;0;0;0;0;2.666666667;0;58.66666667;18.66666667;1.333333333;0;0;0;94.66666667;0;0;0;0;0;0;0;0;1994.881218;331.7854491;0;0;1.333333333;0;0;0;0;0;0;0;0;0;0;0;0;0;0;32;0;0;0;0;0;0;0;0;0;0;0;0;0;0;0;0;0;6.666666667;0;0;0;0;0;0;0;0;0;0;0.828828829;0.504504505;0;0;0;0;0;0;0;0;0;0;0;0;0;0;0;0;0;0;0;4;1.333333333;2.666666667;0;1.333333333;0;0;0;0;1.333333333;0;0;0;0;0;0;0;0;0;12;0;0;0;0;0;0;0;0;0;0;0;1.333333333;0;0;0;0;4;0;0;0;0;0;0;0;4;0;0;0;0;4;0;0;0;0;0;0;0;0;0;0;0;1.333333333;5.333333333;0;0;0;0;0;0;0;0;0;0;0;0;0;1.333333333;0;0;0;0;0;2.666666667;0;0;0;0;0;0;0;0;0
8;2020;SU;2020_SU;5;0;0;0;0;0;0;0;0;0;0;0;0;0;0;0;0;0;0;0;0;0;0;12.8;1.6;0;0;0;0;0;0;0;0;0;0;0;9.6;3.2;0;9.6;0;3.2;0;0;0;0;0;0;3.2;0;4.8;0;0;0;0;0;20.8;0;0;0;0;0;0;0;0;33.6;1.6;3.2;0;0;0;16;0;0;0;0;0;0;0;0;1625.6;7104;0;0;0;0;0;0;0;0;0;0;0;0;0;0;0;0;0;28.8;0;0;0;0;0;0;0;0;0;0;0;0;0;0;0;0;0;20.8;0;0;0;0;0;0;0;0;0;0;0;3.2;0;0;0;0;0;0;0;0;0;0;0;0;0;0;0;0;0;0;0;0;0;0;0;0;0;0;0;0;124.8;4.8;0;0;0;0;0;0;0;0;8;0;0;0;0;0;0;0;0;0;0;0;25.6;0;0;0;0;12.8;0;0;0;0;0;0;0;0;0;0;0;0;148.8;0;0;0;0;0;0;0;0;0;0;0;8;4.8;0;0;0;0;0;0;3.2;0;0;0;0;0;0;0;0;0;0;0;0;1.6;0;0;0;0;0;3.2;0;0;0
8;2020;AU;2020_AU;6;0;0;0;0;0;0;0;0;0;0;0;0;0;0.053658537;0;0;0;0;0;0;0;0;67.2;0;0;0;0;6.4;0;0;0;0;0;0;0;0;0;0;10.46341463;0;30.4;0;0;0;0;0;0;0;0;0;0;0;0;0;0;28.8;0;0;0;0;0;0;0;0;182.4;3.2;6.4;0;0;0;33.6;0;0;0;1.6;0;0;0;4.8;806.4;2700.8;0;0;0;0;0;0;0;3.273170732;0;0;0;0;0;0;0;0;14.4;0;0;4.8;0;0;0;0;0;0;0;0;0;0;0;0;0;0;0;30.4;0;0;0;0;0;0;0;0;0;0;0;0;0;0;0;0;0;0;0;0;0;0;0;0;0;0;0;0;0;0.053658537;0;0;0;30.4;0;3.2;0;0;0;0;379.2;8;0;0;0;0;0;0;0;0;16;0;0;0;0;0;0;0;0;0;0;0;0;0;3.2;0;0;192;0;0;0;0;0;0;0;3.702439024;0;0;0;0;190.4;0;0;0;0;0;0;0;0;0;0;0;1120;9.6;0;0;0;0;1.6;0;0;0;0;0;0;0;0.053658537;1.6;0;0;0;0;1.6;14.4;0;0;0;0;0;0;0;0;0
8;2021;WI;2021_WI;7;0;0;0;0;0;0;0;0;0;0;0;0;0;0.6;0;0;0;0;0;0;0;0;102.4;0;0;0;0;9.6;0;0;0;0;0;0;0;0;17.6;0;117;0;134.4;0;0;0;0;0;0;0;0;0;0;0;0;0;0;9.6;0;0;0;0;0;0;0;0;99.2;0;6.4;0;0;0;76.8;0;0;0;0;0;0;0;46.4;332.8;3788.8;0;0;0;0;0;0;0;134.2;0;0;0;0;0;0;0;0;6.4;0;0;0;0;0;0;0;0;0;0;0;0;0;0;0;0;0;0;1.6;0;0;0;0;0;0;0;0;0;0;0;0;0;0;0;0;0;0;3.2;0;0;0;0;0;0;0;0;0;0;0.6;0;0;0;44.8;0;0;0;0;0;0;673.6;8;0;0;0;0;0;0;0;0;35.2;0;0;0;0;0;0;0;0;0;0;0;0;0;0;0;0;176;0;0;0;0;0;0;0;123;0;0;0;12.8;73.6;0;88;0;0;0;0;0;0;0;0;0;350.4;4.8;0;0;0;0;0;0;0;0;0;0;0;0;0.6;1.6;0;0;0;0;0;12.8;0;0;0;0;0;1.6;0;0;0
8;2021;SP;2021_SP;8;0;0;0;0;0;0;0;0;0;0;0;0;30.4;1.624390244;0;0;0;0;0;0;0;0;0;0;0;0;0;6.4;0;0;0;0;0;1.6;0;1.6;1.6;0;316.7560976;0;432;0;0;0;0;0;0;0;0;0;0;0;0;0;0;0;0;0;0;0;0;0;1.6;0;62.4;9.6;25.6;0;0;0;124.8;0;0;0;0;0;0;0;3.2;38.4;3836.8;0;0;0;0;0;0;0;1.487804878;0;0;0;0;0;0;0;0;0;16;0;0;0;0;0;0;0;0;0;0;0;0;0;0;0;0;0;0;0;0;0;0;0;0;0;0;0;0;0;0;0;0;0;0;0;0;4.8;0;0;0;0;0;0;0;0;0;0;1.624390244;0;0;3.2;4.8;0;0;0;0;0;0;33.6;3.2;0;0;0;0;0;0;0;0;11.2;0;0;0;0;0;0;0;0;0;0;0;0;0;0;0;0;204.8;0;0;0;1.6;0;0;0;30.48292683;0;0;0;6.4;6.4;0;12.8;0;0;0;0;0;0;0;0;0;104;0;0;0;0;0;0;0;0;0;1.6;0;0;0;1.624390244;1.6;0;0;0;0;0;20.8;0;0;0;0;0;0;0;0;0
8;2021;SU;2021_SU;9;0;0;0;0;0;0;0;0;0;0;0;0;0;0;0;0;0;0;0;0;0;0;25.6;0;0;0;0;0;0;0;0;0;0;4.8;0;3.2;291.2;0;0;0;374.4;0;0;0;0;0;0;0;0;155.2;0;0;0;0;0;0;0;0;0;0;0;0;0;0;8;0;0;0;0;0;16;0;0;0;0;0;0;0;3.2;1427.2;3702.4;0;0;1.6;0;0;1.6;0;0;0;0;0;0;0;0;0;0;0;0;0;0;0;0;0;0;0;0;0;0;0;0;0;0;0;0;0;0;0;0;0;0;0;0;0;0;0;0;0;0;0;0;0;0;0;0;0;0;0;0;0;0;0;0;4.8;0;0;0;0;0;0;35.2;0;0;0;0;0;0;0;43.2;0;0;0;3.2;0;0;0;0;54.4;0;0;0;0;0;0;0;0;0;0;0;0;0;0;0;0;51.2;0;0;0;0;0;0;0;0;0;0;0;51.2;627.2;0;57.6;0;0;0;0;0;0;0;0;0;19.2;28.8;0;0;0;0;0;0;0;0;0;0;0;0;0;1.6;0;0;0;0;1.6;54.4;0;0;0;0;0;0;0;0;0
8;2021;AU;2021_AU;10;0;0;0;0;0;0;0;0;0;0;0;0;0;0;0;0;0;0;0;0;0;0;0;0;0;0;0;1.6;0;0;0;0;3.2;0;0;0;110.4;0;6.048780488;0;72;0;0;0;0;0;0;0;0;0;0;0;0;0;0;43.2;0;0;0;0;0;0;0;0;3.2;0;0;0;0;0;8;0;0;0;0;0;0;0;0;281.6;2867.2;0;0;0;0;0;0;0;1.268292683;0;0;0;0;0;0;0;0;0;0;0;0;1.6;0;0;0;0;0;0;0;0;0;0;0;0;0;0;0;0;0;0;0;0;0;0;0;0;0;0;0;0;0;0;0;0;0;0;0;0;0;0;0;0;0;0;0;0;0;0.019512195;0;0;222.4;0;1.6;0;0;0;0;51.2;11.2;0;0;0;0;0;0;0;0;11.2;0;0;0;0;0;0;0;0;0;0;3.2;0;0;0;0;0;113.6;0;0;0;0;0;0;0;0.663414634;0;0;0;115.2;667.2;0;59.2;0;0;0;0;0;0;0;0;0;52.8;38.4;0;0;0;0;0;0;0;0;0;0;0;0;0;4.8;0;0;0;0;1.6;27.2;0;0;0;0;0;0;0;0;0
8;2022;WI;2022_WI;11;0;0;0;0;0;0;0;0;0;0;0;0;0;0;0;0;0;0;0;0;0;0;128;0;0;0;0;0;0;0;0;0;0;0;6.4;0;150.4;0;225.795122;0;492.8;0;0;0;0;0;0;0;0;0;0;0;0;0;0;0;0;0;0;0;0;0;0;0;116.8;0;0;0;0;0;27.2;0;0;0;0;0;0;0;1.6;179.2;3020.8;0;0;0;0;0;0;0;150.6731707;0;0;0;0;0;0;1.6;0;0;0;0;0;0;0;0;0;0;0;0;0;0;0;0;0;0;0;0;0;0;0;0;0;0;0;0;0;0;0;0;0;0;0;0;0;0;1.6;0;0;0;0;0;0;0;0;0;0;0;0;2.31804878;0;0;641.6;0;1.6;0;0;0;0;960;0;0;0;0;0;0;0;1.6;0;17.6;0;0;0;0;0;0;0;0;0;0;6.4;0;0;0;0;0;155.2;0;0;0;11.2;0;0;0;24.41365854;0;0;0;86.4;185.6;0;3.2;0;0;0;0;0;0;0;0;0;20.8;16;0;0;0;0;0;0;0;0;0;0;0;0;0;0;0;0;0;25.6;0;27.2;0;0;0;0;0;0;0;0;0
8;2022;SP;2022_SP;12;0;0;0;0;0;0;0;0;0;0;0;0;3.2;0;0;0;0;0;0;0;0;0;0;0;0;0;0;0;0;0;0;0;0;0;0;0;110.4;0;543.6097561;0;64;0;0;0;0;0;0;0;0;0;0;0;0;0;0;3.2;0;0;0;0;0;0;0;0;22.4;0;0;0;0;0;84.8;0;0;0;0;0;0;0;3.2;739.2;2193.6;0;0;0;0;0;0;0;10.65365854;0;0;0;0;0;0;0;0;0;0;0;0;1.6;0;0;0;0;0;0;0;0;0;0;0;0;0;0;0;0;0;0;0;1.6;0;0;0;0;0;0;0;0;0;0;0;0;0;3.2;0;0;0;0;0;0;0;0;0;0;0;0.163902439;0;0;113.6;0;0;3.2;0;0;0;19.2;3.2;0;0;0;0;0;0;0;0;0;0;0;0;0;0;0;0;0;0;0;19.2;0;0;0;0;0;24;0;0;0;8;0;0;0;59.97268293;0;0;0;83.2;6.4;0;6.4;0;0;0;0;0;0;0;0;0;220.8;6.4;0;0;0;0;0;0;0;0;0;0;0;0;0;9.6;0;0;0;0;0;30.4;0;0;0;0;0;0;0;0;0
8;2022;SU;2022_SU;13;0;0;0;0;0;0;0;0;0;0;0;0;0;0;0;0;0;0;0;0;0;0;0;0;0;0;0;0;0;0;0;0;0;0;0;0;0;0;2.419512195;0;56;0;0;0;0;0;0;0;0;0;0;0;0;0;0;0;0;0;0;0;0;0;0;0;0;0;0;0;0;0;41.6;0;0;0;0;0;0;0;3.2;206.4;195.2;0;0;0;0;0;0;0;0.507317073;0;0;0;0;0;0;0;0;0;0;0;0;0;0;0;0;0;0;0;0;0;0;0;0;0;0;0;0;0;0;0;0;0;0;0;0;0;0;0;0;0;0;0;0;0;0;0;0;0;0;0;0;0;0;0;0;0;0;0.007804878;0;0;30.4;0;0;0;0;0;0;0;48;0;0;0;0;0;0;0;0;8;0;0;0;0;0;0;0;0;0;0;0;0;0;0;0;0;51.2;0;0;0;0;0;0;0;0.265365854;0;0;0;9.6;73.6;0;20.8;0;0;0;0;0;0;0;0;0;4.8;6.4;0;0;0;0;0;0;0;0;0;0;0;0;0;3.2;0;0;0;0;0;25.6;0;0;0;0;0;0;0;0;0
8;2022;AU;2022_AU;14;0;0;0;0;0;0;0;0;0;0;0;0;0;0;0;0;0;0;0;0;0;0;0;0;0;0;0;0;0;0;0;0;0;0;0;0;19.2;0;5.747572816;0;156.8;0;0;0;0;0;0;1.6;0;0;0;0;0;0;0;30.4;0;0;0;0;0;0;0;0;6.4;0;0;0;0;0;16;0;0;0;0;0;0;0;4.8;201.6;278.4;0;0;0;0;0;0;0;0.621359223;0;0;0;0;0;0;0;0;19.2;0;0;0;0;0;0;0;0;0;0;0;0;0;0;0;0;0;0;0;0;0;0;0;0;0;0;1.6;0;0;0;0;0;0;0;0;0;0;0;0;0;0;0;0;0;0;0;0;0;0;0;0;0;849.6;0;0;0;0;0;0;1043.2;9.6;0;0;0;0;0;0;0;0;19.2;0;0;0;0;0;0;0;0;0;0;0;0;0;0;0;0;691.2;0;1.6;0;0;0;0;0;1.631067961;0;0;0;116.8;75.2;0;22.4;0;0;0;0;0;0;0;0;0;233.6;22.4;0;0;0;0;0;0;1.6;0;0;0;0;0;0;6.4;0;0;0;0;0;16;0;0;0;0;0;0;0;0;0
8;2023;WI;2023_WI;15;0;0;0;0;0;0;0;0;0;0;0;0;0;0;0;0;0;0;0;0;0;0;0;0;0;0;0;0;0;0;0;0;0;3.2;1.6;1.6;153.6;0;215.4097087;0;268.8;0;0;0;0;0;0;0;0;0;0;0;12.8;0;0;20.8;0;0;0;0;0;0;0;0;27.2;0;0;0;0;0;4.8;0;0;0;0;0;0;0;1.6;166.4;214.4;0;0;0;0;0;0;0;35.91456311;0;0;0;0;0;0;0;0;1.6;0;0;0;0;0;0;0;0;0;0;0;0;0;0;0;0;0;0;0;0;0;0;0;0;0;0;0;0;0;1.989189189;1.210810811;0;0;0;0;0;0;6.4;0;0;0;3.2;0;0;0;0;0;0;0;0;0;0;792;0;0;0;0;0;0;953.6;3.2;0;0;0;0;0;0;0;0;24;0;0;0;0;0;0;0;0;0;0;0;0;0;0;0;0;28.8;0;1.6;0;1.6;0;3.2;0;89.47572816;0;0;0;17.6;144;0;0;0;0;0;0;0;0;0;0;0;72;0;0;0;0;0;0;0;11.2;0;0;0;0;0;0;1.6;0;0;0;0;0;8;0;0;0;0;0;0;0;0;0
8;2023;SP;2023_SP;16;0;0;0;0;0;0;0;0;0;0;0;0;0;0;0;0;0;0;0;0;0;0;6.4;1.6;0;0;0;0;0;0;0;0;0;0;0;0;1.6;0;118.4;0;35.2;0;0;0;0;0;0;1.6;0;0;0;0;0;0;0;0;1.6;0;0;0;0;0;0;0;1.6;0;0;0;0;0;136;0;0;0;0;0;0;0;1.6;134.4;297.6;0;0;0;0;0;0;0;0;0;0;0;0;0;0;0;0;12.8;0;0;0;0;0;0;0;0;0;0;0;0;0;0;0;0;0;0;0;0;0;0;0;0;0;0;0;0;0;0;0;0;0;0;0;0;0;1.6;0;0;0;0;0;0;0;0;0;0;0;0;0;0;11.2;0;0;0;0;0;0;8;0;0;0;0;1.6;0;0;0;0;33.6;0;0;0;0;0;0;0;0;0;0;0;1.6;0;0;0;0;19.2;0;0;0;3.2;0;3.2;0;4.8;0;0;0;32;0;0;6.4;0;0;0;0;0;0;0;1.6;0;1.6;1.6;0;0;0;0;0;0;0;0;0;0;0;0;0;12.8;0;0;0;0;0;12.8;0;0;3.2;0;0;0;0;0;0
9;2018;AU;2018_AU;1;0;0;0;0;0;0;0;0;0;0;0;0;0;0;0;0;0;0;0;0;0;0;0;0;0;0;0;0;0;0;0;0;0;1.333333333;0;0;4;0;2.666666667;0;42.66666667;0;0;0;0;0;0;12;0;0;0;0;0;0;0;12;0;0;0;0;0;0;0;0;209.3333333;0;6.666666667;0;0;0;1.333333333;0;0;0;0;0;0;0;0;1178.666667;0;0;0;0;0;0;0;0;0;0;0;0;0;0;0;0;0;0;0;0;0;0;0;0;0;0;0;0;0;0;0;0;0;0;0;0;0;0;0;0;0;0;0;0;0;0;0;0;0;0;0;0;0;0;0;1.333333333;0;0;0;0;0;0;0;0;0;0;0;0;0;3;42.66666667;0;1.333333333;0;0;0;0;0;0;0;0;0;0;0;0;0;0;0;0;0;0;0;0;0;0;0;0;5.333333333;0;30.66666667;0;0;0;0;52;0;0;0;0;0;0;0;0;0;0;0;0;36;0;0;0;0;0;0;0;0;0;0;0;6.666666667;0;0;0;0;0;0;0;0;0;0;0;0;0;0;1.333333333;0;0;0;0;0;20;0;0;0;0;0;0;0;0;0
9;2019;SU;2019_SU;2;0;0;0;0;0;0;0;0;0;0;0;0;0;0;0;0;0;0;0;0;0;0;0;13.33333333;0;0;0;2.666666667;0;0;0;0;0;9.333333333;0;0;1.333333333;0;16;0;36;0;0;0;0;0;0;50.66666667;0;0;0;0;0;0;0;26.66666667;0;0;0;0;0;0;0;0;65.33333333;8;0;0;0;0;12;0;0;0;0;0;0;0;0;13213.33333;0;0;0;0;0;0;0;0;0;0;0;0;12;0;0;0;0;0;0;0;0;0;0;0;0;0;0;0;0;0;0;0;0;0;0;0;2.666666667;0;0;0;0;0;0;0;0;0;0;0;0;0;0;0;0;0;0;0;0;0;0;0;0;0;0;0;0;0;0;0;1.333333333;2.666666667;2.666666667;0;0;0;0;0;0;1.333333333;0;0;0;0;9.333333333;0;0;0;0;9.333333333;0;0;0;0;0;0;0;0;0;5.333333333;0;18.66666667;0;0;0;0;33.33333333;0;0;0;0;0;0;0;0;0;0;0;0;0;0;0;0;0;0;0;1.333333333;0;0;0;0;2.666666667;2.666666667;0;0;0;0;0;0;0;0;0;0;0;0;0;0;0;0;0;0;0;9.333333333;0;0;0;0;0;17.33333333;0;0;0
9;2019;SP;2019_SP;3;0;0;0;0;0;0;0;0;0;0;0;0;0;0;0;0;0;0;0;0;0;0;0;0;0;0;0;16;0;0;0;0;0;0;0;0;6.666666667;0;44;0;268;0;0;0;0;0;0;5.333333333;0;0;0;0;0;0;0;0;0;0;0;0;0;0;0;0;169.3333333;4;1.333333333;0;0;0;10.66666667;0;0;0;0;0;0;0;0;470.6666667;0;0;0;1.333333333;0;0;0;0;1.333333333;0;0;0;0;0;0;0;0;0;0;0;0;0;0;0;0;0;0;0;0;0;0;0;0;0;0;0;0;0;0;0;0;0;0;0;0;0;0;0;0;0;0;0;0;0;0;5.333333333;0;0;0;0;0;0;0;0;0;0;0;0;2.666666667;4;16;0;1.333333333;0;0;0;0;0;0;0;0;0;0;0;0;0;0;0;0;0;0;0;0;0;0;0;0;0;0;0;0;0;0;0;20;0;0;0;0;0;0;0;5.333333333;0;0;0;1.333333333;0;0;0;0;0;0;0;0;0;0;0;0;1.333333333;0;0;0;0;0;0;0;0;0;0;0;0;0;0;0;0;0;46.66666667;0;0;12;0;0;1.333333333;0;0;0;0;0;0
9;2019;WI;2019_WI;4;0;0;0;0;0;0;0;0;0;0;0;0;0;0;0;0;0;0;0;0;0;0;0;0;0;0;0;24;0;0;0;0;0;0;0;0;16;0;65.26553672;0;380;0;0;0;0;0;0;12;0;0;0;0;0;0;0;8;0;0;0;0;0;0;0;0;356;2.666666667;0;0;0;0;6.666666667;0;0;0;0;0;0;0;0;2384;0;0;0;0;0;0;0;0;3.683615819;0;0;0;4;1.333333333;0;0;0;42.66666667;0;0;0;0;0;0;0;0;0;0;0;0;0;0;0;0;0;0;0;0;0;0;0;0;0;0;0;0;0;1.333333333;0;0;0;0;0;0;0;4;0;0;0;0;0;0;0;0;0;0;0;0;1.333333333;5.333333333;41.33333333;0;2.666666667;0;0;0;0;88;0;0;0;0;1.333333333;0;0;0;0;0;0;0;0;0;0;0;0;0;0;0;0;22.66666667;0;0;0;0;41.33333333;0;0;0;1.333333333;0;0;0;9.717514124;0;0;0;0;62.66666667;0;0;0;0;0;0;0;0;0;0;0;6.666666667;0;0;0;0;0;0;0;0;0;0;0;0;0;0;0;0;0;14.66666667;0;0;17.33333333;0;0;1.333333333;0;0;0;0;0;0
9;2020;AU;2020_AU;5;0;0;0;0;0;0;0;0;0;0;0;0;0;0;0;0;0;0;0;0;0;0;0;0;0;0;0;0;0;0;0;0;0;0;0;0;1.6;0;0;0;49.6;0;0;0;0;0;0;0;0;0;0;0;0;0;0;0;0;0;0;0;0;0;0;0;0;4.8;0;0;0;0;0;0;0;0;0;0;0;0;0;0;1.6;0;0;0;0;0;0;0;0;0;0;0;0;0;0;0;0;0;0;0;0;0;0;0;0;0;0;0;0;0;0;0;0;0;0;0;28.8;0;0;0;0;0;0;0;0;0;0;0;0;0;0;0;0;0;0;0;0;0;0;0;0;0;0;0;0;0;0;0;0;4.8;8;0;0;0;0;0;0;120;0;0;0;0;0;0;0;0;0;81.6;0;0;0;0;0;0;0;0;0;0;0;6.4;0;0;0;0;203.2;0;0;0;9.6;1.6;0;0;1.6;0;0;0;1.6;0;0;0;0;0;0;0;0;0;0;0;0;51.2;0;0;0;0;0;0;0;1.6;0;0;0;0;0;0;1.6;0;0;0;0;0;44.8;0;0;3.2;0;0;0;0;0;0
9;2021;AU;2021_AU;6;0;0;0;0;0;0;0;0;0;1.6;0;0;0;0;0;0;0;0;0;0;0;0;0;0;0;0;0;0;0;0;0;0;0;0;0;0;0;0;0;0;1.6;0;0;0;0;0;0;0;0;0;0;0;0;0;0;0;0;0;0;0;0;0;0;0;0;0;0;0;0;0;0;0;0;0;0;0;0;0;0;0;0;0;0;0;0;0;0;0;0;0;0;0;0;0;0;0;0;0;0;0;0;0;0;0;0;0;0;0;0;0;0;0;0;0;0;0;0;0;0;0;0;0;0;0;0;0;0;0;0;0;0;0;0;0;0;0;0;0;0;0;0;0;0;0;0;0;0;0;0;3.2;59.2;0;0;0;0;0;0;0;0;0;0;0;0;0;0;0;0;12.8;0;0;0;0;0;0;0;0;0;0;0;0;0;0;0;1.6;9.6;0;0;0;0;0;0;0;0;0;0;0;44.8;0;0;0;0;1.6;0;0;0;0;0;0;0;0;0;0;0;0;0;0;0;0;0;0;0;0;0;0;0;0;0;0;0;0;3.2;0;0;1.6;0;0;0;0;0;0
9;2021;SP;2021_SP;7;0;0;0;0;0;0;0;0;0;6.4;0;0;1.6;0;0;0;0;0;0;0;0;0;0;0;0;0;0;0;0;0;0;0;0;0;0;0;44.8;0;76.8;0;1009.6;0;0;0;0;0;0;8;0;0;0;0;0;0;0;0;0;0;0;0;0;0;0;0;44.8;0;0;0;0;0;0;0;0;0;0;0;0;0;0;8;0;0;0;0;0;0;0;0;0;0;0;0;0;0;0;0;0;0;268.8;0;0;0;0;0;0;0;0;0;0;0;0;0;0;0;0;0;0;0;0;0;0;0;0;0;0;0;0;0;0;0;0;0;0;0;0;12.8;0;0;0;0;0;0;0;0;0;0;3.2;0;0;1.6;12.8;0;0;0;0;0;0;28.8;0;0;0;0;0;0;0;0;0;51.2;0;0;0;0;0;0;0;0;0;0;0;0;0;0;0;0;313.6;0;0;0;3.2;0;0;0;6.4;0;0;0;20.8;0;0;0;0;0;0;0;0;0;0;0;0;9.6;0;0;0;0;0;0;0;0;0;1.6;0;0;0;0;0;0;0;0;0;0;28.8;0;0;0;0;0;0;0;0;0
9;2021;WI;2021_WI;8;0;0;0;0;0;0;0;0;0;0;0;0;0;0;0;0;0;0;0;0;0;0;0;0;0;0;0;0;0;0;0;0;0;0;30.4;1.6;0;0;19.69230769;0;1187.2;0;0;0;0;0;0;4.8;0;0;0;0;0;0;0;0;0;0;0;0;0;0;0;0;41.6;4.8;0;0;0;0;1.6;0;0;0;0;0;0;0;1.6;0;0;0;0;0;0;0;0;0;16.08205128;0;0;0;0;0;0;0;0;0;28.8;0;0;0;0;0;0;0;0;0;0;0;0;0;0;0;0;0;0;0;0;0;0;0;0;0;0;0;0;0;0;0;0;0;0;0;0;59.2;0;0;0;0;0;0;0;0;0;0;0.820512821;0;0;0;33.6;0;0;0;0;0;0;148.8;0;0;0;0;0;0;0;0;0;614.4;0;0;0;0;0;0;0;0;0;0;0;0;0;0;0;0;419.2;0;0;0;16;0;0;4.020512821;28.18461538;0;0;0;1.6;3.2;0;0;0;0;0;0;0;0;0;0;0;11.2;0;0;0;0;0;0;0;0;0;4.8;0;0;0;0;0;0;0;0;0;0;19.2;0;0;1.6;0;0;0;0;0;0
9;2022;AU;2022_AU;9;0;0;0;0;0;0;0;0;4.8;36.8;0;0;0;0;0;0;0;0;0;0;0;0;0;0;0;0;0;0;0;0;0;0;0;0;0;0;4.8;0;1.393548387;0;4.8;0;0;0;0;0;0;0;0;0;0;0;0;0;0;0;1.6;0;0;0;0;0;0;0;0;0;0;0;0;0;0;0;0;0;0;0;0;0;9.6;0;0;0;0;0;0;0;0;0;42.21935484;0;0;0;0;0;0;0;0;0;0;0;0;0;0;0;0;0;0;0;0;0;0;0;0;0;0;0;0;0;0;0;0;0;1.6;0;0;0;0;0;0;0;0;0;0;0;0;0;0;0;0;0;0;0;0;0;0;0;0;0;0;0;44.8;0;0;0;0;0;0;0;0;0;0;0;0;0;0;0;0;62.4;0;0;0;0;0;0;0;0;0;0;0;0;0;0;0;0;448;0;0;0;1.6;0;0;0;0.464516129;0;0;0;1.6;0;0;4.8;0;0;0;0;0;0;0;0;0;6.4;0;0;0;0;0;0;0;0;0;0;0;0;0;2.322580645;0;0;0;0;0;0;1.6;0;0;4.8;0;0;0;0;0;0
9;2022;SP;2022_SP;10;0;0;0;0;0;0;0;0;0;3.2;0;0;25.6;0;0;0;0;0;0;0;0;0;0;0;0;0;0;0;0;0;0;0;0;0;0;0;208;0;0;0;318.4;0;0;0;0;0;0;0;0;0;0;0;0;0;0;0;0;0;0;0;0;0;0;0;0;0;0;0;0;0;0;0;0;0;0;0;0;0;0;0;0;0;0;0;0;0;0;0;3.2;0;0;0;0;0;0;0;0;0;697.6;0;0;0;0;0;0;0;0;0;0;0;0;0;0;0;0;0;0;0;0;0;0;0;0;0;1.6;1.6;0;0;0;0;0;0;0;0;0;57.6;0;0;0;0;0;0;0;0;0;0;0;0;0;4.8;22.4;0;0;0;0;0;0;168;0;0;0;0;0;0;0;0;0;17.6;0;0;0;0;0;0;0;0;0;0;0;0;0;0;0;0;384;0;0;0;0;0;1.6;0;11.2;0;0;0;20.8;0;0;0;0;0;0;0;0;0;0;0;0;3.2;0;0;0;0;0;0;0;0;25.6;0;0;0;0;0;0;0;0;1.6;0;0;3.2;0;0;0;0;0;0;0;0;0
9;2022;WI;2022_WI;11;0;0;0;0;0;0;0;0;1.6;3.2;1.6;0;0;0;0;0;0;0;0;0;0;0;0;0;0;0;0;0;0;0;0;0;0;0;204.8;0;11.2;0;0;0;129.6;0;0;0;0;0;0;0;0;0;0;0;0;0;0;0;0;0;0;0;0;0;0;0;0;0;0;0;0;0;0;0;0;0;0;0;0;0;3.2;0;0;0;0;0;0;0;0;0;29.14594595;0;0;0;0;0;0;0;0;0;0;0;0;0;0;0;0;0;0;0;0;0;0;0;0;0;0;0;0;0;0;0;0;0;1.6;0;0;0;0;0;0;0;0;0;0;0;0;25.6;0;0;0;0;0;0;0;0;0;0;0;0;0;0;81.6;0;0;0;0;0;0;358.4;0;0;0;0;0;0;0;0;0;96;0;0;0;0;0;0;0;0;0;0;0;1.6;0;0;0;0;115.2;0;0;0;1.6;0;0;0;13.53513514;1.6;0;0;24;0;0;0;0;0;0;0;0;0;0;0;0;3.2;0;0;0;0;0;0;0;3.2;3.2;0;0;0;0;13.31891892;0;0;0;1.6;0;0;4.8;0;0;1.6;0;0;0;0;0;0
9;2023;SP;2023_SP;12;0;0;0;0;0;0;0;0;0;0;0;0;4.8;0;0;0;0;0;0;0;0;0;0;0;0;0;0;0;0;0;0;0;0;0;0;0;0;0;4.8;0;4.8;0;0;0;0;0;0;1.6;0;0;0;0;0;0;0;0;0;0;0;0;0;0;0;0;0;0;0;0;0;0;0;0;0;0;0;0;0;0;0;16;0;0;0;0;0;0;0;0;0;0;0;0;0;0;0;0;0;0;11.2;0;0;0;0;0;0;0;0;0;0;0;0;0;0;0;0;0;0;0;0;0;0;0;0;0;0;0;0;0;0;0;0;0;0;0;0;3.2;0;0;0;0;0;0;0;0;0;0;0;0;0;0;6.4;0;0;0;0;0;0;0;0;0;0;0;0;0;0;0;0;6.4;0;0;0;0;0;0;0;0;0;0;0;0;0;0;0;0;30.4;0;0;0;0;0;0;0;0;0;0;0;1.6;0;0;0;0;0;0;0;0;0;0;0;0;3.2;0;0;0;0;0;0;0;0;0;0;0;0;0;3.2;0;0;0;0;0;0;0;0;0;0;0;0;0;0;0;0
9;2023;WI;2023_WI;13;0;0;0;0;0;0;0;0;0;6.4;0;0;11.2;0;0;0;0;0;0;0;0;0;0;0;0;0;0;0;0;0;0;0;0;0;4.8;0;4.8;0;35.2;0;104;0;0;0;0;0;0;0;0;0;0;0;0;0;0;0;0;0;0;0;0;0;0;0;0;0;0;0;0;0;0;0;0;0;0;0;0;0;1.6;0;0;0;0;0;0;0;0;0;9.6;0;0;0;0;0;0;0;0;0;6.4;0;0;0;0;0;0;0;0;0;0;0;0;0;0;0;0;0;0;0;0;0;0;0;0;0;0;0;0;0;0;0;0;0;0;0;0;44.8;0;0;0;0;0;0;0;0;0;0;0;0;0;0;64;0;0;0;0;0;0;0;0;0;0;0;0;0;0;0;0;20.8;0;0;0;0;0;0;0;0;0;0;0;0;0;0;0;0;33.6;0;0;0;0;0;0;0;9.6;0;0;0;3.2;1.6;0;0;0;0;0;0;0;0;0;0;0;48;0;0;0;0;0;0;0;0;0;0;0;0;0;20.8;0;0;0;0;0;0;0;0;0;3.2;0;0;0;0;0;0
10;2018;AU;2018_AU;1;0;0;0;0;0;0;0;0;0;0;0;0;0;0;0;0;0;0;0;0;0;0;0;0;0;0;0;0;0;0;0;0;0;0;0;0;1.333333333;0;0;0;341.3333333;0;0;0;0;0;0;42.66666667;0;0;0;0;0;0;0;4;0;0;0;0;0;0;0;0;104;0;4;0;0;0;0;0;0;0;0;0;0;0;0;616;0;0;0;0;0;0;0;0;0;0;0;0;0;0;0;0;0;0;0;0;0;0;0;0;0;0;0;0;0;0;0;0;0;0;0;0;1.333333333;0;0;0;0;0;0;0;0;0;0;0;0;0;0;0;0;0;0;0;0;0;0;0;0;0;0;0;0;0;0;0;0;4;177.3333333;0;0;0;0;0;0;0;0;0;0;0;1.333333333;0;0;0;0;0;0;0;0;0;0;0;0;0;0;4;0;22.66666667;0;0;0;0;89.33333333;0;0;0;0;0;0;0;0;0;0;0;0;18.66666667;0;0;0;0;0;0;0;0;0;0;0;4;0;0;0;0;0;0;0;0;0;0;0;0;0;0;0;0;0;0;0;0;25.33333333;0;0;0;0;0;0;0;0;0
10;2019;WI;2019_WI;2;0;0;0;0;0;0;0;0;0;0;0;0;0;0;0;0;0;0;0;0;0;0;0;0;0;0;0;157.3333333;0;0;0;0;0;0;10.66666667;0;12;0;79.86394558;0;253.3333333;0;0;0;0;0;0;41.33333333;0;0;0;0;0;0;0;6.666666667;0;0;0;0;0;0;0;0;298.6666667;1.333333333;2.666666667;0;0;0;18.66666667;0;0;0;0;0;0;0;0;2336;0;0;0;0;0;0;0;0;0;0;0;0;14.66666667;0;0;0;0;16;0;0;0;0;0;0;0;0;0;0;0;0;0;0;0;0;0;0;0;0;0;0;0;0;0;0;0;0;0;0;0;0;0;0;0;0;0;8;0;0;0;0;0;0;0;0;0;0;0;0;0;0;30.66666667;0;1.333333333;0;0;0;0;130.6666667;0;0;0;0;0;0;0;0;0;0;0;0;0;0;0;0;0;0;0;0;0;0;0;0;0;0;198.6666667;0;0;0;1.333333333;0;0;0;0;0;0;0;0;52;0;0;0;0;0;0;0;0;0;0;0;0;0;0;0;0;0;0;0;0;0;0;0;0;0;1.469387755;0;0;0;6.666666667;0;0;36;0;0;0;0;0;0;0;0;1.333333333
10;2019;SP;2019_SP;3;0;0;0;0;0;0;0;0;0;0;0;0;0;0;0;0;0;0;0;0;0;0;0;0;0;0;0;22.66666667;0;0;0;0;0;0;0;0;0;0;45.30612245;0;0;0;0;0;0;0;0;21.33333333;0;0;0;0;0;0;0;1.333333333;0;0;0;0;0;0;0;0;432;4;33.33333333;0;0;0;2.666666667;0;0;0;0;0;0;0;0;698.6666667;0;0;0;0;0;0;0;0;0;0;0;0;32;0;0;0;0;0;0;0;0;0;0;0;0;0;0;0;0;0;0;0;0;0;0;0;1.333333333;0;0;0;0;0;0;0;0;0;0;0;0;0;0;0;0;0;0;2.666666667;0;0;0;0;0;0;0;0;0;0;0;0;1.333333333;5.333333333;6.666666667;0;1.333333333;0;0;0;0;0;0;0;0;0;0;0;0;0;0;0;0;0;0;0;0;0;0;0;0;0;0;4;0;0;0;0;42.66666667;0;0;0;1.333333333;0;0;0;0;0;0;0;1.333333333;0;0;0;0;0;0;0;0;0;0;0;0;4;0;0;0;0;0;0;0;0;0;0;0;0;0;1.360544218;0;0;0;69.33333333;0;0;14.66666667;0;0;1.333333333;0;0;0;0;0;0
10;2019;SU;2019_SU;4;0;0;0;0;0;0;0;0;0;0;0;0;0;0;0;0;0;0;0;0;0;0;0;0;0;0;0;0;0;0;0;0;0;0;0;0;0;0;10.66666667;0;88;0;0;0;0;0;0;65.33333333;0;0;0;0;0;0;0;4;0;0;0;0;0;0;0;0;84;4;4;0;0;0;2.666666667;0;0;0;0;0;0;0;0;30948;0;0;0;0;0;0;0;0;0;0;0;0;52;0;0;0;0;0;0;0;0;0;0;0;0;0;0;0;0;0;0;0;0;0;0;0;4;0;0;0;0;0;0;0;0;0;0;0;0;0;0;0;0;0;0;0;0;0;0;0;0;0;0;0;0;0;0;0;1.333333333;1.333333333;1.333333333;0;0;0;0;0;0;0;0;0;0;0;4;0;0;0;0;13.33333333;0;0;0;0;0;0;0;0;0;0;0;0;0;0;0;0;254.6666667;0;0;0;1.333333333;0;0;0;0;0;0;0;1.333333333;22.66666667;0;0;0;0;0;0;0;0;0;0;0;4;0;0;0;0;0;0;0;0;0;0;0;0;0;0;0;0;0;0;0;0;6.666666667;0;0;0;0;0;1.333333333;0;0;0
10;2020;SU;2020_SU;5;0;0;0;0;0;0;0;0;0;0;0;0;0;0;0;0;0;0;0;0;0;0;0;0;0;0;0;0;0;0;0;0;0;0;0;0;0;0;0;0;104;0;0;0;0;0;0;6.4;0;0;0;0;0;0;0;4.8;0;0;0;0;0;0;0;0;11.2;0;1.6;0;0;0;3.2;0;0;0;0;0;0;0;0;4057.6;0;0;0;0;0;0;0;0;0;0;0;0;0;0;0;0;0;0;0;0;0;0;0;0;0;0;0;0;0;0;0;0;0;0;0;0;0;0;0;0;0;0;0;0;0;0;0;0;0;0;0;0;0;0;0;0;0;0;0;0;0;0;0;0;0;0;0;0;0;0;0;0;0;0;0;0;0;0;0;0;0;0;1.6;0;0;0;0;1593.6;0;0;0;0;0;0;0;0;0;0;0;0;0;0;0;0;256;0;0;0;3.2;0;0;0;0;0;0;0;0;44.8;0;0;0;0;0;0;0;0;0;0;0;4.8;0;0;0;0;0;0;0;0;0;0;0;0;0;0;0;0;0;0;0;0;12.8;0;0;0;0;0;22.4;0;0;0
10;2020;AU;2020_AU;6;0;0;0;0;0;0;0;0;0;0;0;0;0;0;0;0;0;0;0;0;0;0;0;0;0;0;0;0;0;0;0;0;0;0;0;0;0;0;0;0;8;0;0;0;0;0;0;1.6;0;0;0;0;0;0;0;0;0;0;0;0;0;0;0;0;4.8;0;0;0;0;0;0;0;0;0;0;0;0;0;0;640;0;0;0;0;0;0;0;0;0;0;0;0;0;0;0;0;0;0;3.2;0;0;0;0;0;0;0;0;0;0;0;0;0;0;0;0;0;12.8;0;0;0;0;0;0;0;0;0;0;0;0;0;0;0;0;0;0;0;0;0;0;0;0;0;0;0;0;0;0;0;1.6;1.6;20.8;0;0;0;0;0;0;41.6;0;0;0;0;0;0;0;0;0;462.4;0;0;0;0;0;0;0;0;0;0;0;0;0;0;0;0;563.2;0;0;0;0;0;0;0;0;0;0;0;3.2;83.2;0;0;0;0;0;0;0;0;0;0;0;116.8;0;0;0;0;0;0;0;0;0;0;0;0;0;0;0;0;0;0;0;0;20.8;0;0;0;0;0;4.8;0;0;0
10;2021;WI;2021_WI;7;0;0;0;0;0;0;0;0;0;0;0;0;0;0;0;0;0;0;0;0;0;0;0;0;0;0;0;0;0;0;0;0;0;0;0;0;0;0;34.28571429;0;102.4;0;0;0;0;0;0;3.2;0;0;0;0;0;0;0;3.2;0;0;0;0;0;0;0;0;9.6;1.6;1.6;0;0;0;0;0;0;0;0;0;0;0;0;2841.6;0;0;0;0;0;0;0;0;2.971428571;0;0;0;0;0;0;0;0;0;0;0;0;0;0;0;0;0;0;0;0;0;0;0;0;0;0;0;0;0;0;0;0;0;0;0;0;0;0;0;0;0;0;0;0;0;0;0;0;0;0;0;0;0;0;0;0;0;1.371428571;0;0;6.4;179.2;0;0;0;0;0;0;219.2;0;0;0;0;0;0;0;0;0;712;0;0;0;0;0;0;0;0;0;0;0;4.8;0;0;0;0;1107.2;0;0;0;6.4;0;0;0;1.371428571;0;0;0;54.4;187.2;0;0;0;0;0;0;0;0;0;0;0;128;0;0;0;0;0;0;0;0;0;0;0;0;0;0;0;0;0;0;0;0;38.4;0;0;1.6;0;0;0;0;0;1.6
10;2021;SP;2021_SP;8;0;0;0;0;0;0;0;0;0;0;0;0;0;0;0;0;0;0;0;0;0;0;0;0;0;0;0;0;0;0;0;0;0;0;0;6.4;1.6;0;41.42857143;0;145.6;0;0;0;0;0;0;1.6;0;0;0;0;0;0;0;0;0;0;0;0;0;0;0;0;62.4;0;0;0;0;0;20.8;0;0;0;0;0;0;0;0;2752;0;0;0;0;0;0;0;0;0.057142857;0;0;0;0;0;0;0;0;0;76.8;0;0;0;0;0;0;0;0;0;0;0;0;0;0;0;0;0;0;0;0;0;0;0;0;0;0;0;0;0;0;0;0;0;0;0;0;1.6;0;0;0;0;0;0;0;0;0;0;1.657142857;0;0;4.8;1.6;0;0;0;0;0;0;1.6;0;0;0;0;0;0;0;0;0;256;0;0;0;0;0;0;0;0;0;0;0;1.6;0;0;0;0;1907.2;0;0;0;3.2;0;0;0;1.657142857;0;0;0;6.4;8;0;0;0;0;0;0;0;0;0;0;0;41.6;0;0;0;0;0;0;0;0;0;0;0;0;0;0;0;0;0;0;0;0;84.8;0;0;0;0;0;1.6;0;0;0
10;2021;SU;2021_SU;9;0;0;0;0;0;0;0;0;0;0;0;0;0;0;0;0;0;0;0;0;0;0;0;0;0;0;0;0;0;0;0;0;0;0;0;0;0;0;0;0;241.6;0;0;0;0;0;0;0;0;0;0;0;0;0;0;0;1.6;0;0;0;0;0;0;0;0;0;0;0;0;0;0;0;0;0;0;0;0;0;0;328;0;0;0;0;0;0;0;0;0;0;0;0;0;0;0;0;0;0;0;0;0;0;0;0;0;0;0;0;0;0;0;0;0;0;0;0;0;0;0;0;0;0;0;0;0;0;0;0;0;0;0;0;0;0;0;0;0;0;0;0;0;0;0;0;0;0;0;0;0;3.2;19.2;0;0;0;0;1.6;0;0;1.6;0;0;0;1.6;0;0;0;0;3340.8;0;0;0;0;0;0;0;0;0;0;0;0;0;0;0;0;1580.8;0;0;0;0;0;0;0;0;0;0;0;41.6;91.2;0;0;0;0;0;0;0;0;0;0;0;17.6;0;0;0;0;0;0;0;0;0;0;0;0;0;0;0;0;0;0;0;0;35.2;0;0;0;0;0;0;0;0;0
10;2021;AU;2021_AU;10;0;0;0;0;0;0;0;0;0;0;0;0;0;0;0;0;0;0;0;0;0;0;0;0;0;0;0;0;0;0;0;0;0;0;0;0;0;0;3.1;0;0;0;0;0;0;0;0;1.6;0;0;0;0;0;0;0;0;0;0;0;0;0;0;0;0;0;0;1.6;0;0;0;0;0;0;0;0;0;0;0;1.6;419.2;0;0;0;0;0;0;0;0;0.033333333;0;0;0;0;0;0;0;0;0;0;0;0;0;0;0;0;0;0;0;0;0;0;0;0;0;0;0;1.6;0;0;0;0;0;0;0;0;0;0;0;0;0;0;0;0;0;0;0;0;0;0;0;0;0;0;0;0;0;0.066666667;0;0;4.8;80;0;0;0;0;0;0;25.6;0;0;0;0;0;0;0;0;0;17.6;0;0;0;0;0;0;0;0;0;0;0;0;0;0;0;0;339.2;0;0;0;0;0;0;0;0;0;0;0;286.4;121.6;0;0;0;0;0;0;0;0;0;0;0;100.8;0;0;0;0;0;0;0;0;0;0;0;0;0;0;4.8;0;0;0;0;0;36.8;0;0;0;0;0;0;0;0;0
10;2022;WI;2022_WI;11;0;0;0;0;0;0;0;0;0;0;0;0;0;0;0;0;0;0;0;0;0;0;0;0;0;0;0;0;0;0;0;0;0;0;12.8;0;6.4;0;44.95;0;121.6;0;0;0;0;0;0;0;0;0;0;0;0;0;0;3.2;0;0;0;0;0;0;0;0;1.6;0;0;0;0;0;0;0;0;0;0;0;0;0;1.6;470.4;0;0;0;0;0;0;0;0;2.083333333;0;0;0;0;0;0;0;0;0;0;0;0;0;0;0;0;0;0;0;0;0;0;0;0;0;0;0;1.6;0;0;0;0;0;0;0;1.6;0;0;0;0;0;0;0;0;0;0;3.2;0;0;0;0;0;0;0;0;0;0;0.966666667;0;0;3.2;182.4;0;0;0;0;0;0;281.6;0;0;0;0;0;0;0;0;0;41.6;0;0;0;0;0;0;0;0;0;0;0;0;0;0;0;0;174.4;0;0;0;8;0;0;0;0;0;0;0;137.6;145.6;0;0;0;0;0;0;0;0;0;0;0;62.4;0;0;0;0;0;0;0;0;0;0;0;0;0;0;0;0;0;0;0;0;60.8;0;0;4.8;0;0;0;0;0;0
10;2022;SP;2022_SP;12;0;0;0;0;0;0;0;0;0;0;0;0;3.2;0;0;1.6;0;0;0;0;0;0;0;0;0;0;0;0;0;0;0;0;0;0;0;0;4.8;0;148.8;0;188.8;0;0;0;0;0;0;0;0;0;0;0;0;0;0;0;0;0;0;0;0;0;0;0;4.8;0;0;0;0;0;0;0;0;0;0;0;0;0;12.8;92.8;0;0;0;0;0;0;0;0;0;0;0;0;0;0;0;0;0;0;35.2;0;0;0;0;0;0;0;0;0;0;0;0;0;0;0;0;0;0;0;0;0;0;0;0;0;0;0;0;0;0;0;0;0;0;0;0;6.4;0;0;0;0;0;0;0;0;0;0;3.2;0;0;1.6;9.6;0;0;0;0;0;0;3.2;4.8;0;0;0;0;0;0;0;0;91.2;0;0;0;0;0;0;0;0;0;0;0;1.6;0;0;0;0;1824;0;0;0;3.2;0;0;0;0;0;0;0;126.4;22.4;0;0;0;0;0;0;0;0;0;0;0;25.6;0;0;0;0;0;0;0;0;0;0;0;0;0;0;1.6;0;0;1.6;0;0;84.8;0;0;1.6;0;0;0;0;0;0
10;2022;SU;2022_SU;13;0;0;0;0;0;0;0;0;0;0;0;0;0;0;0;0;0;0;0;0;0;0;0;0;0;0;0;0;0;0;0;0;0;0;0;0;1.6;0;0;0;100.8;0;0;0;0;0;0;0;0;0;0;0;0;0;0;0;0;0;0;0;0;0;0;0;0;0;0;0;0;0;0;0;0;0;0;0;0;0;3.2;62.4;0;0;0;0;0;0;0;0;0;0;0;0;0;0;0;0;0;0;0;0;0;0;0;0;0;0;0;0;0;0;0;0;0;0;0;0;0;0;0;0;0;1.6;0;0;0;0;0;0;0;0;0;0;0;0;0;0;0;0;0;0;0;0;0;0;0;0;0;0;0;0;84.8;0;0;0;0;0;0;0;17.6;0;0;0;0;0;0;0;0;3.2;0;0;0;0;0;0;0;0;0;0;0;1.6;0;0;0;0;1006.4;0;0;0;3.2;0;0;0;0;0;0;0;166.4;48;0;0;0;0;0;0;0;0;0;0;0;1160;0;0;0;0;0;0;0;0;0;0;0;0;0;0;1.6;0;0;0;0;0;30.4;0;0;0;0;0;0;0;0;0
10;2022;AU;2022_AU;14;0;0;0;0;0;0;0;0;0;0;0;0;0;0;0;0;0;0;0;0;0;0;0;0;0;0;0;0;0;0;0;0;0;0;0;0;0;0;11.2;0;19.2;0;0;0;0;0;0;0;0;0;0;0;0;0;0;0;0;0;0;0;0;0;0;0;0;0;3.2;0;0;0;0;0;0;0;0;0;0;0;4.8;68.8;0;0;0;0;0;0;0;0;0;0;0;0;0;0;0;0;0;0;0;0;0;0;0;0;0;0;0;0;0;0;0;0;0;0;0;0;0;0;0;0;0;0;0;0;0;0;0;1.6;0;0;0;0;0;0;0;1.6;0;0;0;0;0;1.6;0;0;0;0;0;0;0;1.6;462.4;0;0;0;0;0;0;68.8;0;0;0;0;0;0;0;0;0;12.8;0;0;0;0;0;0;0;0;0;0;0;0;0;0;0;0;608;0;0;0;4.8;0;0;0;0;0;0;0;422.4;294.4;0;0;0;0;0;0;0;0;0;0;0;500.8;0;0;0;0;0;0;0;0;0;0;0;0;0;0;0;0;0;0;0;0;76.8;0;0;16;0;0;0;0;0;0
10;2023;WI;2023_WI;15;0;0;0;0;0;0;0;0;0;0;0;0;0;0;0;0;0;0;0;0;0;0;0;0;0;0;0;0;0;0;0;0;0;0;0;0;1.6;0;25.6;0;9.6;0;0;0;0;0;0;0;0;0;0;0;0;0;0;0;0;0;0;0;0;0;0;0;3.2;0;0;0;0;0;0;0;0;0;0;0;0;0;0;25.6;0;0;0;0;0;0;0;0;0;0;0;0;0;0;0;0;0;0;1.6;0;0;0;0;0;0;0;0;0;0;0;0;0;0;0;0;0;0;0;0;0;0;0;0;0;0;0;0;0;0;0;0;0;0;0;0;9.6;0;0;0;0;0;11.2;0;0;0;0;0;0;0;0;75.2;0;0;0;0;0;0;83.2;0;0;0;0;0;0;0;0;0;6.4;0;0;0;0;0;0;0;0;0;0;0;0;0;0;0;0;108.8;0;0;0;0;0;0;0;0;0;0;0;11.2;17.6;0;0;0;0;0;0;0;0;0;0;0;92.8;0;0;0;0;0;0;0;0;0;0;0;0;0;0;0;0;0;0;0;0;9.6;0;0;12.8;0;0;0;0;0;0
10;2023;SP;2023_SP;16;0;0;0;0;0;0;0;0;0;0;0;0;0;0;0;0;0;0;0;0;0;0;0;0;0;0;0;0;0;0;0;0;0;0;0;0;0;0;12.8;0;8;0;0;0;0;0;0;1.6;0;0;0;0;0;0;0;0;0;0;0;0;0;0;0;0;0;0;0;0;0;0;0;0;0;0;0;0;0;0;1.6;12.8;0;0;0;0;0;0;0;0;0;0;0;0;0;0;0;0;0;0;11.2;0;0;0;0;0;0;0;0;0;0;0;0;0;0;0;0;0;0;0;0;0;0;0;0;0;0;0;0;0;0;0;0;0;0;0;0;3.2;0;0;0;0;0;0;0;0;0;0;0;0;0;0;3.2;0;0;0;0;0;0;1.6;0;0;0;0;0;0;0;0;0;12.8;0;0;0;0;0;0;0;0;0;0;0;0;0;0;0;0;1.6;0;0;0;0;0;1.6;0;0;0;0;0;1.6;1.6;0;0;0;0;0;0;0;0;0;0;0;3.2;0;0;0;0;0;0;0;0;0;0;0;0;0;0;0;0;0;0;0;0;1.6;0;0;0;0;0;0;0;0;0
11;2018;AU;2018_AU;1;0;0;0;0;0;0;0;0;0;0;0;0;0;0;0;0;0;0;0;0;0;0;6.666666667;0;0;0;0;0;0;0;0;0;0;0;0;0;0;0;8;0;156;0;0;0;0;0;0;13.33333333;0;0;0;0;0;0;0;2.666666667;0;0;0;0;0;0;0;0;57.33333333;0;1.333333333;0;0;0;0;0;0;0;0;0;0;0;0;562.6666667;0;0;0;0;0;0;0;0;0;0;0;0;0;0;0;0;0;0;0;0;0;0;0;0;0;0;0;0;0;0;0;0;0;0;0;0;0;0;0;0;0;1.333333333;0;0;0;0;0;2.666666667;0;0;0;0;0;0;0;0;0;0;0;0;0;0;0;0;0;0;0;0;0;12;109.3333333;0;1.333333333;2.666666667;0;0;0;1.333333333;0;0;0;0;0;0;0;0;0;0;0;0;0;0;0;0;0;0;0;4;0;0;0;0;0;0;513.3333333;0;0;0;0;0;0;0;0;0;0;0;0;42.66666667;0;4;0;0;0;0;0;0;0;0;0;32;0;0;0;0;0;0;0;113.3333333;0;0;0;0;0;0;4;0;0;0;0;0;20;0;0;0;0;0;0;0;0;0
11;2019;WI;2019_WI;2;0;0;0;0;0;0;0;0;0;0;0;0;0;0;0;0;0;0;0;0;0;0;0;0;0;0;0;0;0;0;0;0;0;0;0;0;38.66666667;0;224.3859649;0;574.6666667;0;0;0;0;0;0;10.66666667;0;0;0;0;0;0;0;14.66666667;0;0;0;0;0;0;0;0;144;0;4;0;0;0;0;0;0;0;0;0;0;0;2.666666667;2533.333333;0;0;0;0;0;0;0;0;0;0;0;0;0;5.333333333;0;0;0;5.333333333;0;0;0;0;0;0;0;0;0;0;0;0;0;0;0;0;0;0;1.333333333;0;0;0;0;0;0;0;0;0;0;1.2;1.466666667;0;0;0;0;0;0;0;0;0;0;0;0;0;0;0;0;0;0;0;0;1.333333333;34.66666667;0;0;0;0;0;0;168;0;0;0;0;0;0;0;0;0;0;0;0;0;0;0;0;0;0;0;0;0;0;0;0;0;0;1226.666667;0;0;0;1.333333333;0;0;0;4.947368421;0;0;0;0;28;0;2.666666667;0;0;0;0;0;0;0;0;0;5.333333333;0;0;0;0;0;0;0;77.33333333;0;0;0;0;0;0;1.333333333;0;0;0;0;0;12;0;0;0;0;0;0;0;0;0
11;2019;SP;2019_SP;3;0;0;0;0;0;0;0;0;0;0;0;0;0;0;0;0;0;0;0;0;0;0;0;0;0;0;0;2.666666667;0;0;0;0;0;0;0;0;129.3333333;0;69.05263158;0;517.3333333;0;0;0;0;0;0;12;0;0;0;0;0;0;0;0;0;0;0;0;0;0;0;0;64;1.333333333;12;0;0;0;0;0;0;0;0;0;0;0;0;396;0;0;0;0;0;0;0;0;0;0;0;0;0;0;0;0;0;0;0;0;0;0;0;0;0;0;0;0;0;0;0;0;0;0;0;0;0;0;0;0;0;0;0;0;0;0;0;10.66666667;0;0;0;0;0;0;0;1.333333333;0;0;0;0;0;0;0;0;0;0;0;0;0;6.666666667;9.333333333;0;0;0;0;0;0;0;0;0;0;0;0;0;0;0;0;8;0;0;0;0;0;0;0;0;0;0;0;0;0;0;0;0;448;0;0;0;2.666666667;0;0;0;0.280701754;0;0;0;6.666666667;1.333333333;0;0;0;0;0;0;0;0;0;0;0;9.333333333;0;0;0;0;0;0;0;0;0;0;0;0;0;0;0;0;0;0;0;0;57.33333333;0;0;0;0;0;0;0;0;0
11;2019;SU;2019_SU;4;0;0;0;0;0;0;0;0;0;0;0;0;0;0;0;0;0;0;0;0;0;0;0;0;0;0;0;0;0;0;0;0;0;0;0;0;6.666666667;0;40;0;332;0;0;0;0;0;0;116;0;0;0;0;0;0;0;14.66666667;0;0;0;0;0;0;0;0;36;0;0;0;0;0;0;0;0;0;0;0;0;0;0;5573.333333;0;0;0;0;0;0;0;0;0;0;1.333333333;0;0;0;0;0;0;0;0;0;0;0;0;0;0;0;0;0;0;0;0;0;0;0;0;0;0;0;0;0;0;0;0;0;0;0;0;0;0;0;0;0;0;0;0;0;0;0;0;0;0;0;0;0;0;0;0;0;0;0;10.66666667;0;0;1.333333333;0;0;0;10.66666667;6.666666667;0;0;0;0;0;0;0;0;4;0;0;0;0;0;0;0;0;0;1.333333333;0;0;0;0;0;0;269.3333333;0;0;0;4;0;0;0;0;0;0;0;2.666666667;18.66666667;0;0;0;0;0;0;0;0;0;0;0;1.333333333;2.666666667;0;0;0;0;0;0;0;0;0;0;0;0;0;2.666666667;0;0;0;0;0;57.33333333;0;0;0;0;0;4;0;0;0
11;2020;SU;2020_SU;5;0;0;0;0;0;0;0;0;0;0;0;0;0;0;0;0;0;0;0;0;0;0;0;0;0;0;0;1.6;3.2;0;0;0;0;0;0;0;0;0;4.8;0;1158.4;0;0;0;0;0;0;19.2;0;0;0;0;0;0;0;8;0;0;0;0;0;0;0;0;6.4;0;0;3.2;0;0;0;0;0;0;0;0;0;0;0;51.2;0;0;0;0;0;0;0;0;0;0;0;0;0;0;0;0;0;0;0;0;0;0;0;0;0;0;0;0;0;0;0;0;0;0;0;0;0;0;0;0;0;0;0;0;0;0;0;0;0;0;0;0;0;0;0;0;0;0;0;0;0;0;0;0;0;0;0;0;0;0;3.2;0;0;0;0;0;0;25.6;11.2;0;0;0;0;0;0;0;0;4.8;0;0;0;0;0;0;0;0;0;0;0;0;0;0;0;0;1040;0;0;0;1.6;0;0;0;0;0;0;0;0;284.8;0;3.2;0;0;0;0;0;0;0;0;0;12.8;1.6;0;0;0;0;0;0;14.4;0;0;0;0;0;0;0;0;0;0;0;0;11.2;0;0;0;0;0;1.6;0;0;0
11;2020;AU;2020_AU;6;0;0;0;0;0;0;0;0;0;0;0;0;0;0;0;0;0;0;0;0;0;0;0;0;0;0;0;0;0;0;0;0;0;0;0;0;0;0;0;0;11.2;0;0;0;0;0;0;1.6;0;0;0;0;0;0;0;0;0;0;0;0;0;0;0;0;68.8;0;3.2;0;0;0;0;0;0;0;0;0;0;0;0;2304;12.8;0;0;0;0;0;0;0;0;0;0;0;0;0;0;0;0;20.8;0;0;0;0;0;0;0;0;0;0;0;0;0;0;0;0;0;0;3.2;0;0;0;0;0;0;0;0;0;0;3.2;0;0;0;0;0;0;0;0;0;0;0;0;0;0;0;0;0;0;0;0;1.6;1.6;30.4;0;0;0;0;0;0;131.2;0;0;0;0;0;0;0;0;0;6.4;0;0;0;0;0;0;0;0;0;0;0;0;0;0;0;0;337.6;0;0;0;1.6;0;0;0;1.6;0;0;0;17.6;89.6;0;3.2;0;0;0;0;0;0;0;0;0;97.6;6.4;0;0;0;0;0;0;0;0;0;0;0;0;0;11.2;0;0;0;0;0;30.4;0;0;1.6;0;0;0;0;0;0
11;2021;WI;2021_WI;7;0;0;0;0;0;0;0;0;0;0;0;0;0;0;0;0;0;0;0;0;0;0;0;0;0;0;0;0;0;0;0;0;0;0;0;0;9.6;0;68.32;0;300.8;0;0;0;0;0;0;6.4;0;0;0;0;0;0;0;1.6;0;0;0;0;0;0;0;0;59.2;0;0;0;0;0;0;0;0;0;0;0;0;0;0;2547.2;0;0;0;0;0;0;0;0;10.88;0;0;0;0;0;0;0;0;35.2;0;0;0;1.6;0;0;0;0;0;0;0;0;0;0;0;0;0;0;0;0;0;0;0;0;0;0;0;0;0;3.2;0;0;0;0;0;0;0;0;0;0;0;0;0;0;0;0;0;0;1.12;0;1.6;3.2;33.6;0;0;0;0;0;0;302.4;4.8;0;0;0;0;0;0;0;0;6.4;0;0;0;0;0;0;0;0;0;0;0;0;0;0;0;0;464;0;0;0;3.2;0;0;10.88;20.8;0;0;0;27.2;36.8;0;9.6;0;0;0;0;0;0;0;0;0;56;0;0;0;0;0;0;0;0;0;0;0;0;0;0;0;0;0;0;0;0;24;0;0;0;0;0;0;0;0;0
11;2021;SP;2021_SP;8;0;0;0;0;0;0;0;0;0;0;0;0;0;0;0;0;0;0;0;0;0;0;0;0;0;0;0;0;0;0;0;0;0;0;0;0;118.4;0;96.54;0;166.4;0;0;0;0;0;0;0;0;0;0;0;0;0;0;0;0;0;0;0;0;0;0;0;25.6;0;3.2;0;0;0;0;0;0;0;0;0;0;0;0;2062.4;0;0;0;0;0;0;0;0;0.56;0;0;0;0;0;0;0;0;0;0;0;0;0;0;0;0;0;0;0;0;0;0;0;0;0;0;0;0;0;0;0;0;0;0;0;0;0;0;0;0;0;0;0;0;0;0;0;0;0;0;0;0;0;0;0;0;0;1.74;0;0;1.6;9.6;0;0;0;0;0;0;4.8;0;0;0;0;0;0;0;0;0;9.6;0;1.6;0;0;0;0;0;0;0;0;0;0;0;0;0;0;1420.8;0;0;0;3.2;0;0;0.56;6.2;0;0;0;20.8;1.6;0;9.6;0;0;0;0;0;0;0;0;0;38.4;0;0;0;0;0;0;0;0;0;0;0;0;0;0;0;0;0;0;0;0;54.4;0;0;0;0;0;0;0;0;0
11;2021;SU;2021_SU;9;0;0;0;0;0;0;0;0;0;0;0;0;0;0;0;0;0;0;0;0;0;0;0;0;0;0;0;0;0;0;0;0;0;0;0;0;0;0;9.6;0;40;0;0;0;0;0;0;0;0;0;0;0;0;0;0;0;0;0;0;0;0;0;0;0;0;0;0;0;0;0;0;0;0;0;0;0;0;0;0;723.2;0;0;0;0;0;0;0;0;0;0;0;0;0;0;0;0;0;0;0;0;0;0;0;0;0;0;0;0;0;0;0;0;0;0;0;0;0;0;0;0;0;0;0;0;0;0;0;0;0;0;0;0;0;0;0;0;0;0;0;0;0;0;0;0;0;0;0;0;0;0;83.2;0;0;0;0;0;0;0;54.4;0;0;0;0;0;0;0;0;48;0;0;0;0;0;0;0;0;0;0;0;0;0;0;0;0;6080;0;0;0;0;0;0;0;0;0;0;0;100.8;123.2;0;72;0;0;0;0;0;0;0;0;0;11.2;4.8;0;0;0;0;0;0;0;0;0;0;0;0;0;0;0;0;0;0;0;65.6;0;0;0;0;0;0;0;0;0
11;2021;AU;2021_AU;10;0;0;0;0;0;0;0;0;0;0;0;0;0;0;0;0;0;0;0;0;0;0;0;0;0;0;0;0;0;0;0;0;0;0;0;0;0;0;0;0;8;0;0;0;0;0;0;1.6;0;0;0;0;0;0;0;0;0;0;0;0;0;0;0;0;0;0;0;0;0;0;0;0;0;0;0;0;0;0;0;334.4;0;0;0;0;0;0;0;0;0;0;0;0;0;0;0;0;0;0;0;0;0;0;0;0;0;0;0;0;0;0;0;0;0;0;0;0;0;0;0;0;0;0;0;0;0;0;0;0;0;0;0;0;0;0;0;0;0;0;0;0;0;0;0;0;0;0;0;0;0;3.2;108.8;0;0;0;0;1.6;0;14.4;1.6;0;0;0;0;0;0;0;0;8;0;0;0;0;0;0;0;0;0;0;0;0;0;0;0;0;113.6;0;0;0;0;0;0;0;0;0;0;0;115.2;452.8;0;27.2;0;0;0;0;0;0;0;0;0;24;1.6;0;0;0;0;0;0;0;0;0;0;0;0;0;1.6;0;0;0;0;0;12.8;0;0;3.2;0;0;0;0;0;0
11;2022;WI;2022_WI;11;0;0;0;0;0;0;0;0;0;0;0;0;0;0.514685315;0;0;0;0;0;0;0;0;0;0;0;0;0;0;0;0;0;0;0;0;0;0;0;0;23.67552448;0;2073.6;0;0;0;0;0;0;0;0;0;0;0;0;0;0;0;0;0;0;0;0;0;0;0;3.2;0;0;0;0;0;0;0;0;0;0;0;0;0;0;667.2;0;0;0;0;0;0;0;0;192.4363636;0;0;0;0;0;0;0;0;0;0;0;0;1.6;0;0;0;0;0;0;0;0;0;0;0;0;0;0;0;0;0;0;0;0;0;0;0;0;0;0;0;0;0;0;0;0;0;0;0;0;0;0;0;0;0;0;0;0;0;0;0;0;419.2;0;0;0;0;0;0;201.6;11.2;0;0;0;0;0;0;0;0;6.4;0;0;0;0;0;0;0;0;0;0;0;19.2;0;0;0;0;654.4;0;0;0;0;0;1.6;0;8.458741259;0;0;0;392;140.8;0;20.8;0;0;0;0;0;0;0;0;0;35.2;0;0;0;0;0;0;0;6.4;0;0;0;0;0;2.114685315;0;0;0;0;0;0;76.8;0;0;0;0;0;0;0;0;0
11;2022;SP;2022_SP;12;0;0;0;0;0;0;0;0;0;0;0;0;0;1.6;0;0;0;0;0;0;0;0;0;0;0;0;0;0;0;0;0;0;0;0;0;0;30.4;0;72;0;862.4;0;0;0;0;0;0;0;0;0;0;0;0;0;0;0;0;0;0;0;0;0;0;0;9.6;0;1.6;0;0;0;0;0;0;0;0;0;0;0;3.2;492.8;0;0;0;0;0;0;0;0;0;0;0;0;0;0;0;0;0;17.6;0;0;0;0;0;0;0;0;0;0;0;0;0;0;0;0;0;0;0;0;0;0;0;0;0;0;0;0;0;0;0;0;0;0;0;0;0;0;0;0;0;0;0;0;0;0;0;0;0;0;0;1.6;60.8;0;0;0;0;0;0;3.2;4.8;0;0;0;0;0;0;0;0;6.4;0;0;0;0;0;0;0;0;0;0;0;0;0;0;0;0;800;0;0;0;1.6;0;0;0;0;0;0;0;35.2;1.6;0;57.6;0;0;0;0;0;0;0;0;0;11.2;0;0;0;0;0;0;0;0;0;0;0;0;0;0;0;0;0;0;0;0;113.6;0;0;0;0;0;0;0;0;0
11;2022;SU;2022_SU;13;0;0;0;0;0;0;0;0;0;0;0;0;0;0;0;0;0;0;0;0;0;0;0;0;0;0;0;0;0;0;0;0;0;0;0;0;0;0;1.6;0;14.4;0;0;0;0;0;0;0;0;0;0;0;0;0;0;0;0;0;0;0;0;0;0;0;0;0;0;0;0;0;0;0;0;0;0;0;0;0;0;123.2;1.6;0;0;0;0;0;0;0;0;0;0;0;0;0;0;0;0;0;0;0;0;0;0;0;0;0;0;0;0;0;0;0;0;0;0;0;0;0;0;0;0;0;0;0;0;0;0;0;0;0;0;0;0;0;0;0;0;0;0;0;0;0;0;0;0;0;0;0;0;1.6;195.2;0;0;0;0;0;0;0;64;0;0;0;0;0;0;0;0;35.2;0;0;0;0;0;0;0;0;0;0;0;0;0;0;0;0;1243.2;0;0;0;0;0;0;0;0;0;0;0;313.6;52.8;0;153.6;0;0;0;0;0;0;0;0;0;6.4;1.6;0;0;0;0;0;0;0;0;0;0;0;0;0;0;0;0;0;0;0;52.8;0;0;19.2;0;0;0;0;0;0
11;2022;AU;2022_AU;14;0;0;0;0;0;0;0;0;0;0;0;0;0;0;0;0;0;0;0;0;0;0;0;0;0;0;0;0;0;0;0;0;0;0;0;0;8;0;5.485714286;0;24;0;0;0;0;0;0;0;0;0;0;0;0;0;0;0;0;0;0;0;0;0;0;0;1.6;0;0;0;0;0;0;0;0;0;0;0;0;0;0;400;0;0;0;0;0;0;0;0;4.571428571;0;0;0;0;0;0;0;0;0;0;0;0;4.8;0;0;0;0;0;0;0;0;0;0;0;0;0;0;0;0;0;0;0;0;0;0;0;0;0;0;0;0;0;0;0;0;0;0;0;0;0;0;0;0;0;0;0;0;0;0;0;1.6;297.6;0;0;0;0;0;0;51.2;0;0;0;0;0;0;0;0;0;19.2;0;0;0;0;0;0;0;0;0;0;0;0;0;0;0;0;1252.8;0;0;0;0;0;0;0;0.914285714;0;0;0;152;70.4;0;166.4;0;0;0;0;0;0;0;0;0;147.2;3.2;0;0;0;0;0;0;0;0;0;0;0;0;0.228571429;4.8;0;0;0;0;0;81.6;0;0;3.2;0;0;0;0;0;0
11;2023;WI;2023_WI;15;0;0;0;0;0;0;0;0;0;0;0;0;0;0;0;0;0;0;0;0;0;0;0;0;0;0;0;0;0;0;0;0;0;0;0;0;12.8;0;37.61632653;0;344;0;0;0;0;0;0;0;0;0;0;0;0;0;0;1.6;0;0;0;0;0;0;0;0;1.6;0;0;0;0;0;0;0;0;0;0;0;0;0;0;379.2;0;0;0;0;0;0;0;0;63.34693878;0;0;0;0;0;0;0;0;0;0;0;0;0;0;0;0;0;0;0;0;0;0;0;0;0;0;0;0;0;0;0;0;0;0;0;0;0;0;0;0;0;0;0;0;0;0;0;0;0;0;0;0;0;0;0;0;0;0;0;0;0;284.8;0;0;0;0;0;0;494.4;4.8;0;0;0;0;0;0;0;0;9.6;0;0;0;0;0;0;0;0;0;0;0;1.6;0;0;0;0;257.6;0;0;0;0;0;1.6;0;12.66938776;0;0;0;256;67.2;0;9.6;0;0;0;0;0;0;0;0;0;104;1.6;0;0;0;0;0;0;4.8;0;0;0;0;0;3.167346939;0;0;0;0;0;0;32;0;0;1.6;0;0;0;0;0;0
11;2023;SP;2023_SP;16;0;0;0;0;0;0;0;0;0;0;0;0;0;0;0;0;0;0;0;0;0;0;0;0;0;0;0;0;0;0;0;0;0;0;0;0;1.6;0;38.4;0;11.2;0;0;0;0;0;0;0;0;0;0;0;0;0;0;1.6;0;0;0;0;0;0;0;0;0;0;0;0;0;0;0;0;0;0;0;0;0;0;0;38.4;0;0;0;0;0;0;0;0;0;0;0;0;0;0;0;0;0;4.8;0;0;0;1.6;0;0;0;0;0;0;0;0;0;0;0;0;0;0;0;0;0;0;0;0;0;0;0;0;0;1.6;0;0;0;0;0;0;0;0;0;0;0;0;0;0;0;0;0;0;0;0;0;1.6;6.4;0;0;0;0;0;0;0;0;0;0;0;0;0;0;0;0;9.6;0;0;0;0;0;0;0;0;0;0;0;1.6;0;0;0;0;40;0;0;0;0;0;0;0;0;0;0;0;6.4;0;0;0;0;0;0;0;0;0;0;0;0;0;0;0;0;0;0;0;0;0;0;0;0;0;0;0;0;0;0;0;0;0;4.8;0;0;0;0;0;0;0;0;0
12;2018;AU;2018_AU;1;0;0;0;0;0;0;0;0;0;0;0;0;0;0;0;0;0;0;0;0;0;0;0;1.333333333;0;0;0;0;2.666666667;0;0;0;0;1.333333333;0;0;0;0;0;0;49.33333333;0;0;0;0;0;0;0;0;0;0;0;0;0;0;0;0;1.333333333;0;0;0;0;0;0;10.66666667;0;0;0;0;0;16;0;0;0;0;0;0;0;1.333333333;2032.293144;130.3735225;0;0;0;0;0;0;0;0;0;0;0;0;0;0;0;0;1.333333333;0;0;0;0;0;0;0;0;0;0;0;0;0;0;0;0;0;0;0;0;0;0;0;0;0;0;0;0;0;0;0;0;0;0;0;0;0;0;0;0;0;0;0;0;0;0;0;0;0;0;0;0;0;0;0;1.333333333;0;0;0;1.333333333;0;0;0;0;1.333333333;0;0;0;0;0;0;0;0;0;0;0;0;0;0;0;0;0;0;0;0;0;104;0;0;0;0;0;0;0;0;0;0;0;0;0;0;0;0;0;0;0;0;0;0;0;0;57.33333333;6.666666667;0;0;0;0;0;0;0;0;0;0;0;0;0;0;0;0;0;0;0;0;0;0;0;0;0;4;0;0;0
12;2019;WI;2019_WI;2;0;0;0;0;0;0;0;0;0;0;0;0;0;0;0;0;0;0;0;0;0;0;4;0;0;0;0;52;0;0;0;0;0;1.333333333;98.66666667;40;42.66666667;0;54.72727273;0;476;0;0;0;0;0;0;0;0;0;0;0;0;0;0;17.33333333;0;0;0;0;0;0;0;0;798.6666667;1.333333333;6.666666667;0;0;0;30.66666667;0;0;0;0;0;0;0;2.666666667;1006.511079;124.1555877;0;0;0;0;0;0;0;10.48484848;0;0;0;0;0;0;0;0;652;0;0;0;0;3.909090909;0;0;0;0;0;0;0;0;0;0;0;0;0;2.666666667;0;0;0;0;0;0;0;1.333333333;0;0;5.333333333;0;0;0;0;0;0;0;5.333333333;0;0;0;0;0;0;0;0;0;0;0;0;0;0;37.33333333;0;1.333333333;0;0;0;0;716;0;0;0;0;1.333333333;0;0;0;0;0;0;0;0;0;0;0;0;0;0;0;0;0;0;0;0;0;54.66666667;0;0;0;1.333333333;0;0;0;137.5454545;0;0;0;0;76;0;0;0;0;0;0;0;0;0;0;0;14.66666667;9.333333333;0;0;0;0;0;0;0;0;0;0;0;0;0;0;0;0;0;0;0;0;0;0;1.333333333;0;0;0;0;0;0
12;2019;SP;2019_SP;3;0;0;0;0;0;0;0;0;0;0;0;0;0;0;0;0;0;0;0;0;0;0;0;0;0;0;0;17.33333333;0;0;0;0;0;0;0;72;22.66666667;0;18.66666667;0;337.3333333;0;0;0;0;0;0;0;0;0;0;0;0;0;0;0;0;0;0;0;0;0;5.333333333;0;36;1.333333333;1.333333333;0;0;0;17.33333333;0;0;0;0;0;0;0;0;132.878131;20.45520231;0;0;0;0;0;0;0;0;0;0;0;0;0;0;0;0;24;0;5.333333333;0;0;0;0;0;0;0;0;0;0;0;0;0;0;0;0;0;0;0;0;0;0;0;0;0;0;0;5.333333333;0;0;0;0;0;0;0;4;0;0;0;0;0;0;0;0;0;0;0;0;0;1.333333333;8;0;0;0;0;0;0;2.666666667;0;0;0;0;0;0;0;0;0;10.66666667;0;0;0;0;0;0;0;0;0;0;0;0;0;0;0;0;17.33333333;0;0;0;0;0;0;0;4;0;0;0;0;10.66666667;0;0;0;0;0;0;0;0;0;0;0;2.666666667;5.333333333;0;0;0;0;0;0;0;0;0;0;0;0;0;0;0;0;0;0;0;14.66666667;0;0;0;0;0;0;0;0;0
12;2019;SU;2019_SU;4;0;0;0;0;0;0;0;0;0;0;0;0;0;0;0;0;0;0;0;0;0;0;0;0;0;0;0;0;0;0;0;0;0;10.66666667;0;4;0;0;0;0;25.33333333;0;0;0;0;0;0;0;0;0;0;0;0;0;0;4;0;0;0;0;0;0;0;0;5.333333333;0;0;0;0;0;17.33333333;0;0;0;0;0;0;0;0;2561.401252;126.5987476;0;0;0;0;0;0;0;0;1.333333333;0;0;0;0;0;0;0;0;4;0;0;0;1.333333333;0;0;0;0;0;0;0;0;0;0;0;0;0;0;0;0;0;0;0;0;0;0;0;0;13.33333333;0;0;0;0;0;0;0;0;0;0;0;0;0;0;0;0;0;0;0;0;0;0;0;0;4;0;0;0;2.666666667;0;0;0;0;0;0;0;0;0;0;9.333333333;0;0;0;0;0;0;0;0;0;0;0;1.333333333;0;0;0;0;2.666666667;0;0;0;0;0;0;0;0;0;0;0;0;0;0;0;0;0;0;0;0;0;0;0;0;0;2.666666667;0;0;0;0;0;0;0;0;0;0;0;0;0;0;0;0;0;0;0;0;0;0;0;0;0;0;0;0;0
12;2020;SU;2020_SU;5;0;0;0;0;0;0;0;0;0;0;0;0;0;0;0;0;0;0;0;0;0;0;25.6;1.6;0;0;0;0;0;0;0;0;0;0;0;28.8;9.6;0;3.2;0;204.8;0;0;0;0;0;0;0;0;0;0;0;0;0;0;14.4;0;0;0;0;0;0;0;0;44.8;3.2;1.6;0;0;0;6.4;0;0;0;0;0;0;0;0;563.2;2355.2;0;0;1.6;0;0;0;0;0;0;0;0;0;0;0;0;0;0;0;14.4;0;0;0;0;0;0;0;0;0;0;0;0;0;0;0;0;4.8;0;0;0;0;0;0;0;0;0;0;0;1.6;0;0;0;0;0;0;0;0;0;0;0;0;0;0;0;0;0;0;0;0;1.6;3.2;0;0;0;0;0;0;24;4.8;0;0;0;0;0;0;0;0;11.2;0;0;0;0;0;0;0;0;0;0;0;27.2;0;0;0;0;120;0;0;0;0;0;0;0;3.2;0;0;0;0;0;0;0;0;0;0;0;0;0;0;0;0;12.8;0;0;0;0;0;0;0;0;0;0;0;0;0;0;0;0;0;0;0;0;4.8;0;0;1.6;0;0;0;0;0;0
12;2020;AU;2020_AU;6;0;0;0;0;0;0;0;0;0;0;0;0;0;0;0;0;0;0;0;0;0;0;0;0;0;0;0;3.2;0;0;0;0;0;9.6;0;0;0;0;0;0;8;0;0;0;0;0;0;1.6;0;0;0;0;0;0;0;0;0;0;0;0;0;0;0;0;12.8;1.6;0;0;0;0;1.6;0;0;0;0;0;0;0;0;396.8;384;0;0;0;0;0;0;0;0;0;0;0;0;0;0;0;0;36.8;0;0;0;0;0;0;0;0;0;0;0;0;0;0;0;0;0;0;0;0;0;0;0;0;0;0;0;0;0;0;0;0;0;0;0;0;0;0;0;0;0;0;0;0;0;0;0;0;0;0;0;0;8;0;0;0;0;0;0;35.2;1.6;0;0;0;0;0;0;0;0;3.2;0;0;0;0;0;0;0;0;0;0;0;9.6;0;0;0;0;152;0;0;0;0;0;0;0;0;0;0;0;0;17.6;0;1.6;0;1.6;0;0;0;0;0;0;0;43.2;1.6;0;0;0;0;0;0;0;0;0;0;0;0;0;0;0;0;0;0;0;12.8;0;0;0;0;0;0;0;0;0
12;2021;WI;2021_WI;7;0;0;0;0;0;0;0;0;0;0;0;0;0;0;0;0;0;0;0;0;0;0;6.4;0;0;0;0;0;0;0;0;0;0;0;0;0;6.4;0;37.2972973;0;6.4;0;0;0;0;0;0;6.4;0;0;0;0;0;0;0;0;0;0;0;0;0;0;0;0;6.4;0;6.4;0;0;0;177.6;0;0;0;0;0;0;0;0;227.2;400;0;0;0;0;0;0;0;19.32972973;0;0;0;0;0;0;0;0;350.4;0;0;0;0;0;0;0;0;0;0;0;0;0;0;0;0;0;0;0;0;0;0;0;0;0;0;0;0;0;0;0;0;0;0;0;0;0;1.6;0;0;0;0;0;0;0;0;0;0;0;0;0;0;11.2;0;4.8;0;0;0;0;52.8;0;0;0;0;0;0;0;0;0;20.8;0;0;0;0;0;0;0;0;0;0;0;0;0;0;0;0;9.6;0;0;0;12.8;0;0;0;132.172973;0;0;0;0;4.8;0;0;0;0;0;0;0;0;0;0;0;16;6.4;0;0;0;0;0;0;0;0;0;0;0;0;0;0;0;0;0;0;0;4.8;0;0;1.6;0;0;0;0;0;0
12;2021;SP;2021_SP;8;0;0;0;0;0;0;0;0;0;0;0;0;0;0;0;0;0;0;0;0;0;0;0;0;0;0;0;35.2;0;0;0;0;0;1.6;0;0;134.4;0;35.2;0;220.8;0;0;0;0;0;0;1.6;0;0;0;0;0;0;0;0;0;0;0;0;0;0;0;0;140.8;1.6;9.6;0;0;0;158.4;0;0;0;0;0;0;0;0;371.2;1651.2;0;0;0;0;0;0;0;0;0;0;0;0;0;0;0;0;0;116.8;0;0;0;0;0;0;0;0;0;0;0;0;0;0;0;0;0;0;0;0;0;0;0;0;0;0;0;0;0;1.6;0;0;0;0;0;0;0;0;0;0;0;0;0;0;0;0;0;0;0;0;0;4.8;0;0;0;0;0;0;0;0;0;0;0;0;0;0;0;0;30.4;0;0;0;0;0;0;0;0;0;0;0;0;0;0;0;0;132.8;0;0;0;3.2;0;0;0;4.8;0;0;0;1.6;0;0;0;0;0;0;0;0;0;0;0;0;12.8;0;0;0;0;0;0;0;0;0;0;0;0;0;0;1.6;0;0;0;0;0;4.8;0;0;0;0;0;0;0;0;0
12;2021;SU;2021_SU;9;0;0;0;0;0;0;0;0;0;0;0;0;0;0;0;0;0;0;0;0;0;0;12.8;8;0;0;0;0;0;0;0;0;0;0;0;0;16;0;2.594594595;0;118.4;0;0;0;0;0;0;1.6;0;6.4;0;0;0;0;0;0;0;0;0;0;0;0;0;0;16;0;0;0;0;0;51.2;0;0;0;0;0;0;0;0;550.4;1177.6;0;0;3.2;0;0;0;0;0.259459459;0;0;0;0;0;0;0;0;1.6;0;0;0;0;0;0;0;0;0;0;0;0;0;0;0;0;0;0;0;0;0;0;0;0;0;0;0;0;0;0;0;0;0;0;0;0;0;0;0;0;0;0;0;0;0;0;0;0;0;0;0;0;1.6;0;0;0;0;0;0;0;4.8;0;0;0;0;0;0;0;0;59.2;0;0;0;0;0;0;0;0;0;0;0;0;0;0;0;0;70.4;0;0;0;1.6;0;0;0;9.945945946;0;0;0;0;51.2;0;0;0;0;0;0;0;0;0;0;0;0;6.4;0;0;0;0;0;0;0;0;0;0;0;0;0;0;0;0;0;0;0;1.6;0;0;0;0;0;0;0;0;0
12;2021;AU;2021_AU;10;0;0;0;0;0;0;0;0;0;0;0;0;0;0;0;0;0;0;0;0;0;0;22.4;1.6;0;0;0;0;0;0;0;0;0;1.6;0;0;38.4;0;0;0;41.6;0;0;0;0;0;0;1.6;0;0;0;0;0;0;0;0;0;0;0;0;0;0;0;0;0;0;3.2;0;0;0;12.8;0;0;0;0;0;0;0;0;150.4;499.2;0;0;0;0;0;0;0;0;0;0;0;0;0;0;0;0;2.952112676;0.247887324;0;0;0;0;0;0;0;0;0;0;0;0;0;0;0;0;0;0;0;0;0;0;0;0;0;0;0;0;0;1.6;0;0;0;0;0;0;0;0;0;0;0;0;0;0;0;0;0;0;0;0;0;4.8;0;8;0;0;0;0;49.6;0;0;0;0;0;0;0;0;0;27.2;0;0;0;0;0;0;0;0;0;0;0;0;0;0;0;0;9.6;0;0;0;0;0;0;0;0;0;0;0;4.8;14.4;0;0;0;0;0;0;0;0;0;0;0;142.4;4.8;0;0;0;0;0;0;0;0;0;0;0;0;0;0;0;0;0;0;0;14.4;0;0;0;0;0;8;0;0;0
12;2022;WI;2022_WI;11;0;0;0;0;0;0;0;0;0;0;0;0;0;0;0;0;0;0;0;0;0;0;0;0;0;0;0;4.8;0;0;0;0;0;0;9.6;0;97.6;0;183.7037037;0;156.8;0;0;0;0;0;0;0;0;0;0;0;0;0;0;0;0;0;0;0;0;0;0;0;156.8;0;4.8;0;0;0;44.8;0;0;0;0;0;0;0;3.2;793.6;2124.8;0;0;0;0;0;0;0;6.874074074;0;0;0;0;0;0;0;0;132.8;0;0;0;0;0;0;0;0;0;0;0;0;0;0;0;0;0;0;0;0;0;0;0;0;0;0;0;0;0;0;0;0;0;0;0;0;0;0;0;0;0;0;0;0;0;0;0;0;0;0;0;0;35.2;0;12.8;0;0;0;0;163.2;0;0;0;0;0;0;0;0;0;41.6;0;0;0;0;0;0;0;0;0;0;0;1.6;0;0;0;0;24;0;0;0;6.4;0;0;0;199.8222222;0;0;0;16;35.2;0;0;0;0;0;0;0;0;0;0;0;11.2;11.2;0;0;0;0;0;0;0;0;0;0;0;0;0;0;0;0;0;0;0;19.2;0;0;1.6;0;0;0;0;0;0
12;2022;SP;2022_SP;12;0;0;0;0;0;0;0;0;0;0;0;0;0;0;0;0;0;0;0;0;0;0;0;0;0;0;0;0;0;0;0;0;0;0;0;0;94.4;0;102.4;0;88;0;0;0;0;0;0;1.6;0;0;0;0;0;0;0;0;0;0;0;0;0;0;0;0;62.4;0;20.8;0;0;0;129.6;0;0;0;0;0;0;0;0;473.6;1561.6;0;0;3.2;0;0;0;0;0;0;0;0;0;0;0;0;0;76.8;17.6;0;0;0;0;0;0;0;0;0;0;0;0;0;0;0;0;0;0;0;0;0;0;0;0;0;0;0;0;0;0;0;0;0;0;0;0;0;0;0;0;0;0;0;0;0;0;0;0;0;0;0;0;0;0;0;0;0;0;0;1.6;0;0;0;0;0;0;0;0;78.4;0;0;0;0;0;0;0;0;0;0;0;1.6;0;0;0;0;62.4;0;0;0;3.2;0;0;0;6.4;0;0;0;8;0;0;0;0;0;0;0;0;0;0;0;0;24;0;0;0;0;0;0;0;0;0;0;0;0;0;0;0;0;0;0;0;0;16;0;0;0;0;0;0;0;0;0
12;2022;SU;2022_SU;13;0;0;0;0;0;0;0;0;0;0;0;0;0;0;0;0;0;0;0;0;0;0;0;9.6;0;0;0;0;0;0;0;0;0;1.6;0;0;0;0;57.6;0;32;0;0;0;0;0;0;0;0;0;0;0;0;0;0;0;0;0;0;0;0;0;0;0;12.8;0;0;0;0;0;94.4;0;0;0;0;0;0;0;0;371.2;492.8;0;0;8;0;0;0;0;0;0;0;0;0;0;0;0;0;8.856338028;0.743661972;0;0;0;0;0;0;0;0;0;0;0;0;0;0;0;0;0;0;0;0;0;0;1.6;0;0;0;0;0;0;0;0;0;0;0;0;0;0;0;0;0;0;0;0;0;0;0;0;0;0;0;0;4.8;0;0;0;0;0;0;0;3.2;0;0;0;1.6;0;0;0;0;4.8;0;0;0;0;0;0;0;0;0;0;0;0;0;0;0;0;30.4;0;0;0;0;0;0;0;0;0;0;0;0;187.2;0;0;0;0;0;0;0;0;0;0;0;1.6;1.6;0;0;0;0;0;0;0;0;0;0;0;0;0;0;0;0;0;0;0;9.6;0;0;0;0;0;9.6;0;0;0
12;2022;AU;2022_AU;14;0;0;0;0;0;0;0;0;0;0;0;0;0;0;0;0;0;0;0;0;0;0;6.4;1.6;0;0;0;0;0;0;0;0;0;1.6;0;0;6.4;0;2.618181818;0;6.4;0;0;0;0;0;0;0;0;0;0;0;0;0;0;0;0;0;0;0;0;0;0;0;9.6;0;0;0;0;0;27.2;0;0;0;0;0;0;0;0;211.2;169.6;0;0;0;0;0;0;0;0;0;0;0;0;0;0;0;0;0;0;0;0;0;0;0;0;0;0;0;0;0;0;0;0;0;0;0;0;0;0;0;0;0;0;0;0;0;0;0;0;0;0;0;0;0;0;0;0;0;0;0;0;0;0;0;0;0;0;0;0;0;8;0;3.2;0;0;0;0;24;0;0;0;0;0;0;0;0;0;12.8;0;0;0;0;0;0;0;0;0;0;0;0;0;0;0;0;9.6;0;0;0;0;0;0;0;6.981818182;0;0;0;1.6;32;0;0;0;0;0;0;0;0;0;0;0;3.2;0;0;0;0;0;0;0;0;0;0;0;0;0;0;0;0;0;0;0;0;8;0;0;0;0;0;1.6;0;0;0
12;2023;WI;2023_WI;15;0;0;0;0;0;0;0;0;0;0;0;0;0;0;0;0;0;0;0;0;0;0;3.2;0;0;0;0;4.8;0;0;0;0;0;0;0;0;0;0;164.3636364;0;43.2;0;0;0;0;0;0;0;0;0;0;0;0;0;0;0;0;0;0;0;0;0;0;0;107.2;0;3.2;0;0;0;174.4;0;0;0;0;0;0;0;0;329.6;252.8;0;0;0;0;0;0;0;0;0;0;0;0;0;0;0;0;83.2;0;0;0;0;0;0;0;0;0;0;0;0;0;0;0;0;0;0;0;0;0;0;0;0;0;0;0;0;0;0;0;0;0;0;0;0;0;1.6;0;0;0;1.6;0;0;0;0;0;0;0;0;0;0;28.8;0;3.2;0;0;0;0;137.6;0;0;0;0;0;0;0;0;0;3.2;0;0;0;0;0;0;0;0;0;0;0;0;0;0;0;0;16;0;0;0;1.6;0;0;0;38.83636364;0;0;0;14.4;27.2;0;1.6;0;0;0;0;0;0;0;0;0;20.8;1.6;0;0;0;0;0;0;0;0;0;0;0;0;0;1.6;0;0;0;0;0;1.6;0;0;1.6;0;0;0;0;0;0
12;2023;SP;2023_SP;16;0;0;0;0;0;0;0;0;0;0;0;0;0;0;0;0;0;0;0;0;0;0;0;0;0;0;0;0;0;0;0;0;0;0;0;0;0;0;24;0;11.2;0;0;0;0;0;0;0;0;0;0;0;0;0;0;0;0;0;0;0;0;0;0;0;6.4;0;0;0;0;0;147.2;0;0;0;0;0;0;0;0;848;598.4;0;0;1.6;0;0;0;0;0;0;0;0;0;0;0;0;0;4.8;0;0;0;0;0;0;0;0;0;0;0;0;0;0;0;0;0;0;0;0;0;0;0;0;0;0;0;0;0;3.2;0;0;0;0;0;0;0;0;0;0;0;0;0;0;0;0;0;0;0;0;0;0;3.2;0;0;0;0;0;0;1.6;0;0;0;0;0;0;0;0;0;0;0;0;0;0;0;0;0;0;0;0;0;0;0;0;0;0;9.6;0;0;0;0;0;0;0;3.2;0;0;0;3.2;0;0;0;0;0;0;0;0;0;0;0;0;0;0;0;0;0;0;0;0;0;0;0;0;0;0;0;0;0;0;0;0;0;1.6;0;0;0;0;0;0;0;0;0
13;2018;AU;2018_AU;1;0;0;0;0;0;0;0;0;0;0;0;0;0;0;0;0;0;0;0;0;0;0;0;0;0;1.333333333;0;0;0;0;0;0;0;0;0;0;13.33333333;0;1.333333333;0;33.33333333;0;0;0;0;0;0;8;0;0;0;0;0;0;0;16;0;0;0;0;0;0;0;0;22.66666667;0;5.333333333;0;0;0;0;0;0;0;0;0;0;0;0;3033.333333;0;0;0;0;0;0;0;0;0;0;0;0;0;0;0;0;0;0;0;0;0;0;0;0;0;0;0;0;0;0;0;0;0;0;0;0;0;1.333333333;0;0;0;0;0;0;0;0;0;0;0;0;0;0;0;0;0;0;0;0;0;0;0;0;0;0;0;0;0;0;0;1.333333333;164;0;0;1.333333333;0;0;0;1.333333333;0;0;0;0;0;0;0;0;0;0;0;0;0;0;0;0;0;0;0;0;0;0;0;0;0;0;38.66666667;0;0;0;0;1.333333333;0;0;0;0;0;0;0;42.66666667;0;0;0;0;0;0;0;0;0;0;0;80;0;0;0;0;0;0;0;0;0;0;0;0;0;0;2.666666667;0;0;0;0;0;49.33333333;0;0;0;0;0;0;0;0;2.666666667
13;2019;WI;2019_WI;2;0;0;0;0;0;0;0;0;0;0;0;0;0;0;0;0;0;0;0;0;0;0;0;0;0;0;0;0;0;0;0;0;0;0;0;2.666666667;18.66666667;0;90.66666667;0;252;0;0;0;0;0;0;8;0;0;0;0;0;0;0;13.33333333;0;0;0;0;0;0;0;0;45.33333333;0;0;0;0;0;0;0;0;0;0;0;0;0;0;553.3333333;0;0;0;0;0;0;0;0;0;0;0;0;0;0;0;0;0;5.333333333;0;0;0;0;0;0;0;0;0;0;0;0;0;0;0;0;0;0;0;0;0;0;0;0;0;0;0;0;0;1.333333333;0;0;0;0;0;0;0;0;0;0;0;0;0;0;0;0;0;0;0;0;0;0;56;0;0;0;0;0;0;44;0;0;0;0;0;0;0;0;0;0;0;0;0;0;0;0;0;0;0;0;0;0;0;0;0;0;978.6666667;0;0;0;1.333333333;0;0;0;0;0;0;0;1.333333333;276;0;0;0;0;0;0;0;0;0;0;0;49.33333333;0;0;0;0;0;0;0;0;0;0;0;0;0;0;0;0;0;0;0;0;46.66666667;0;0;1.333333333;0;0;0;0;0;0
13;2019;SP;2019_SP;3;0;0;0;0;0;0;0;0;0;0;0;0;0;0;0;1.333333333;0;0;0;0;0;0;0;0;0;1.333333333;0;0;0;0;0;0;0;0;0;0;22.66666667;0;16;0;436;0;0;0;0;0;0;5.333333333;0;0;0;0;0;0;0;0;0;0;0;0;0;0;0;0;5.333333333;0;1.333333333;0;0;0;0;0;0;0;0;0;0;0;0;560;0;0;0;0;0;0;0;0;0;0;0;0;0;0;0;0;0;0;0;0;0;0;0;0;0;0;0;0;0;0;0;0;0;0;0;0;0;0;0;0;0;0;0;0;0;0;0;0;0;0;0;0;0;0;0;1.333333333;0;0;0;0;0;0;0;0;0;0;0;0;0;0;14.66666667;0;0;0;0;0;0;0;0;0;0;0;0;0;0;0;0;0;0;0;0;0;0;0;0;0;0;0;0;0;0;0;0;0;285.3333333;0;0;0;0;0;0;0;0;0;0;0;5.333333333;8;0;0;0;0;0;0;0;0;0;0;0;48;0;0;0;0;0;0;0;0;0;0;0;0;0;0;0;0;0;0;0;0;54.66666667;0;0;2.666666667;0;0;0;0;0;0
13;2020;AU;2020_AU;4;0;0;0;0;0;0;0;0;0;0;0;0;0;0;0;0;0;0;0;0;0;0;0;0;0;0;0;0;0;0;0;0;0;0;0;0;6.4;0;0;0;14.4;0;0;0;0;0;0;4.8;0;0;0;0;0;0;0;3.2;0;0;0;0;0;0;0;0;0;0;0;0;0;0;0;0;0;0;0;0;0;0;0;142.4;0;0;0;0;0;0;0;0;0;0;0;0;0;0;0;0;0;0;0;0;0;0;0;0;0;0;0;0;0;0;0;0;0;0;0;0;0;0;0;0;0;0;0;0;0;0;0;0;0;0;0;0;0;0;0;0;0;0;0;0;0;0;0;0;0;0;0;0;0;0;40;0;0;0;0;0;0;19.2;0;0;0;0;0;0;0;0;0;27.2;0;0;0;0;0;0;0;0;0;0;0;0;0;0;0;0;704;0;0;0;0;0;0;0;0;0;0;0;6.4;60.8;0;0;0;0;0;0;0;0;0;0;0;156.8;0;0;0;0;0;0;0;0;0;0;0;0;0;0;1.6;0;0;0;0;0;25.6;0;0;1.6;0;0;0;0;0;0
13;2021;WI;2021_WI;5;0;0;0;0;0;1.6;0;0;0;0;0;0;0;0;0;1.6;0;0;0;0;0;0;0;0;0;0;0;0;0;0;0;0;0;0;0;0;22.4;0;33.6;0;108.8;0;0;0;0;0;0;0;0;0;0;0;0;0;0;9.6;0;0;0;0;0;0;0;0;9.6;0;0;0;0;0;0;0;0;0;0;0;0;0;0;323.2;0;0;0;0;0;0;0;0;40;0;0;0;0;0;0;0;0;0;0;0;0;0;0;0;0;0;0;0;0;0;0;0;0;0;0;0;1.6;0;0;0;0;0;0;0;0;0;0;0;0;0;0;0;0;0;0;0;0;0;0;0;0;0;0;0;0;0;0;0;0;1.6;166.4;0;1.6;0;0;0;0;121.6;1.6;0;0;0;0;0;0;0;0;54.4;0;0;0;0;0;0;0;0;0;0;0;0;0;0;0;0;1491.2;0;0;0;0;0;0;0;0;0;0;0;110.4;51.2;0;0;0;0;0;0;0;0;0;0;0;336;0;0;0;0;0;0;0;0;0;0;0;0;0;0;0;0;0;0;0;0;25.6;0;0;0;0;0;0;0;0;0
13;2021;SP;2021_SP;6;0;0;0;0;0;1.6;0;0;0;0;0;0;1.6;0;0;1.6;0;0;0;0;0;0;0;0;0;0;0;0;0;0;0;0;0;0;0;0;30.4;0;6.4;0;86.4;0;0;0;0;0;0;3.2;0;0;0;0;0;0;0;0;0;0;0;0;0;0;0;0;0;1.6;0;0;0;0;0;0;0;0;0;0;0;0;0;51.2;0;0;0;0;0;0;0;0;0;0;0;0;0;0;0;0;0;0;0;0;0;0;0;0;0;0;0;0;0;0;0;0;0;0;0;0;0;0;0;0;0;0;0;0;0;0;0;0;0;0;0;0;0;0;0;0;0;0;1.6;0;0;0;0;0;0;0;0;0;0;0;44.8;0;0;0;0;0;0;0;0;0;1.6;0;0;0;0;0;0;4.8;0;0;0;0;0;0;0;0;0;0;0;1.6;0;0;0;0;460.8;0;0;0;1.6;0;0;0;0;0;0;0;59.2;0;0;0;0;1.6;0;0;0;0;0;0;0;257.6;0;0;0;0;0;0;0;0;0;0;0;0;0;0;4.8;0;0;0;0;0;27.2;0;0;1.6;0;0;0;0;0;0
13;2021;AU;2021_AU;7;0;0;0;0;0;0;0;0;0;0;0;0;0;0;0;3.2;0;0;0;0;0;0;0;0;0;0;0;0;0;0;0;0;0;0;0;0;0;0;0;0;0;0;0;0;0;0;0;0;0;0;0;0;0;0;0;0;0;0;0;0;0;0;0;0;0;0;0;0;0;0;0;0;0;0;0;0;0;0;0;0;0;0;0;0;0;0;0;0;0;0;0;0;0;0;0;0;0;0;0;0;0;0;0;0;0;0;0;0;0;0;0;0;0;0;0;0;0;0;0;0;0;0;0;0;3.2;0;0;0;0;0;0;0;0;0;0;0;0;0;0;0;0;0;0;0;0;0;0;0;0;0;6.4;0;0;0;0;0;0;0;0;0;0;0;0;0;0;0;0;32;0;0;0;0;0;0;0;0;0;0;0;0;0;0;0;0;291.2;0;0;0;0;0;0;0;0;0;0;0;0;0;0;0;0;0;0;0;0;0;0;0;0;35.2;0;0;0;0;0;0;0;0;0;0;0;0;0;1.6;20.8;0;0;0;0;1.6;1.6;0;0;3.2;0;0;0;0;0;0
13;2022;WI;2022_WI;8;0;0;0;0;0;0;0;0;0;4.8;0;0;0;0;0;0;0;0;0;0;0;0;0;0;0;0;0;0;0;0;0;0;0;0;0;0;113.6;0;12.35862069;0;321.6;0;0;0;0;0;0;0;0;0;0;0;0;0;0;3.2;0;0;0;0;0;0;0;0;0;0;1.6;0;0;0;0;0;0;0;0;0;0;0;0;1.6;0;0;0;0;0;0;0;0;4.965517241;0;0;0;0;0;0;0;0;0;0;0;0;0;0;0;0;0;0;0;0;0;0;0;0;0;0;0;0;0;0;0;0;0;0;0;0;0;0;0;0;0;0;0;0;0;0;0;0;0;0;0;0;0;0;0;0;0;0;0;0;0;67.2;0;0;0;0;0;0;28.8;0;0;0;0;0;0;0;0;0;129.6;0;0;0;0;0;0;0;0;0;0;0;0;0;0;0;0;676.8;0;0;0;0;1.6;0;0;0;0;0;0;152;9.6;0;0;0;0;0;0;0;0;0;0;0;299.2;0;0;0;0;0;0;0;0;0;0;0;0;0;30.67586207;0;0;0;0;0;0;11.2;0;0;0;0;0;0;0;0;0
13;2022;SP;2022_SP;9;0;0;0;0;0;0;0;0;0;1.6;0;0;3.52;0;0;0;0;0;0;0;0;0;0;0;0;0;0;0;0;0;0;0;0;0;0;0;36.8;0;32.44137931;0;113.6;0;0;0;0;0;0;0;0;0;0;0;0;0;0;0;0;0;0;0;0;0;0;0;0;0;0;0;0;0;0;0;0;0;0;0;0;0;0;0;0;0;0;0;0;0;0;0;1.434482759;0;0;0;0;0;0;0;0;0;0;0;0;0;0;0;0;0;0;0;0;0;0;0;0;0;0;0;0;0;0;0;0;0;0;0;0;1.6;0;0;0;0;0;0;0;0;0;0;0;0;0;0;0;0;0;0;0;0;0;0;0;0;25.6;0;0;0;0;0;0;2.88;0;0;0;0;0;0;0;0;0;3.2;0;0;0;0;0;0;0;0;0;0;0;0;0;0;0;0;6.4;0;0;0;0;0;1.6;0;0;0;0;0;68.8;0;0;0;0;0;0;0;0;0;0;0;0;84.8;0;0;0;0;0;0;0;0;0;0;0;0;0;9.324137931;14.4;0;0;0;0;0;1.6;0;0;0;0;0;0;0;0;0
13;2023;WI;2023_WI;10;0;0;0;0;0;0;0;0;1.6;8;0;0;32;0;0;0;0;0;0;0;0;0;0;0;0;0;0;0;0;0;0;0;0;0;1.6;0;11.2;0;2.545454545;0;35.2;0;0;0;0;0;0;0;0;0;0;0;0;0;0;0;1.6;0;0;0;0;0;0;0;0;0;0;0;0;0;0;0;0;0;0;0;0;0;0;1.6;1.6;0;0;0;0;0;0;0;0;0;0;0;0;0;0;0;0;0;0;0;0;0;0;0;0;0;0;0;0;0;0;0;0;0;0;0;0;0;0;0;0;0;0;0;0;0;0;0;0;0;0;0;0;0;0;0;0;0;0;1.6;0;0;0;0;0;0;0;0;0;0;19.2;0;0;0;0;0;0;0;0;0;0;0;0;0;0;0;0;582.4;0;0;0;0;0;0;0;0;0;0;0;0;0;0;0;0;184;0;0;0;0;0;0;0;0;0;0;0;6.4;11.2;0;0;0;0;0;0;0;0;0;0;0;123.2;0;0;0;0;0;0;0;0;0;0;0;0;0;29.45454545;0;0;0;0;0;0;0;0;0;0;0;0;0;0;0;0
13;2023;SP;2023_SP;11;0;0;0;0;0;0;0;0;1.6;1.6;0;0;3.2;0;0;0;0;0;0;0;0;0;0;0;0;0;0;0;0;0;0;0;0;0;0;0;3.2;0;11.2;0;11.2;0;0;0;0;0;0;0;0;0;0;0;0;0;0;4.8;0;0;0;0;0;0;0;0;0;0;0;0;0;0;0;0;0;0;0;0;0;0;0;6.4;0;0;0;0;0;0;0;0;0;0;0;0;0;0;0;0;0;0;3.2;0;0;0;0;0;0;0;0;0;0;0;0;0;0;0;0;0;0;0;0;0;0;0;0;0;0;1.6;0;0;0;0;0;0;0;0;0;1.6;0;0;0;1.6;0;0;0;0;0;0;0;0;0;0;11.2;0;0;0;0;0;0;0;0;0;0;0;0;0;0;0;0;6.4;0;0;0;0;0;0;0;0;0;0;0;0;0;0;0;0;9.6;0;0;0;0;0;0;0;0;0;0;0;1.6;0;0;0;0;0;0;0;0;0;0;0;0;3.2;0;0;0;0;0;0;0;0;0;0;0;0;0;0;0;0;0;0;0;0;0;0;0;0;0;0;0;0;0;0
14;2018;AU;2018_AU;1;0;0;0;0;0;0;0;0;0;0;0;0;0;0;0;0;0;0;0;0;0;0;0;0;0;0;0;0;1.333333333;0;0;0;0;0;0;4;1.333333333;0;0;0;213.3333333;0;0;0;0;0;0;0;0;0;0;0;0;0;0;0;0;0;0;0;0;0;0;0;2.666666667;0;0;0;0;0;0;0;0;0;0;0;0;0;0;9.333333333;12;0;0;0;0;0;0;0;0;0;0;0;0;0;0;0;0;0;0;0;0;0;0;0;0;0;0;0;0;0;0;0;0;0;0;0;0;0;0;0;0;0;0;0;0;0;4;0;4;0;0;0;0;0;0;0;0;0;0;0;0;0;0;0;0;0;0;0;0;0;28;0;0;0;0;0;0;0;0;0;0;0;0;0;0;0;0;0;0;0;0;0;0;0;0;0;0;0;0;4;0;0;0;0;1.333333333;0;0;0;0;0;0;0;0;0;0;0;1.333333333;5.333333333;0;0;0;0;0;0;0;0;0;0;0;1.333333333;0;0;0;0;0;1.333333333;0;21.33333333;0;0;0;0;0;0;0;0;0;0;0;0;0;0;0;0;0;0;0;0;0;0
14;2019;WI;2019_WI;2;0;0;0;0;0;0;0;0;0;0;0;0;0;0;0;0;0;0;0;0;0;0;0;0;0;0;0;2.666666667;0;0;0;0;0;0;1.333333333;33.33333333;6.666666667;0;1.333333333;0;3938.666667;0;0;0;0;0;1.333333333;0;0;0;0;0;0;0;0;52;0;0;0;0;0;0;0;0;41.33333333;0;0;0;0;0;0;0;0;0;0;0;0;0;0;224.8247048;151.1752952;0;0;0;0;0;0;0;16;0;0;0;0;0;0;0;0;0;0;0;0;0;0;0;0;0;0;0;0;0;0;0;0;0;0;0;0;0;0;0;0;0;0;0;0;0;1.333333333;0;4;0;0;0;0;0;0;0;0;0;0;0;0;0;0;0;0;0;1.333333333;0;0;0;12;0;0;0;0;0;0;5.333333333;0;4;0;0;1.333333333;0;0;0;0;0;0;0;0;0;0;0;0;0;0;0;0;5.333333333;0;0;0;0;4;0;0;0;6.666666667;0;0;0;8;0;0;0;0;8;0;0;0;0;0;0;0;0;0;0;0;2.666666667;0;0;0;0;0;0;0;62.66666667;0;0;0;0;0;8;0;0;0;0;0;0;20;0;0;1.333333333;0;0;0;0;0;0
14;2019;SP;2019_SP;3;0;0;0;0;1.333333333;0;0;0;0;0;0;0;0;0;0;0;0;0;0;0;0;0;0;0;0;5.333333333;0;0;10.66666667;0;0;0;0;0;0;6.666666667;49.33333333;0;1.333333333;0;2018.666667;4;0;0;0;0;2.666666667;0;0;0;0;0;0;0;0;4;0;0;0;0;0;0;0;0;21.33333333;0;0;0;0;0;0;0;0;0;0;0;0;0;0;84.53769301;36.79564033;0;0;0;0;0;0;0;0;0;0;0;0;0;0;0;0;0;10.66666667;0;0;0;0;0;0;0;0;0;0;0;0;0;0;0;0;0;0;0;0;0;0;0;0;0;2.666666667;0;2.666666667;1.333333333;0;0;0;0;0;0;0;0;0;0;0;0;0;0;0;0;0;0;1.333333333;0;0;0;8;0;0;0;0;0;0;0;0;0;0;0;0;0;0;0;0;13.33333333;0;0;0;0;0;0;0;0;0;0;0;0;0;0;0;0;2.666666667;0;0;0;1.333333333;0;0;0;0;0;0;0;0;0;0;0;0;0;0;0;0;0;0;0;0;4;0;0;0;0;0;0;0;0;0;0;0;0;0;0;0;0;0;0;0;0;36;0;0;0;0;0;0;0;0;0
14;2019;SU;2019_SU;4;0;0;0;0;0;0;0;0;0;0;0;0;0;0;0;0;0;0;0;0;0;0;0;0;0;0;0;0;1.333333333;0;0;0;0;0;0;5.333333333;1.333333333;0;0;0;73.33333333;0;0;0;0;0;0;0;0;0;1.333333333;0;0;0;0;2.666666667;0;0;0;0;0;0;0;0;17.33333333;0;0;0;0;0;0;0;0;0;0;0;0;0;0;989.4713896;134.5286104;0;0;1.333333333;0;0;0;0;0;0;0;0;1.333333333;0;0;0;0;0;0;0;0;0;0;0;0;0;0;0;0;0;0;0;0;0;0;0;0;0;0;0;0;0;0;0;0;0;0;0;0;0;0;0;0;0;0;0;0;0;0;0;0;0;0;0;0;0;0;0;0;0;0;0;0;0;0;0;0;0;1.333333333;0;0;0;1.333333333;0;0;0;0;2.666666667;0;0;0;0;0;0;0;0;0;0;0;1.333333333;0;0;0;0;4;0;0;0;4;0;0;0;0;0;0;0;0;0;0;0;0;0;0;0;0;0;0;0;0;0;5.333333333;0;0;0;0;1.333333333;0;0;0;0;0;0;0;0;0;0;0;0;0;0;0;0;0;0;0;0;6.666666667;0;0;0
14;2020;SU;2020_SU;5;0;0;0;0;1.6;0;0;0;1.6;0;0;0;0;0;0;0;0;0;0;0;0;0;0;0;0;0;0;0;0;0;0;0;0;0;0;0;0;0;0;0;65.6;0;0;0;0;0;0;0;0;3.2;0;0;0;0;0;1.6;0;0;0;0;0;0;0;0;0;0;0;0;0;0;0;0;0;0;0;0;0;0;0;38.4;1068.8;0;0;1.6;0;0;0;0;0;0;0;0;0;0;0;0;0;0;0;0;0;0;0;0;0;0;0;0;0;0;0;0;0;0;0;0;0;0;0;0;0;0;0;0;0;0;0;0;0;0;0;0;0;0;0;0;0;0;0;0;0;0;0;0;0;0;0;0;0;0;3.2;0;0;0;0;0;0;0;0;0;0;0;0;0;0;0;0;0;0;0;0;0;0;0;0;0;0;0;0;0;0;0;0;0;600;0;0;0;0;0;0;0;0;0;0;0;0;0;0;0;0;0;0;0;0;0;0;0;0;0;0;0;0;0;0;0;0;0;0;0;0;0;0;0;0;0;0;0;0;0;9.6;0;0;0;0;0;18.74285714;3.657142857;0;0
14;2020;AU;2020_AU;6;0;0;0;0;0;1.6;0;0;0;0;0;0;0;0;0;0;0;0;0;0;0;0;0;0;0;0;0;0;0;0;0;0;0;0;0;0;0;0;0;0;232;6.4;0;0;0;0;0;0;0;0;0;0;0;0;0;1.6;0;0;1.6;0;0;0;0;0;1.6;0;0;0;0;0;0;0;0;0;0;3.2;0;0;1.6;8;86.4;0;0;0;0;0;14.4;0;0;0;0;0;0;0;0;0;0;0;0;0;0;0;0;0;0;0;0;1.6;0;0;0;0;0;0;0;0;0;0;0;0;0;0;0;0;0;0;0;0;0;0;0;0;0;0;0;0;0;0;0;0;0;0;0;0;0;0;0;0;0;0;27.2;0;0;0;0;0;0;1.6;1.6;0;0;0;4.8;0;0;1.6;0;56;0;0;0;0;0;0;0;0;0;0;0;0;0;0;0;0;800;0;0;0;3.2;0;0;0;0;0;0;0;8;0;0;0;0;0;0;0;0;0;0;0;0;41.6;16;0;0;0;0;8;0;0;0;0;0;0;0;0;1.6;0;0;0;0;0;3.2;0;0;0;0;0;3.2;0;0;0
14;2021;WI;2021_WI;7;0;0;0;0;0;0;0;0;0;0;0;0;0;0;0;0;0;0;0;0;0;0;0;0;0;0;0;0;0;0;0;0;0;0;0;0;0;0;0;0;940.8;0;0;0;0;0;0;0;0;0;0;0;0;0;0;0;0;0;0;0;0;0;0;0;0;0;0;0;0;0;0;0;0;0;0;4.8;3.2;0;0;48;387.2;0;0;0;0;0;28.8;0;8.685714286;0;0;0;0;0;0;0;0;0;0;0;0;0;0;0;0;0;0;0;0;0;0;0;0;0;0;0;0;0;0;0;0;0;0;0;0;0;0;0;0;0;0;0;0;0;0;0;0;0;0;0;0;0;0;0;0;0;0.914285714;0;0;0;38.4;0;0;0;0;0;0;44.8;3.2;0;0;0;0;0;0;0;0;995.2;0;0;0;0;0;0;0;0;0;0;0;0;0;0;0;0;428.8;0;0;0;25.6;0;0;0;0;0;0;0;36.8;1.6;0;1.6;0;0;0;0;0;0;0;0;0;9.6;19.2;0;0;0;0;0;0;0;0;0;0;0;0;0;0;0;0;0;0;0;25.6;0;0;1.6;0;0;0;0;0;0
14;2021;SP;2021_SP;8;0;0;0;0;1.6;0;0;0;0;0;0;0;0;0;0;0;0;0;0;0;0;0;0;0;0;0;0;0;0;0;0;0;0;0;0;1.6;4.8;0;0;0;4414.4;0;0;0;0;0;0;0;0;0;0;0;0;0;0;0;0;0;0;0;0;0;0;0;1.6;0;0;0;0;0;0;0;0;0;0;1.6;0;0;4.8;54.4;195.2;0;0;0;0;0;3.2;0;1.6;0;0;0;0;0;0;0;0;0;73.6;0;0;0;0;0;0;0;0;0;0;0;0;3.2;0;0;0;0;0;0;0;0;0;0;0;0;0;0;0;0;0;0;0;0;0;0;0;0;0;0;0;0;0;0;0;0;0;0;3.2;0;0;0;8;0;0;0;0;0;0;1.6;14.4;0;0;0;0;0;0;0;0;75.2;0;0;0;0;0;0;0;0;0;0;0;0;0;0;0;0;1331.2;0;0;0;24;0;0;0;0;0;0;0;9.6;0;0;6.4;0;0;0;0;0;0;0;0;0;17.6;3.2;0;0;0;0;0;0;0;0;0;0;0;0;0;3.2;0;0;0;0;0;25.6;0;0;0;0;0;0;0;0;0
14;2021;SU;2021_SU;9;0;3.2;0;0;0;0;0;0;0;0;0;0;0;0;0;0;0;0;0;0;0;0;0;0;0;0;0;0;0;0;0;0;0;0;0;0;0;0;0;0;433.6;4.8;0;0;0;0;0;0;0;3.2;0;0;0;0;0;0;0;0;0;0;0;0;0;0;0;0;0;0;0;0;0;0;0;0;0;49.6;0;0;0;6.4;187.2;0;0;1.6;0;0;48;0;0;0;0;0;0;0;0;0;0;0;0;0;0;0;0;0;0;0;0;0;0;0;0;0;0;0;0;0;0;0;0;0;0;1.6;0;0;0;0;0;0;0;0;0;0;0;0;0;0;0;0;1.6;0;0;0;0;0;0;0;0;0;0;0;6.4;0;0;0;0;0;0;0;16;0;0;0;9.6;0;0;3.2;0;8;0;0;0;0;0;0;0;0;0;0;0;0;0;0;0;0;20.8;0;0;0;0;0;0;0;0;0;0;0;9.6;0;0;1.6;0;0;0;0;0;0;0;0;0;3.2;0;0;0;0;0;0;0;0;0;0;0;0;0;0;1.6;0;0;0;0;0;25.6;0;0;6.4;0;0;0;0;0;0
14;2021;AU;2021_AU;10;0;3.2;0;0;0;0;0;0;0;0;0;0;0;0;0;0;0;0;0;0;0;0;0;0;0;0;0;0;0;0;0;0;0;0;0;0;0;0;0;0;398.4;1.6;0;0;0;0;0;0;0;1.6;0;0;0;0;0;0;0;0;0;0;0;0;0;0;0;0;0;0;0;0;0;0;0;0;0;48;0;0;0;1.6;14.4;0;0;1.6;0;0;44.8;0;0;0;0;0;0;0;0;0;0;0;0;0;0;0;0;0;0;0;0;0;0;0;0;0;0;0;0;0;0;0;0;0;0;0;0;0;0;0;0;0;0;0;0;0;0;0;0;0;0;0;0;0;0;0;0;0;0;0;0;0;0;0;8;0;0;0;0;0;0;0;1.6;0;0;0;22.4;0;1.6;9.6;0;43.2;0;0;0;0;0;0;0;0;0;0;0;0;0;0;0;0;8;0;0;0;0;0;0;0;0;0;0;0;11.2;3.2;0;0;0;0;0;0;0;0;0;0;0;19.2;0;0;0;0;0;0;0;0;0;0;0;0;0;0;3.2;0;0;0;0;0;27.2;0;0;0;0;0;0;0;0;0
14;2022;WI;2022_WI;11;0;1.6;0;0;0;0;0;0;0;0;0;0;0;0;0;0;0;0;0;0;0;0;0;0;0;0;0;0;0;0;0;0;0;0;3.2;0;8;0;0;0;536;0;0;0;0;0;0;0;0;0;0;0;0;0;0;0;0;0;0;0;0;0;0;0;0;0;0;0;0;0;0;0;0;0;0;105.6;0;0;0;70.4;83.2;0;0;0;0;0;24;0;20.16;0;0;0;0;0;0;0;0;0;0;0;0;3.2;0;0;0;0;0;3.2;0;0;0;0;0;0;0;0;0;0;0;0;0;0;0;0;0;0;0;0;0;0;0;0;0;0;0;0;0;0;0;0;0;0;0;0;0;0;0;0;0;0;44.8;0;0;0;0;0;0;67.2;1.6;0;0;0;1.6;0;0;0;0;339.2;0;0;0;0;0;0;0;0;0;0;0;0;0;0;0;0;0;0;0;0;1.6;0;0;0;0;0;0;0;75.2;9.6;0;0;0;0;0;0;0;0;0;0;0;1.6;0;0;0;0;0;0;0;0;0;0;0;0;0;2.24;0;0;0;0;0;0;30.4;0;0;0;0;0;0;0;0;0
14;2022;SP;2022_SP;12;0;3.2;0;0;0;0;0;0;0;0;0;0;0;0;0;0;0;0;0;0;0;0;0;0;0;0;0;0;0;0;0;0;0;0;0;0;32;0;0;0;1476.8;49.6;0;0;0;0;0;0;0;0;0;0;0;0;0;0;0;0;0;0;0;0;0;0;0;0;0;0;0;0;0;0;0;0;0;22.4;0;0;0;0;20.8;0;0;8;0;0;11.2;0;0;0;0;0;0;0;0;0;0;0;25.6;0;0;0;0;0;0;0;0;0;0;0;0;0;0;0;0;1.6;0;0;0;0;0;0;0;0;0;6.4;0;0;0;0;0;0;0;0;0;0;0;0;0;0;0;0;0;0;0;0;0;0;0;0;1.6;0;0;0;0;0;0;0;4.8;3.2;0;0;0;0;0;0;0;41.6;0;0;0;0;0;0;0;0;0;0;0;0;0;0;0;0;1.6;0;0;0;0;0;0;0;0;0;0;0;25.6;0;0;6.4;0;0;0;0;0;0;0;0;0;11.2;0;0;0;0;0;0;0;0;1.6;0;0;0;0;0;1.6;0;0;0;0;0;20.8;0;0;0;0;0;0;0;0;0
14;2022;SU;2022_SU;13;0;6.4;0;0;0;0;0;0;0;0;0;0;0;0;0;0;0;0;0;0;0;0;0;0;0;0;0;0;0;0;0;0;0;0;0;0;0;0;0;0;1385.6;4.8;0;0;0;0;0;0;0;0;0;0;0;0;0;0;0;0;0;0;0;0;0;0;0;0;0;0;0;0;0;0;0;0;0;27.2;0;0;0;3.2;67.2;0;0;52.8;0;0;3.2;0;0;0;0;0;0;0;0;0;0;0;0;0;0;0;0;0;0;0;0;0;0;0;0;0;0;0;0;0;0;0;0;0;0;0;0;0;0;0;0;0;0;0;0;0;0;0;0;0;0;0;0;0;0;0;0;0;0;0;0;0;0;0;1.6;0;0;0;0;0;0;0;9.6;0;0;0;56;0;9.6;36.8;0;4.8;0;0;0;0;0;0;0;0;0;0;0;0;0;0;0;0;0;0;0;0;0;0;0;0;0;0;0;0;4.8;1.6;0;0;0;0;0;0;0;0;0;0;0;0;0;0;0;0;0;0;0;0;0;0;0;0;0;0;3.2;0;0;0;0;0;3.2;0;0;0;0;0;0;0;0;0
14;2022;AU;2022_AU;14;0;3.2;0;0;0;4.8;0;0;0;0;0;0;0;0;0;0;0;0;0;0;0;0;0;0;0;0;0;0;0;0;0;0;0;0;0;0;0;0;0;0;1211.2;89.6;0;0;0;0;0;0;0;0;0;0;0;0;0;0;0;0;0;0;0;0;0;0;0;0;0;0;0;0;0;0;0;0;0;43.2;0;0;0;4.8;27.2;0;0;0;0;0;1.6;0;11.2;0;0;0;0;0;0;0;0;0;0;0;0;0;0;0;0;0;0;11.2;0;0;0;0;0;0;0;0;0;0;0;0;0;1.6;0;0;0;0;0;0;0;0;0;0;0;0;0;0;0;0;0;0;0;0;0;0;0;0;0;0;0;0;6.4;0;0;0;0;0;0;0;1.6;0;0;0;11.2;0;0;8;0;28.8;0;0;0;0;0;0;0;0;0;0;0;0;0;0;0;0;11.2;0;0;0;1.6;0;0;0;0;0;0;0;30.4;12.8;0;0;0;0;0;0;0;0;0;0;0;41.6;0;0;0;0;0;0;0;0;0;0;0;0;0;0;0;0;0;0;0;0;0;0;0;0;0;0;1.6;0;0;0
14;2023;WI;2023_WI;15;0;1.6;0;0;0;1.6;0;0;0;0;0;0;0;0;0;0;0;0;0;0;0;0;0;0;0;0;0;0;0;0;0;0;0;0;3.2;0;8;0;0;0;25.6;0;0;0;0;0;0;0;0;0;0;0;0;0;0;0;0;0;0;0;0;0;0;0;0;0;0;0;0;0;0;0;0;0;0;360;0;0;0;443.2;416;0;0;0;0;0;6.4;0;49.6;0;0;0;0;0;0;0;0;0;0;0;0;1.6;0;0;0;0;0;83.2;0;0;0;0;0;0;0;0;0;0;0;0;0;0;0;0;0;0;0;0;0;0;0;0;0;0;0;0;0;0;0;0;0;0;0;0;0;0;0;0;0;0;75.2;0;0;0;0;0;0;192;8;0;0;0;0;0;0;0;0;4.8;0;0;0;0;0;0;0;0;0;0;0;0;0;0;0;0;0;0;0;0;3.2;0;0;0;0;0;0;0;88;40;0;0;0;0;0;0;0;0;0;0;0;96;0;0;0;0;0;0;0;0;0;0;0;0;0;0;0;0;0;0;0;0;20.8;0;0;0;0;0;0;0;0;0
14;2023;SP;2023_SP;16;0;0;0;0;0;0;0;0;0;0;0;0;1.6;0;0;0;0;0;0;0;0;0;0;0;0;0;0;0;0;0;0;0;0;0;0;0;3.2;0;0;0;6.4;0;0;0;0;0;0;0;0;0;0;0;0;0;0;0;0;0;0;0;0;0;0;0;0;0;0;0;0;0;0;0;0;0;0;6.4;0;0;0;4.8;4.8;0;0;0;0;0;0;0;4.8;0;0;0;0;0;0;0;0;0;4.8;0;0;0;0;0;0;0;0;0;0;0;0;0;0;0;0;0;0;0;0;0;0;0;0;0;0;1.6;0;0;0;0;0;0;0;0;0;0;0;0;0;0;0;0;0;0;0;0;0;0;0;0;4.8;0;0;0;0;0;0;0;0;0;0;0;0;0;0;0;0;9.6;0;0;0;0;0;0;0;0;0;0;0;0;0;0;0;0;0;0;0;0;0;0;0;0;0;0;0;0;9.6;3.2;0;0;0;0;0;0;0;0;0;0;0;0;0;0;0;0;0;0;0;0;0;0;0;0;0;0;0;0;0;0;0;0;1.6;0;0;0;0;0;0;0;0;0
15;2018;AU;2018_AU;1;0;0;0;0;0;0;0;0;0;0;0;0;0;0;0;0;0;0;0;0;2.666666667;0;1.333333333;0;0;0;0;5.333333333;5.333333333;0;0;0;0;6.666666667;0;0;0;0;1.333333333;0;93.33333333;0;0;0;0;0;0;0;0;0;0;0;0;0;0;0;0;0;0;0;0;0;1.333333333;0;41.33333333;42.28571429;4;0;0;0;28;0;0;0;0;0;0;0;0;380.4666667;204.8666667;0;0;2.666666667;0;0;0;0;0;0;0;0;0;0;0;0;0;0;0;0;0;0;0;0;0;0;0;0;0;0;0;0;0;0;0;0;0;0;0;0;0;0;0;0;0;0;0;0;37.33333333;0;0;0;0;0;0;0;0;0;0;0;0;0;0;0;0;0;0;0;2.666666667;1.333333333;0;0;0;1.333333333;0;0;0;0;0;0;0;0;0;0;0;0;0;0;0;1.333333333;0;0;0;0;0;0;0;10.66666667;0;0;0;0;0;0;32;0;0;0;0;0;0;0;0;0;0;0;0;0;0;0;0;0;0;0;0;0;0;0;0;0;2.666666667;2.666666667;0;0;0;0;0;0;0;0;0;0;0;0;0;0;0;0;0;0;0;0;0;0;0;0;0;0;0;0
15;2019;WI;2019_WI;2;0;0;0;0;0;0;0;0;0;0;0;0;0;0;0;0;0;0;0;0;0;0;6.666666667;0;0;0;0;196;0;0;0;0;0;13.33333333;5.333333333;12;0;0;38.75615213;0;178.6666667;0;0;0;0;0;0;1.333333333;0;0;0;0;0;0;0;0;0;0;0;0;0;0;36;0;181.3333333;5.333333333;12;0;0;0;24;0;0;0;0;0;0;0;0;1524.948025;1428.385308;0;0;0;0;0;0;0;13.78076063;0;0;0;0;0;0;0;0;37.33333333;0;0;0;0;19.06040268;0;0;0;0;0;0;0;0;0;0;0;0;0;0;0;0;0;0;0;0;0;0;0;0;0;33.33333333;0;0;0;0;0;0;13.33333333;0;0;0;0;0;0;0;0;0;0;0;1.968680089;0;0;18.66666667;0;0;6.666666667;0;0;0;364;0;0;0;0;0;0;0;0;0;0;0;0;0;0;0;0;0;0;0;1.333333333;0;2.666666667;0;0;0;0;13.33333333;0;4;0;0;1.333333333;2.666666667;0;85.10067114;0;0;0;0;9.333333333;0;0;0;0;1.333333333;0;0;0;0;0;0;0;6.666666667;0;4;0;0;0;0;1.333333333;0;0;0;0;0;0;0;0;0;0;0;0;2.666666667;0;0;0;0;0;0;0;0;0
15;2019;SP;2019_SP;3;0;0;0;0;0;0;0;0;0;0;0;0;0;0;0;0;0;0;0;0;0;0;0;0;0;0;0;116.5714286;0;0;0;0;0;1.142857143;0;13.71428571;4.571428571;0;71.37871524;0;59.42857143;0;0;0;0;0;0;0;0;0;0;0;0;0;0;0;0;0;0;0;0;0;8;0;76.57142857;10.28571429;10.28571429;0;0;0;35.42857143;0;0;0;0;0;0;0;0;2187.656668;2063.771904;0;0;0;0;0;0;0;0.322147651;0;1.142857143;0;0;0;0;0;0;0;0;0;0;0;35.66634708;0;0;0;0;0;0;0;0;0;0;0;0;0;0;0;0;0;0;0;0;0;0;0;0;0;26.28571429;0;0;0;0;0;0;0;0;0;0;0;0;0;0;0;0;0;0;0.046021093;0;1.142857143;5.714285714;0;0;6.857142857;0;0;0;42.28571429;0;0;0;0;0;0;0;0;0;3.428571429;0;2.285714286;0;0;0;0;0;0;0;0;0;0;0;0;0;0;49.14285714;0;0;0;0;0;0;0;12.58676894;0;0;0;0;1.142857143;0;0;0;0;0;0;0;0;0;0;0;0;2.285714286;0;0;0;0;0;0;0;0;0;0;0;0;0;0;0;0;0;0;0;8;0;0;0;0;0;0;0;0;0
15;2019;SU;2019_SU;4;0;0;0;0;0;0;0;0;0;0;0;0;0;0;0;0;0;0;0;0;5.333333333;0;0;8;0;0;0;9.333333333;5.333333333;0;0;0;0;9.333333333;0;1.333333333;0;0;0;0;22.66666667;0;0;0;0;0;0;1.333333333;0;0;1.333333333;0;0;0;0;0;0;0;0;0;0;0;16;0;74.66666667;17.33333333;4;0;0;0;34.66666667;0;0;0;0;0;0;0;0;563.1185031;1443.548164;0;0;4;0;0;0;0;0;0;0;0;1.333333333;0;0;0;0;0;0;0;0;0;0;0;0;0;0;0;0;0;0;0;0;0;0;0;0;0;0;0;0;0;0;0;0;0;0;0;13.33333333;0;0;0;0;0;0;0;0;0;0;0;0;0;0;0;0;0;0;0;1.333333333;8;1.333333333;0;0;0;0;0;0;0;1.333333333;0;0;0;16;0;0;1.333333333;0;2.666666667;0;1.333333333;0;0;0;0;0;0;0;0;0;14.66666667;0;0;0;0;66.66666667;1.333333333;0;1.333333333;0;0;0;0;1.333333333;0;0;0;0;30.66666667;0;0;0;0;0;0;0;0;0;0;0;0;1.333333333;0;0;0;0;0;0;0;0;0;0;0;0;0;0;0;0;0;0;0;5.333333333;0;0;0;0;0;0;0;0;0
15;2020;SU;2020_SU;5;0;0;0;0;0;0;0;0;0;0;0;0;0;1.6;0;0;0;0;0;0;9.035294118;0;0;4.8;0;0;0;9.6;32;0;0;0;1.6;1.6;0;0;1.6;0;1.6;0;196.8;0;0;0;0;0;0;0;0;0;0;0;0;0;0;4.8;0;0;0;0;0;0;8;0;11.2;49.6;43.2;0;0;0;0;0;0;0;0;0;0;0;0;1548.8;1484.8;0;0;0.564705882;0;0;0;0;0;0;0;0;0;0;0;0;0;6.4;38.4;0;0;0;9.6;0;0;0;0;0;0;0;0;0;0;0;0;0;6.4;0;0;0;0;0;0;0;0;0;0;0;11.2;0;0;0;0;0;0;0;0;0;0;0;0;0;0;0;0;0;0;0;1.6;14.4;1.6;0;8;0;0;0;0;0;0;0;0;0;0;0;0;0;0;320;0;0;0;0;0;0;0;0;0;0;0;4.8;0;0;0;0;832;0;0;0;0;0;0;0;1.6;0;0;0;0;267.2;0;6.4;0;0;0;0;0;0;0;0;0;0;16.99310345;0;0.606896552;0;0;0;0;0;0;0;0;0;0;0;0;0;0;0;0;0;1.6;0;0;0;0;0;0;0;0;0
15;2020;AU;2020_AU;6;0;0;0;0;0;0;0;0;0;0;0;0;0;0;0;0;0;0;0;0;1.6;0;12.8;0;0;0;0;11.2;36.8;0;0;0;0.266666667;9.333333333;0;0;3.2;0;0;0;19.2;0;0;0;0;0;0;1.6;0;0;0;0;0;0;0;0;0;0;0;0;0;0;11.2;0;3.2;4.8;185.6;0;0;0;0;0;0;0;0;0;0;0;0;371.2;979.2;0;0;0;0;0;0;0;0;0;0;0;0;0;0;0;0;0;0;0;0;0;0;0;0;0;0;0;0;0;0;0;0;0;0;0;0;0;0;0;0;0;0;0;0;0;0;0;1.6;0;0;0;0;0;0;0;0;0;0;0;0;0;0;0;0;0;0;0;0;25.6;3.2;0;0;0;0;0;0;0;0;0;0;0;0;0;0;0;0;3.2;0;0;0;0;0;0;0;0;0;0;0;0;0;0;0;0;144;0;0;0;0;0;0;0;0;0;0;0;0;100.8;0;0;0;0;0;1.6;0;0;0;0;0;0;1.6;0;0;0;0;0;0;0;0;0;0;0;0;0;0;0;0;0;0;0;20.8;0;0;0;0;0;0;0;0;0
15;2021;WI;2021_WI;7;0;0;0;0;0;0;0;0;0;0;0;0;0;0;0;0;0;0;0;0;6.4;0;6.4;0;0;0;0;0;1.6;0;0;0;0;0;14.4;0;0;0;18.55072464;0;44.8;0;0;0;0;0;0;0;0;0;0;0;0;0;0;0;0;0;0;0;0;0;0;0;0;0;0;0;0;0;0;0;0;0;0;0;0;0;0;345.6;1792;0;0;0;0;0;0;0;43.5942029;0;0;0;0;0;0;0;0;0;0;0;0;0;0;0;0;0;0;0;0;0;0;0;0;0;0;0;0;0;0;0;0;0;0;0;0;0;0;0;0;0;0;0;0;0;0;0;0;0;0;0;0;0;0;0;0;0;0;0.579710145;0;0;0;0;0;0;0;0;0;20.8;0;0;0;0;0;0;0;0;0;41.6;0;0;0;0;0;0;0;0;0;0;0;0;0;0;0;0;177.6;0;0;0;0;0;0;0;18.87536232;0;0;0;0;89.6;0;0;0;0;0;0;0;0;0;0;0;0;3.2;0;1.6;0;0;0;0;0;0;0;0;0;0;0;0;0;0;0;0;0;3.2;0;0;0;0;0;0;0;0;0
15;2021;SP;2021_SP;8;0;0;0;0;0;0;0;0;0;0;0;0;0;0;0;0;0;0;0;0;6.4;0;0;0;0;0;0;6.4;0;0;0;0;0;1.6;0;0;14.4;0;57.1826087;0;70.4;0;0;0;0;0;0;0;0;0;0;0;0;0;0;0;0;0;0;0;0;0;33.6;0;6.4;27.2;110.4;0;0;0;1.6;0;0;0;0;0;0;0;0;486.4;1408;0;0;0;0;0;0;0;9.739130435;0;0;0;0;0;0;0;0;0;0;0;0;0;0;0;0;0;0;0;0;0;0;0;0;0;0;0;3.2;0;0;0;0;0;0;0;0;0;0;0;6.4;0;0;0;0;0;0;1.6;0;0;0;0;0;0;0;0;0;0;0;2.086956522;8;20.8;4.8;0;9.6;0;0;0;0;0;0;0;0;0;0;0;0;0;0;475.2;0;0;0;0;0;0;0;0;0;0;0;1.6;0;0;0;0;334.4;0;0;0;1.6;0;0;0;23.79130435;0;0;0;1.6;1.6;0;0;0;0;0;0;0;0;0;0;0;1.6;0;0;0;0;0;0;0;4.8;0;0;0;0;0;0;1.6;0;0;0;0;0;9.6;0;0;0;0;0;0;0;0;0
15;2021;SU;2021_SU;9;0;0;0;0;0;0;0;0;0;0;0;0;0;0;0;0;0;0;0;0;6.4;0;0;6.4;0;0;0;0;1.6;0;0;0;0;8;0;0;0;0;9.6;0;67.2;0;0;0;0;0;0;0;0;0;0;0;0;0;0;1.6;0;0;0;0;0;0;0;0;4.8;1.6;1.6;0;0;0;0;0;0;0;0;0;0;0;0;808;915.2;0;0;3.2;0;0;0;0;0;0;0;0;0;0;0;0;0;0;0;0;0;0;0;0;0;0;0;0;0;0;0;0;0;0;0;0;0;0;0;0;0;0;0;0;0;0;0;0;0;0;0;0;0;0;0;0;0;0;0;0;0;0;0;0;0;0;0;0;0;0;0;0;0;0;0;0;0;0;3.2;0;0;0;1.6;0;0;0;0;196.8;0;0;0;0;0;0;0;0;0;0;0;1.6;0;0;0;0;2214.4;1.6;0;0;0;0;0;0;0;0;0;0;0;44.8;0;0;0;0;0;0;0;0;0;0;0;0;41.6;0;0;0;0;0;0;0;0;0;0;0;0;0;0;0;0;0;0;0;4.8;0;0;0;0;0;0;0;0;0
15;2021;AU;2021_AU;10;0;0;0;0;0;0;0;0;0;0;0;0;0;0;0;0;0;0;0;0;35.2;0;0;0;0;0;0;0;0;0;0;0;6.971428571;31.42857143;0;0;0;0;0;0;44.8;0;0;0;0;0;0;0;0;0;0;0;0;0;0;1.6;0;0;0;0;0;0;0;0;0;0;3.2;0;0;0;0;0;0;0;0;0;0;0;0;48;361.6;0;0;3.2;0;0;0;0;0;0;0;0;0;0;0;0;0;0;0;0;0;0;0;0;0;0;0;0;0;0;0;0;0;0;0;0;0;0;0;0;0;0;0;0;0;0;0;0;0;0;0;0;0;0;0;0;0;0;0;0;0;0;0;0;0;0;0;0;0;0;9.6;0;0;0;0;0;0;0;0;0;0;0;0;0;0;0;0;17.6;0;0;0;0;0;0;0;0;0;0;0;0;0;0;0;0;465.6;1.6;1.6;0;9.6;0;0;0;1.6;0;0;0;0;49.6;0;0;0;0;0;0;0;0;0;0;0;0;11.2;0;1.6;0;0;0;0;0;0;0;0;0;0;0;0;0;0;0;0;0;19.2;0;0;0;0;0;0;0;0;0
15;2022;WI;2022_WI;11;0;0;0;0;0;0;0;0;0;0;0;0;0;0;0;0;0;0;0;0;0;0;0;0;0;0;0;49.6;0;0;0;0;0;0;0;0;12.8;0;13.46782609;0;323.2;0;0;0;0;0;0;4.8;0;0;0;0;0;0;0;0;0;0;0;0;0;0;0;0;67.2;12.8;43.2;0;0;0;1.6;0;0;0;0;0;0;0;0;1548.8;1440;0;0;0;0;0;0;0;16.4173913;0;0;0;0;0;0;0;0;0;9.6;0;0;0;0;0;0;0;0;0;0;0;0;0;0;0;0;0;0;0;0;0;0;0;0;0;0;0;0;0;1.6;0;0;0;0;0;0;1.6;0;0;0;0;0;0;0;0;0;0;0;8.250434783;1.6;3.2;40;0;14.4;3.2;0;0;0;24;0;0;0;0;0;0;0;0;0;288;0;0;0;0;0;0;0;0;0;0;0;1.6;0;0;0;0;670.4;0;0;0;3.2;1.6;0;0;301.0643478;0;0;0;8;24;0;0;0;0;0;0;0;0;0;0;0;3.2;1.6;0;6.4;0;0;0;0;0;0;0;0;0;0;0;0;0;0;0;0;0;33.6;0;0;0;0;0;0;0;0;0
15;2022;SP;2022_SP;12;0;0;0;0;0;0;0;0;0;0;0;0;0;0;0;0;0;0;0;0;20.8;0;0;0;1.6;0;0;1.6;0;0;0;0;0;0;0;0;1.6;0;19.47826087;0;54.4;0;0;0;0;0;0;0;0;0;0;0;0;0;0;0;0;0;0;0;0;0;0;0;28.8;25.6;131.2;0;0;0;1.6;0;0;0;0;0;0;0;0;1868.8;1356.8;0;0;8;0;0;0;0;4.173913043;0;0;0;0;0;0;0;0;0;0;0;0;0;0;0;0;0;0;0;0;0;0;0;0;0;0;0;0;0;0;0;0;0;0;0;0;0;0;0;12.8;0;0;0;0;0;0;9.6;0;0;0;0;0;0;0;0;0;0;0;4.104347826;3.2;12.8;1.6;0;1.6;0;0;0;0;0;0;0;0;0;0;0;0;0;0;52.8;0;1.6;0;0;0;0;0;0;0;0;0;1.6;0;0;0;0;324.8;0;0;0;0;4.8;0;0;103.4434783;0;0;0;1.6;0;0;0;0;0;0;0;0;0;0;0;0;0;0;0;0;0;0;0;0;0;0;0;0;0;0;0;1.6;0;0;0;0;0;19.2;0;0;0;0;0;0;0;0;0
15;2022;SU;2022_SU;13;0;0;0;0;0;0;0;0;0;0;0;0;0;0;0;0;0;0;0;0;0;0;0;9.6;0;0;0;0;0;0;0;0;1.6;0;0;0;0;0;0;0;100.8;0;0;0;0;0;0;0;0;0;0;0;0;0;0;0;0;0;0;0;0;0;0;0;19.2;0;0;0;0;0;1.6;0;0;0;0;0;0;0;0;294.4;1153.6;0;0;0;0;0;0;0;0;0;1.6;0;0;0;0;0;0;0;0;0;0;0;0;0;0;0;0;0;0;0;0;0;0;0;0;0;0;0;0;0;0;0;0;0;0;0;0;0;0;0;0;0;0;0;0;0;0;0;0;0;0;0;0;0;0;0;0;0;0;0;0;0;0;0;0;0;0;0;0;0;0;0;0;0;0;0;0;33.6;0;0;0;0;0;0;0;0;0;0;0;0;0;0;0;0;3596.8;0;0;0;0;0;0;0;1.6;0;0;0;91.2;0;0;0;0;0;0;0;0;0;0;0;0;0;33.6;0;27.2;0;0;0;0;0;0;0;0;0;0;0;0;0;0;0;0;0;8;0;0;0;0;0;0;0;0;0
15;2022;AU;2022_AU;14;0;0;0;0;0;0;0;0;0;0;0;0;0;0;0;0;0;0;0;0;9.6;0;0;0;0;0;0;0;0;0;0;0;0;0;0;0;0;0;6.813793103;0;67.2;0;0;0;0;0;0;0;0;0;0;0;0;0;0;0;0;0;0;0;0;0;9.6;0;70.4;1.6;52.8;0;0;0;0;0;0;0;0;0;0;0;0;657.6;870.4;0;0;1.6;0;0;0;0;2.675862069;0;0;0;0;0;0;0;0;0;0;0;0;0;0.35862069;0;0;0;0;0;0;0;0;0;0;0;0;0;0;0;0;0;0;0;0;0;0;0;0;0;1.6;0;0;0;0;0;0;0;0;0;0;0;0;0;0;0;0;0;0;0;0;12.8;6.4;0;16;0;0;0;0;0;0;0;0;0;0;0;0;0;0;60.8;0;0;0;0;0;0;0;0;0;0;0;0;0;0;0;0;1404.8;0;0;0;0;0;0;0;12.55172414;0;0;0;0;49.6;0;0;0;0;0;1.6;0;0;0;0;0;3.2;16;0;12.8;0;0;0;0;0;0;0;0;0;0;0;0;0;0;0;0;0;8;0;0;0;0;0;0;0;0;0
15;2023;WI;2023_WI;15;0;0;0;0;0;0;0;0;0;0;0;0;0;0;0;0;0;0;0;0;0;0;0;0;0;0;0;4.8;0;0;0;0;0;0;0;0;4.8;0;14.67586207;0;27.2;0;0;0;0;0;0;1.6;0;0;0;0;0;0;0;0;0;0;0;0;0;0;3.2;0;4.8;0;8;0;0;0;9.6;0;0;0;0;0;0;0;0;806.4;627.2;0;0;0;0;0;0;0;5.517241379;0;0;0;0;0;0;0;0;0;0;0;0;0;0.772413793;0;0;0;0;0;0;0;0;0;0;0;0;0;0;0;0;0;0;0;0;0;0;0;0;0;1.6;0;0;0;0;0;0;0;0;0;0;0;0;0;0;0;0;0;0;0;0;0;4.8;0;0;0;0;0;0;4.8;0;0;0;0;0;0;0;0;0;8;0;4.8;0;0;0;0;0;0;0;0;0;0;0;0;0;0;134.4;0;0;0;0;0;0;0;73.43448276;0;0;0;0;20.8;0;0;0;0;0;0;0;0;0;0;0;1.6;0;0;1.6;0;0;0;0;0;0;0;0;0;0;0;0;0;0;0;0;0;3.2;0;0;0;0;0;0;0;0;0
15;2023;SP;2023_SP;16;0;0;0;0;0;0;0;0;0;0;0;0;0;0;0;0;0;0;0;0;4.8;0;0;0;0;0;0;1.6;0;0;0;0;0;0;0;0;0;0;30.4;0;19.2;0;0;0;0;0;0;1.6;0;0;0;0;0;0;0;0;0;0;0;0;0;0;6.4;1.6;0;0;0;0;0;0;140.8;0;0;0;0;0;0;0;0;105.6;233.6;0;0;1.6;0;0;0;0;0;0;1.6;0;0;0;0;0;0;0;0;0;0;0;1.6;0;0;0;0;0;0;0;0;0;0;0;0;0;0;0;0;0;0;0;0;0;0;0;0;0;1.6;0;0;0;0;0;0;0;0;0;0;0;0;0;0;0;0;0;0;0;0;0;0;0;0;0;0;0;0;0;0;0;0;0;0;0;0;0;0;12.8;0;14.4;0;0;0;0;0;0;0;0;0;0;0;0;0;0;24;0;0;0;0;0;0;0;9.6;0;0;0;0;0;0;1.6;0;0;0;0;0;0;0;0;0;0;0;0;0;0;0;0;0;0;0;0;0;0;0;0;1.6;0;0;0;0;0;8;0;0;0;0;0;0;0;0;0
16;2018;AU;2018_AU;1;0;0;0;0;0;0;0;0;0;0;0;0;0;0;0;0;0;0;0;0;1.333333333;0;29.33333333;0;0;0;0;0;0;0;0;0;0;0;0;0;29.33333333;0;0;0;74.66666667;4;0;0;0;0;0;1.333333333;0;0;0;0;0;0;0;0;0;0;0;0;0;0;0;0;0;0;0;0;0;0;0;0;0;0;0;0;0;0;0;38.43137255;428.2352941;0;0;1.333333333;0;0;0;0;0;0;0;0;0;0;0;0;0;0;0;0;0;0;0;0;0;0;0;0;0;0;0;0;0;0;0;0;1.333333333;1.333333333;0;0;0;0;0;0;0;0;0;0;0;0;0;0;0;0;0;0;0;0;0;0;0;0;0;0;0;0;0;0;0;0;24;0;0;0;0;0;0;0;0;0;0;0;0;0;0;0;0;0;0;0;0;0;0;0;0;2.666666667;0;1.333333333;0;0;0;0;0;0;989.3333333;6.666666667;0;0;0;0;0;0;0;0;0;0;4;6.666666667;0;1.333333333;0;0;0;0;0;0;0;0;0;1.333333333;5.733333333;11.6;0;0;0;0;0;0;0;0;0;0;0;0;0;0;0;0;0;0;5.333333333;0;0;0;0;0;0;0;0;0
16;2019;WI;2019_WI;2;0;0;0;0;0;0;0;0;0;0;0;0;0;1.739130435;0;0;0;0;0;0;0;0;214.6666667;0;0;0;0;10.66666667;0;0;0;0;0;0;0;0;9.333333333;0;4.347826087;0;80;1.333333333;0;0;0;0;0;1.333333333;0;0;0;0;0;0;0;0;0;0;0;0;0;0;4;0;62.66666667;0;0;0;0;0;0;0;0;0;0;0;0;0;0;24.2612505;187.7387495;0;0;0;0;0;0;0;24.8115942;0;0;0;0;0;0;0;0;0;0;0;0;0;3.826086957;0;0;0;0;0;0;0;0;0;0;0;0;0;0;0;0;0;0;0;0;0;0;0;0;0;0;0;0;0;0;0;0;0;0;0;0;0;0;0;0;0;0;0;0.173913043;0;0;0;10.66666667;0;0;0;0;0;0;120;0;0;0;0;0;0;0;0;0;0;0;0;0;0;0;0;0;0;0;17.33333333;0;0;0;0;0;0;870.6666667;0;1.333333333;0;0;0;0;0;18.43478261;0;0;0;0;0;0;0;0;0;0;0;0;0;0;0;0;0;2.666666667;0;4;0;0;0;0;0;0;0;0;0;0;0;0;0;0;0;0;0;1.333333333;0;0;0;0;0;0;0;0;0
16;2019;SP;2019_SP;3;0;0;0;0;0;0;0;0;0;0;0;0;0;13.33333333;0;0;0;1.333333333;0;0;0;1.333333333;176;0;0;0;0;40;0;0;0;0;0;1.333333333;0;61.33333333;97.33333333;0;34.66666667;0;214.6666667;0;0;0;0;0;0;0;0;0;0;0;0;0;0;0;0;0;0;0;0;0;8;0;94.66666667;1.333333333;1.333333333;0;0;0;4;0;0;0;0;0;0;0;0;84.03345281;229.2998805;0;0;2.666666667;0;0;12;0;5.333333333;0;0;0;0;0;0;0;0;0;256;0;0;1.333333333;29.33333333;0;0;0;0;0;0;1.333333333;0;0;0;0;0;0;0;0;0;0;0;0;0;0;0;0;0;0;0;0;0;0;0;0;0;0;0;0;0;0;0;0;0;0;0;0;1.333333333;0;0;0;25.33333333;0;0;1.333333333;0;0;0;76;1.333333333;0;0;0;0;0;0;0;0;53.33333333;0;1.333333333;0;0;0;0;0;0;0;0;0;5.333333333;0;0;0;0;1738.666667;0;0;0;0;0;0;0;2.666666667;0;0;0;5.333333333;0;0;0;0;0;0;0;0;0;0;0;0;0;14.66666667;0;1.333333333;0;0;0;0;0;0;0;0;0;0;0;1.333333333;0;0;0;0;0;1.333333333;0;0;0;0;0;0;0;0;0
16;2019;SU;2019_SU;4;0;0;0;0;0;0;0;0;0;0;0;0;0;0;0;1.333333333;0;0;0;0;5.333333333;0;0;190.6666667;0;0;0;0;0;0;0;0;0;1.333333333;0;0;6.666666667;0;0;0;84;0;0;0;0;0;0;1.333333333;0;0;0;0;0;0;0;0;0;0;0;0;0;0;2.666666667;0;0;1.333333333;0;0;0;0;1.333333333;0;0;0;0;0;0;0;0;91.48387097;552.516129;0;0;6.666666667;0;0;13.33333333;0;0;0;0;0;0;0;0;0;0;0;0;0;0;0;0;0;0;0;0;0;0;0;0;0;0;0;0;0;0;0;0;0;0;0;0;0;0;0;0;0;0;0;0;0;0;0;0;0;0;0;0;0;0;0;0;0;0;0;0;0;0;1.333333333;4;0;1.333333333;0;0;0;0;0;10.66666667;0;0;0;0;0;0;0;0;25.33333333;0;2.666666667;0;0;0;0;0;0;0;0;0;34.66666667;0;0;0;0;32;2.666666667;0;0;0;4;0;0;0;0;0;0;2.666666667;1.333333333;0;0;0;0;0;0;0;0;0;0;0;0;5.333333333;0;5.333333333;0;0;0;0;0;0;0;0;1.333333333;0;0;0;0;0;0;2.666666667;0;5.333333333;0;0;6.666666667;0;0;1.333333333;0;0;0
16;2021;WI;2021_WI;5;0;0;0;0;0;0;0;0;0;0;0;0;0;0;0;0;0;0;0;0;0;0;392;0;0;0;0;0;0;0;0;0;0;0;548.8;0;0;0;0;0;123.2;0;0;0;0;0;0;0;0;0;0;0;0;0;0;0;0;0;0;0;0;0;0;0;0;0;0;0;0;0;0;0;0;0;0;0;0;0;0;3.2;4.8;0;0;0;0;0;0;0;84.8;0;0;0;0;0;0;0;0;0;0;0;0;0;0;0;0;0;0;0;0;0;0;0;0;0;0;0;1.6;0;0;0;0;0;0;0;0;0;0;0;0;0;0;0;0;0;0;0;0;0;0;0;0;0;0;0;0;0;0;1.6;0;0;0;0;0;0;0;0;0;342.4;0;0;0;0;0;0;0;0;0;166.4;0;0;0;0;0;0;0;0;0;0;0;0;0;0;0;0;4.8;0;0;0;0;0;0;0;0;0;0;0;0;0;0;3.2;0;0;0;0;0;0;0;0;0;0;0;0;0;0;0;0;0;0;0;0;0;0;0;1.6;0;0;0;0;0;0;0;0;0;0;0;0;0;0;0;0
16;2021;SP;2021_SP;6;0;0;0;0;0;0;0;0;0;0;0;0;0;5.305263158;0;0;0;0;0;0;0;0;265.6;0;0;0;0;0;0;0;0;0;0;0;0;0;11.2;0;26.52631579;0;785.6;0;0;0;0;0;0;0;0;0;0;0;0;0;0;0;0;0;0;0;0;0;0;0;0;0;0;0;0;0;0;0;0;0;0;0;0;0;4.8;12.8;60.8;0;0;0;0;0;0;0;8.926315789;0;0;0;0;0;0;0;0;0;102.4;0;0;0;0;0;0;0;0;0;0;0;0;0;0;0;0;0;0;0;0;0;0;0;0;0;0;0;0;0;0;0;0;0;0;3.2;0;9.6;0;0;0;0;0;0;0;0;0;0;3.536842105;0.168421053;0;0;3.2;0;0;0;0;0;0;163.2;0;0;0;0;0;0;0;0;0;377.6;0;0;0;0;0;0;0;0;0;0;0;0;0;0;0;0;281.6;0;0;0;0;0;0;0;1.768421053;0;0;0;0;0;0;1.6;0;0;0;0;0;0;0;0;0;0;0;0;0;0;0;0;0;0;0;0;0;0;0;0.168421053;0;0;0;0;0;0;0;0;0;0;0;0;0;0;0;0
16;2022;WI;2022_WI;7;0;0;0;68.8;0;0;0;0;0;0;0;0;0;0;0;0;0;0;0;0;0;0;608;0;0;0;0;0;0;0;0;0;0;0;6.4;0;0;0;0;0;8;0;0;0;0;0;0;0;0;0;0;0;0;0;0;0;4.8;0;0;0;0;0;0;0;0;0;2.4;0;0;0;0;0;0;0;0;0;0;0;3.2;0;0;0;0;0;0;0;0;0;156.6732673;0;0;0;0;0;0;0;0;0;0;0;0;0;0;0;0;0;0;0;0;0;0;0;0;0;0;0;0;0;0;0;0;0;0;0;0;0;0;0;0;0;0;0;0;0;0;0;0;0;0;0;0;0;0;0;0;0;0;0;0;2.4;0;0;0;0;0;1.6;0;14.4;0;0;0;0;0;0;0;0;0;19.2;0;0;0;0;0;0;0;0;0;0;0;0;0;0;0;0;0;0;0;0;0;0;0;0;0;0;0;0;0;0;0;0;0;0;0;0;0;0;0;0;0;0;0;0;0;0;0;0;0;0;4.8;0;0;0;0;25.72673267;0;0;0;0;0;0;0;0;0;14.4;0;0;0;0;0;0
16;2022;SP;2022_SP;8;0;0;0;0;0;0;0;0;0;1.6;0;0;22.4;0;0;0;0;0;0;0;0;0;406.4;0;0;0;0;0;0;0;0;0;0;0;0;0;3.2;0;0;0;32;0;0;0;0;0;0;0;0;0;0;0;0;0;0;0;0;0;0;0;0;1.6;0;0;0;0;0;0;0;0;0;0;0;0;0;0;0;0;0;0;4.8;0;0;4.8;0;0;0;0;3.2;0;0;0;0;0;0;0;0;0;4.8;0;0;0;0;0;0;0;0;0;0;0;0;0;0;0;0;0;0;0;0;0;0;0;0;0;0;0;0;0;0;0;0;0;0;4.8;0;12.8;0;0;0;0;0;0;0;0;0;0;0;0;0;0;0;0;0;0;0;0;0;145.6;0;0;0;0;0;0;0;0;0;336;0;0;0;0;0;0;0;0;0;0;0;0;0;0;0;0;8;0;0;0;0;0;3.2;0;0;0;0;0;0;0;0;0;0;0;0;0;0;0;0;0;0;0;0;0;0;0;0;0;0;0;390.4;0;0;0;0;0;0;0;0;0;1.6;0;0;0;0;0;0;0;0;0;0;0
16;2023;WI;2023_WI;9;0;0;0;11.2;0;0;0;0;0;0;0;0;21.05263158;0;0;0;0;0;0;0;0;0;14.4;0;0;0;0;0;0;0;0;0;0;0;8;0;0;0;0;0;46.4;0;0;0;0;0;0;0;0;0;0;0;0;0;0;0;6.4;0;0;0;0;0;0;0;0;0;0;0;0;0;0;0;0;0;0;0;0;0;0;28.8;0;0;0;0;0;0;0;0;17.77777778;0;0;0;0;0;0;0;0;0;0;0;0;0;0;0;0;0;0;0;0;0;0;0;0;0;0;0;0;0;0;0;0;0;0;0;0;0;0;0;0;0;0;0;0;0;0;12.8;0;17.6;0;0;0;0;0;0;0;0;0;0;0;0;0;0;0;0;0;0;0;81.34736842;0;0;0;0;0;0;0;0;0;80;1.6;0;0;0;0;0;0;0;0;0;0;0;0;0;0;0;19.2;0;0;0;0;0;17.6;0;0;0;0;0;0;0;0;0;0;0;0;0;0;0;0;0;1.6;1.6;0;0;0;0;0;0;0;0;0;0;0;0;0;22.22222222;1.6;0;0;0;0;0;1.6;0;0;1.6;0;0;0;0;0;0
16;2023;SP;2023_SP;10;0;0;3.2;0;0;0;0;0;0;0;0;0;15.57894737;0;0;0;0;0;0;0;0;0;84.8;0;0;0;0;0;0;0;0;0;0;0;0;0;8;0;0;0;27.2;0;0;0;0;0;0;1.6;0;0;0;0;0;0;0;0;1.6;0;0;0;0;0;0;0;0;0;0;0;0;0;0;0;0;0;0;0;0;0;1.6;24;76.8;0;0;0;0;0;0;0;0;0;0;0;0;0;0;0;0;0;19.2;0;0;0;0;0;0;0;0;0;0;0;0;0;0;0;0;0;0;0;0;0;0;0;0;0;0;0;0;0;0;0;0;0;0;3.2;0;6.4;0;0;0;0;0;0;0;0;0;0;0;0;0;0;1.6;0;0;0;0;0;0;21.22105263;0;0;0;0;0;0;0;0;0;36.8;0;0;0;0;0;0;0;0;0;0;0;0;0;0;0;0;0;0;0;0;0;0;1.6;0;0;0;0;0;0;0;0;3.2;0;0;0;0;0;0;0;0;0;1.6;0;0;0;0;0;0;0;0;44.8;0;0;0;0;0;3.2;0;0;0;4.8;0;0;0;0;0;0;0;0;0;0;0
18;2018;AU;2018_AU;1;0;0;0;0;0;0;0;0;0;0;0;0;0;0;0;0;0;0;0;0;20;0;0;0;0;0;0;0;0;0;0;0;0;0;0;14.66666667;0;0;0;0;29.33333333;0;0;0;0;0;0;24;0;0;0;0;0;0;0;21.33333333;0;0;0;0;0;0;0;0;241.3333333;0;0;0;0;0;44;0;0;0;0;0;0;0;0;2903.307263;100.6927374;0;0;0;0;0;0;0;0;0;0;0;2.666666667;0;5.333333333;0;0;0;0;0;0;0;0;0;0;0;0;0;0;0;0;0;0;0;0;0;6.666666667;0;0;0;0;0;0;0;0;0;0;0;0;0;0;0;0;0;0;0;0;0;0;0;0;0;0;0;0;0;0;0;0;4;46.66666667;0;0;1.333333333;0;0;0;0;0;0;0;0;5.333333333;0;0;1.333333333;0;0;0;0;0;0;0;0;0;0;0;5.333333333;0;4;0;0;0;0;4;0;0;0;0;12;0;0;0;0;0;0;0;6.666666667;0;0;0;0;0;0;0;0;0;0;0;21.33333333;1.333333333;0;0;0;0;0;0;2.666666667;0;0;0;0;0;0;0;0;0;0;0;0;8;0;0;0;0;0;0;0;0;0
18;2019;WI;2019_WI;2;0;0;0;0;0;0;0;0;0;0;0;0;0;0;0;0;0;0;0;0;0;0;0;0;0;0;0;113.3333333;0;0;0;0;0;0;30.66666667;50.66666667;4;0;1.333333333;0;156;0;0;0;0;0;0;12;0;0;0;0;0;0;0;1.333333333;0;0;0;0;0;0;0;0;457.3333333;0;0;0;0;0;81.33333333;0;0;0;0;0;0;0;0;262.6666667;9.333333333;0;0;0;0;0;0;0;10.66666667;0;0;0;0;0;0;0;0;96;0;0;0;0;0;0;0;0;0;0;0;0;0;0;0;0;0;0;0;0;0;0;0;0;0;0;0;0;0;0;0;0;0;0;0;0;0;0;0;0;0;0;0;0;0;0;0;0;0;0;0;1.333333333;62.66666667;0;0;0;0;0;0;281.3333333;0;0;0;0;0;0;0;0;0;0;0;0;0;0;0;0;0;0;0;0;0;2.666666667;0;0;0;0;21.33333333;0;0;0;0;0;0;0;17.33333333;0;0;0;0;2.666666667;0;0;0;0;0;0;0;0;0;0;0;0;0;0;0;0;0;0;0;0;0;0;0;0;0;0;0;0;0;0;0;0;8;0;0;2.666666667;0;0;0;0;0;0
18;2019;SP;2019_SP;3;0;0;0;0;0;0;0;0;0;0;0;0;0;0;0;0;0;0;0;0;5.333333333;0;0;0;0;0;0;22.66666667;0;0;0;0;0;0;0;102.6666667;0;0;0;0;46.66666667;0;0;0;0;0;0;8;0;0;0;0;0;0;0;0;0;0;0;0;0;0;25.33333333;0;84;0;0;0;0;0;16;0;0;0;0;0;0;0;0;2385.404779;62.59522085;0;0;5.333333333;0;0;0;0;0;0;0;0;0;0;0;0;0;0;0;0;0;0;0;0;0;0;0;0;0;0;0;0;0;0;0;0;0;0;0;0;0;0;0;0;0;0;0;4;0;0;0;0;0;0;0;4;0;0;0;0;0;0;0;0;0;0;0;0;4;0;17.33333333;0;0;0;0;0;0;1.333333333;0;0;0;0;0;0;0;0;0;0;0;0;0;0;0;0;0;0;0;0;0;0;0;0;0;0;1.333333333;0;0;0;0;0;0;0;2.666666667;0;0;0;0;0;0;0;0;0;0;0;0;0;0;0;0;1.333333333;0;0;0;0;0;0;0;0;10.66666667;0;0;0;0;0;0;0;0;1.333333333;0;0;2.666666667;0;0;0;0;0;0;0;0;0
18;2019;SU;2019_SU;4;0;0;0;0;0;0;0;0;0;0;0;0;0;0;0;0;0;0;0;0;21.33333333;0;0;1.333333333;0;0;0;0;0;0;0;0;0;1.333333333;0;0;0;0;1.333333333;0;6.666666667;0;0;0;0;0;0;16;0;0;0;0;0;0;0;2.666666667;0;0;0;0;0;0;0;0;18.66666667;0;0;0;0;0;77.33333333;0;0;0;0;0;0;0;0;982.527637;58.80569636;0;0;13.33333333;0;0;0;0;0;0;0;0;9.333333333;0;0;0;0;1.333333333;0;0;0;1.333333333;0;0;0;0;0;0;0;0;0;0;0;0;0;0;0;0;0;0;0;0;0;0;0;0;0;0;0;0;0;0;0;0;0;0;0;0;0;0;0;0;0;0;0;0;0;0;1.333333333;1.333333333;2.666666667;0;0;0;0;0;0;0;0;0;0;0;14.66666667;0;0;1.333333333;0;4;0;0;0;0;0;0;0;0;0;0;0;8;0;0;0;0;0;0;0;0;0;0;0;0;1.333333333;0;0;0;0;6.666666667;0;0;0;0;0;0;0;0;0;0;0;0;0;0;0;0;0;0;0;2.666666667;0;0;0;0;0;0;0;0;0;0;0;0;5.333333333;0;0;0;0;0;0;0;0;0
18;2020;SU;2020_SU;5;0;0;0;0;0;0;0;0;0;0;0;0;0;0;0;0;0;0;0;0;22.4;0;0;1.6;0;0;0;0;0;0;0;0;0;0;0;4.8;0;0;1.6;0;876.8;0;0;0;1.6;0;0;14.4;0;0;0;0;0;0;0;4.8;0;0;0;0;0;0;0;0;38.4;0;0;0;0;0;99.2;0;0;0;0;0;0;0;3.2;4454.4;1561.6;0;0;0;0;0;0;0;0;0;0;0;1.6;0;0;0;0;6.4;49.6;0;0;0;0;0;0;0;0;0;0;0;0;0;0;0;0;0;3.2;0;0;0;0;0;0;0;0;0;0;1.6;0;0;0;0;0;0;0;0;0;0;0;0;0;0;0;0;0;0;0;0;0;0;4.8;0;9.6;0;0;0;0;52.8;0;0;0;0;0;0;0;0;0;0;0;0;0;0;0;0;0;0;0;0;0;6.4;0;0;0;0;200;0;0;0;0;0;0;0;8;0;0;0;0;67.2;0;8;0;0;0;0;0;0;0;0;0;0;6.4;0;0;0;0;0;0;8;0;0;0;0;0;0;0;0;0;0;0;0;8;0;0;0;0;0;73.6;0;0;0
18;2020;AU;2020_AU;6;0;0;0;0;0;0;0;0;0;0;0;0;0;0;0;0;0;0;0;0;0;0;0;0;0;0;0;0;0;0;0;0;0;0;0;0;6.4;0;0.152380952;0;22.4;0;0;0;0;0;0;8;0;0;0;0;0;0;0;1.6;0;0;0;0;0;0;0;0;12.8;3.2;1.6;0;0;0;12.8;0;0;0;0;0;0;0;0;793.6;6.4;0;0;0;0;0;0;0;1.219047619;0;0;0;0;0;0;0;0;6.4;0;0;0;1.6;0;0;0;0;0;0;0;0;0;0;0;0;0;0;17.6;0;0;0;0;1.6;0;0;0;0;0;0;0;0;0;0;0;0;0;0;0;0;0;0;0;0;0;0;0;0;0;0;0;4.8;11.2;0;1.6;1.6;0;0;0;60.8;0;0;0;0;0;0;0;0;0;1.6;0;0;0;0;0;0;0;0;0;0;0;0;0;0;0;0;32;0;0;0;0;0;0;0;5.028571429;0;0;0;0;14.4;0;11.2;0;0;0;0;0;0;0;0;0;11.2;0;0;0;0;0;0;0;1.6;0;0;0;0;0;0;0;0;0;0;0;0;9.6;0;0;6.4;0;0;0;0;0;0
18;2021;WI;2021_WI;7;0;0;0;0;0;0;0;0;0;1.6;0;0;0;0;0;0;0;0;0;0;1.6;0;0;0;0;0;0;9.6;0;0;0;0;0;0;41.6;0;3.2;0;0.495238095;0;795.2;0;0;0;0;0;0;52.8;0;0;0;0;0;0;0;1.6;0;0;0;0;0;0;0;0;60.8;0;0;0;0;0;12.8;0;0;0;0;0;0;0;0;512;12.8;0;0;0;0;0;0;0;16.76190476;0;0;0;0;0;0;0;0;43.2;0;0;0;0;0;0;0;0;0;0;0;0;0;0;0;0;0;0;3.2;0;0;0;0;0;0;0;0;0;0;0;0;0;0;0;0;0;0;3.2;0;0;0;0;0;0;0;0;0;0;0;0;0;4.8;27.2;0;20.8;0;0;0;0;68.8;0;0;0;0;0;0;0;0;0;4.8;0;0;0;0;0;0;0;0;0;0;0;0;0;0;0;0;64;0;1.6;0;0;0;0;0;64.34285714;0;0;0;0;12.8;0;0;0;0;0;0;0;0;0;0;0;0;0;0;0;0;0;0;0;0;9.6;0;0;0;0;0;0;0;0;4.8;0;0;3.2;0;0;0;0;0;4.8;0;0;0
18;2021;SP;2021_SP;8;0;0;0;0;0;0;0;0;0;0;0;0;0;0;0;0;0;0;0;0;3.2;0;0;0;0;0;0;0;0;0;0;0;0;0;0;6.4;14.4;0;1.676190476;0;1312;0;0;0;0;0;0;51.2;0;0;0;0;0;0;0;0;0;0;0;0;0;0;0;0;12.8;1.6;11.2;0;0;0;19.2;0;0;0;0;0;0;0;0;160;8;0;0;0;0;0;0;0;0.60952381;0;0;0;0;0;0;0;0;0;76.8;0;0;0;0;0;0;0;0;0;0;0;0;0;0;0;0;0;0;0;0;0;0;0;0;0;0;0;0;0;0;0;0;0;0;0;0;0;0;0;0;0;0;0;0;0;0;0;0;0;0;9.6;11.2;0;14.4;0;0;0;0;0;0;0;0;0;0;0;0;0;0;3.2;0;0;0;0;0;0;0;0;0;0;0;0;0;0;0;0;537.6;0;0;0;0;0;0;0;7.314285714;0;0;0;0;0;0;0;0;0;0;0;0;0;0;0;0;0;0;0;0;0;0;0;0;0;0;0;0;0;0;0;0;0;0;68.8;0;0;1.6;0;0;0;0;0;0;0;0;0
18;2021;AU;2021_AU;9;0;0;0;0;0;0;0;0;0;11.2;0;0;0.098293515;0;0;0;0;0;0;0;0;0;0;0;0;0;0;0;0;0;0;0;0;0;0;0;11.2;0;0;0;11.2;0;0;0;0;0;0;43.2;0;1.6;0;0;0;0;0;0;0;0;0;0;0;0;0;0;0;9.6;4.8;0;0;0;0;0;0;0;0;0;0;0;9.6;0;0;0;0;0;0;0;0;0;0;0;0;0;0;0;0;0;0;0;0;0;0;3.2;0;0;0;0;0;0;0;0;0;0;0;0;0;0;11.2;0;0;0;0;0;0;0;1.6;0;0;0;0;0;0;0;0;0;0;0;0;0;0;0;0;0;0;0;0;0;0;0;9.6;3.2;17.6;0;0;0;0;0;0;4.701706485;0;0;0;0;0;0;0;0;0;20.8;0;0;0;0;0;0;0;0;0;0;0;0;0;0;0;0;233.6;0;0;0;0;0;0;0;0;0;0;0;1.6;0;0;236.8;0;0;0;0;0;0;0;0;0;0;0;0;0;0;0;0;0;0;0;0;0;0;0;0;0;0;0;0;0;0;9.6;0;0;0;0;0;1.6;0;0;0
18;2022;WI;2022_WI;10;0;0;0;0;0;0;0;0;0;0;0;0;0;0;0;0;0;0;0;0;0;0;0;0;0;0;0;0;0;0;0;0;0;0;43.2;0;8;0;84.24946237;0;788.8;0;0;0;0;0;0;19.2;0;0;0;0;0;0;0;0;0;0;0;0;0;0;0;0;14.4;0;0;0;0;0;1.6;0;0;0;0;0;0;0;86.4;3.2;1.6;0;0;0;0;0;0;0;51.89964158;0;0;0;0;0;0;0;0;0;4.8;0;0;1.6;0;0;0;0;0;0;0;0;0;0;0;0;0;0;3.2;0;0;0;0;0;0;0;0;0;0;0;0;0;1.6;0;0;0;0;14.4;0;0;0;0;0;0;0;0;0;0;0;8.303942652;1.6;1.6;56;0;3.2;0;0;6.4;0;459.2;0;0;0;0;0;0;0;0;0;64;0;0;0;0;0;0;0;0;0;0;0;1.6;0;0;0;0;0;0;9.6;0;3.2;0;0;0;106.9189964;0;0;0;25.6;3.2;0;54.4;0;0;0;0;0;0;0;0;0;9.6;0;0;0;0;0;0;0;0;27.2;0;0;0;0;6.227956989;0;0;0;25.6;0;0;52.8;0;0;0;0;0;0;0;0;0
18;2022;SP;2022_SP;11;0;0;0;0;0;0;0;0;0;0;0;0;9.6;0;0;0;0;0;0;0;0;0;0;0;0;0;0;0;0;0;0;0;0;0;0;0;65.6;0;312.6365591;0;294.4;0;0;0;0;0;0;28.8;0;0;0;0;0;0;0;0;0;0;0;0;0;0;0;0;6.4;0;4.8;0;0;0;0;0;0;0;0;0;0;0;12.8;1.6;6.4;0;0;0;0;0;0;0;4.157706093;0;0;0;0;0;0;0;0;0;180.8;0;0;1.6;0;0;0;0;0;0;0;0;0;0;0;0;0;0;0;0;0;0;0;1.6;0;0;0;0;0;0;0;0;0;0;0;0;0;6.4;0;0;0;0;0;0;0;0;0;0;0;0.665232975;0;9.6;6.4;0;0;0;0;0;0;1.6;0;0;0;0;0;0;0;0;0;9.6;0;0;0;0;0;0;0;0;0;0;0;0;0;0;0;0;339.2;0;0;0;1.6;0;0;0;50.04157706;0;0;0;0;0;0;166.4;0;0;0;0;0;0;0;0;0;4.8;1.6;0;0;0;0;0;0;0;35.2;0;0;0;0;0.498924731;1.6;0;0;6.4;0;0;105.6;0;0;1.6;0;0;6.4;0;0;0
18;2022;AU;2022_AU;12;0;0;0;0;0;0;0;0;0;12.8;0;0;0;0;0;0;0;0;0;0;0;0;0;0;0;0;0;0;0;0;0;0;0;0;0;0;1.6;0;4.210526316;0;1.6;0;0;0;0;0;0;0;0;0;0;0;0;0;0;0;0;0;0;0;0;0;0;0;0;0;0;0;0;0;0;0;0;0;0;0;0;0;148.8;0;0;0;0;0;0;0;0;0;20.29473684;0;0;0;0;0;0;0;0;0;0;0;0;1.6;0;0;0;0;0;0;0;0;0;0;0;0;0;0;0;0;0;0;0;0;0;0;0;0;0;0;0;0;0;0;0;0;0;0;0;0;0;0;0;0;0;0;0;0;0;10.10526316;0;0;6.4;0;3.2;0;0;0;0;0;0;0;0;0;0;0;0;0;0;59.2;0;0;0;0;0;0;0;0;0;0;0;0;0;0;0;0;193.6;1.6;0;0;0;0;0;0;0.589473684;0;0;0;0;1.6;0;68.8;0;0;0;0;0;0;0;0;0;0;0;0;0;0;0;0;0;0;0;0;0;0;0;0;0;0;0;0;0;0;38.4;0;0;0;0;0;0;0;0;0
18;2023;WI;2023_WI;13;0;0;0;0;0;0;0;0;0;1.6;0;0;0;0;0;0;0;0;0;0;0;0;0;0;0;0;0;1.6;0;0;0;0;0;0;8;0;0;0;10.52631579;0;4.8;0;0;0;0;0;0;0;0;0;0;0;0;0;0;0;0;0;0;0;0;0;0;0;11.2;0;0;0;0;0;0;0;0;0;0;0;0;0;4.8;3.2;0;0;0;0;0;0;0;0;4.336842105;0;0;0;0;0;0;0;0;20.8;0;0;0;0;0;0;0;0;0;0;0;0;0;0;0;0;0;0;0;0;0;0;0;0;0;0;0;0;0;0;0;0;0;0;0;0;0;6.4;0;0;0;0;0;0;0;0;0;0;0;1.263157895;0;3.2;9.6;0;3.2;0;0;0;0;70.4;0;0;0;0;0;0;0;0;0;192;0;0;0;0;0;0;0;0;0;0;0;0;0;0;0;0;6.4;0;0;0;3.2;0;0;0;11.07368421;0;0;0;1.6;0;0;3.2;0;0;0;0;0;0;0;0;0;12.8;0;0;0;0;0;0;0;0;1.6;0;0;0;0;0;0;0;0;1.6;0;0;1.6;0;0;4.8;0;0;0;0;0;0
18;2023;SP;2023_SP;14;0;0;0;0;0;0;0;0;1.6;0;0;0;0;0;0;0;0;0;0;0;0;0;0;0;0;0;0;0;0;0;0;0;0;0;0;0;0;0;81.05263158;0;6.4;0;0;0;0;0;0;17.6;0;0;0;0;0;0;0;0;0;0;0;0;0;0;1.6;0;4.8;0;1.6;0;0;0;161.6;0;0;0;0;0;0;0;0;1259.2;16;0;0;0;0;0;0;0;0.273684211;0;0;0;0;0;0;0;0;0;44.8;0;0;0;0;0;0;0;0;0;0;0;0;0;0;0;0;0;0;0;0;0;0;0;0;0;0;0;0;0;0;0;0;0;0;0;0;0;0;0;0;0;0;0;0;0;0;0;0;0.126315789;0;1.6;0;0;0;0;0;0;0;0;0;0;0;0;0;0;0;0;0;11.2;0;0;0;0;0;0;0;0;0;0;0;0;0;0;0;0;8;0;0;0;0;0;0;0;1.747368421;0;0;0;0;3.2;0;0;0;0;0;0;0;0;0;0;0;0;0;0;0;0;0;0;0;0;0;0;0;0;0;0;1.6;0;0;0;0;0;12.8;0;0;0;0;0;0;0;0;0
19;2018;AU;2018_AU;1;0;0;0;0;0;0;0;0;0;0;0;0;0;0;0;0;0;0;0;0;33.33333333;0;2.666666667;0;0;0;0;488;0;0;0;0;0;0;0;0;0;0;0;0;26.66666667;0;0;0;0;0;0;0;0;0;0;0;0;0;0;4;0;0;0;0;0;0;49.33333333;0;924;13.33333333;38.66666667;0;0;0;5.333333333;0;0;0;0;0;0;0;0;440.9090909;76.42424242;0;0;0;0;0;0;0;0;0;0;0;0;0;2.666666667;1.333333333;0;0;0;0;0;0;0;0;0;0;0;0;0;0;0;0;0;0;0;0;2.666666667;0;0;0;0;0;0;0;0;0;0;0;18.66666667;0;0;0;0;0;0;0;0;0;0;0;0;0;0;0;1.333333333;0;0;0;1.333333333;1.333333333;10.66666667;0;0;0;0;0;0;0;0;0;0;0;0;0;0;0;0;0;0;0;0;0;0;0;0;0;0;138.6666667;0;5.333333333;0;0;0;0;0;0;0;0;0;0;0;0;0;0;0;0;0;0;0;0;0;0;0;0;1.333333333;0;0;0;0;2.666666667;0;0;0;0;0;0;0;0;0;0;0;0;0;0;0;0;0;0;0;0;2.666666667;0;0;0;0;0;0;0;0;0
19;2019;WI;2019_WI;2;0;0;0;0;0;0;0;0;0;0;0;0;0;0;0;0;0;0;0;0;0;0;1.333333333;0;0;0;0;909.3333333;0;0;0;0;0;0;0;17.33333333;16;0;39.37106918;0;405.3333333;0;0;0;0;0;0;1.333333333;0;0;0;0;0;0;0;0;0;0;0;0;0;0;417.3333333;0;277.3333333;1.333333333;6.666666667;0;0;0;102.6666667;0;0;0;0;0;0;0;0;640.6280942;252.7052392;0;0;0;0;0;0;0;0;0;0;0;5.333333333;0;0;0;0;248;0;0;0;0;48.90566038;0;0;0;0;0;0;0;0;0;0;0;0;0;0;0;0;0;0;0;0;0;0;0;0;0;33.33333333;0;0;0;0;0;0;17.33333333;0;0;0;0;0;0;0;0;0;0;0;0;0;2.666666667;22.66666667;0;0;0;0;0;0;29.33333333;0;0;0;0;0;0;0;0;0;0;0;0;0;0;0;0;0;0;0;0;0;14.66666667;0;0;0;0;0;0;5.333333333;0;1.333333333;0;0;0;15.72327044;0;0;0;0;1.333333333;0;0;0;0;1.333333333;0;0;0;0;0;0;2.666666667;4;0;0;0;0;0;0;0;0;0;0;0;0;0;0;0;0;0;0;0;30.66666667;0;0;0;0;0;0;0;0;0
19;2019;SP;2019_SP;3;0;0;0;0;0;0;0;0;0;0;0;0;0;0;0;0;0;0;0;0;5.333333333;0;0;0;0;0;0;294.6666667;0;0;0;0;0;0;0;30.66666667;0;0;24;0;124;0;0;0;0;0;0;0;0;0;0;0;0;0;0;0;0;0;0;0;0;0;106.6666667;0;98.66666667;6.666666667;30.66666667;0;0;0;61.33333333;0;0;0;0;0;0;0;0;489.3515566;353.3151101;0;0;4;0;0;0;0;0;0;0;0;0;0;0;0;0;8;0;0;0;0;37.33333333;0;0;0;0;0;0;0;0;0;0;0;0;0;0;0;0;0;0;0;0;0;0;0;0;0;18.66666667;0;0;0;0;0;0;14.66666667;0;0;0;0;0;0;0;0;0;0;0;0;1.333333333;0;9.333333333;0;0;0;0;0;0;0;0;0;0;0;0;0;0;0;0;46.66666667;0;0;0;0;0;0;0;0;0;14.66666667;0;5.333333333;0;0;0;0;2.666666667;0;0;0;1.333333333;0;0;0;0;0;0;0;0;0;0;0;0;0;0;0;0;0;0;0;0;4;0;0;0;0;0;0;0;0;0;0;0;0;0;0;0;0;0;0;0;0;1.333333333;0;0;0;0;0;0;0;0;0
19;2019;SU;2019_SU;4;0;0;0;0;0;0;0;0;0;0;0;0;0;0;0;0;0;0;0;0;9.333333333;0;1.333333333;1.333333333;0;0;0;106.6666667;0;0;0;0;0;10.66666667;0;0;0;0;2.666666667;0;22.66666667;0;0;0;0;0;0;9.333333333;0;0;0;0;0;0;0;1.333333333;0;0;0;0;0;0;80;0;22.66666667;20;5.333333333;0;0;0;38.66666667;0;0;0;0;0;0;0;0;3101.599696;1195.733637;0;0;18.66666667;0;0;0;0;0;0;0;0;8;0;0;0;0;0;0;0;0;0;0;0;0;0;0;0;0;0;0;0;0;0;0;0;0;0;0;0;0;0;0;0;0;0;0;0;1.333333333;0;0;0;0;0;0;0;0;0;0;0;0;0;0;0;0;0;0;0;0;1.333333333;4;0;1.333333333;0;0;0;0;0;2.666666667;0;0;0;12;0;0;1.333333333;0;6.666666667;0;0;0;0;0;0;0;0;1.333333333;0;0;1.333333333;0;0;0;0;24;0;0;0;0;0;0;0;0;0;0;0;2.666666667;13.33333333;0;0;0;0;1.333333333;0;0;0;0;0;0;0;1.333333333;0;0;0;0;0;0;0;0;0;0;0;0;0;1.333333333;0;0;0;0;0;5.333333333;0;0;0;0;0;5.333333333;0;0;0
19;2020;SU;2020_SU;5;0;0;0;0;0;0;0;0;0;0;0;0;0;0;0;0;0;0;0;0;57.6;0;35.2;1.6;0;0;0;22.4;6.4;0;0;0;0;1.6;0;0;0;0;8;0;2516.8;0;0;0;0;0;0;0;0;0;0;0;0;0;0;1.6;0;0;0;0;0;0;83.2;0;49.6;49.6;185.6;0;0;0;38.4;0;0;0;0;0;0;0;0;2937.6;3475.2;0;0;0;0;0;0;0;0;0;0;0;0;0;0;1.6;0;0;0;0;0;0;0;0;0;0;0;0;0;0;0;0;0;0;0;0;6.4;0;0;0;0;0;0;0;0;0;0;0;129.6;0;0;0;0;0;0;0;0;0;0;0;0;0;0;0;0;0;0;0;3.2;8;9.6;0;3.2;0;0;0;0;0;0;0;0;0;0;0;0;0;0;36.8;0;20.8;0;0;0;0;0;0;0;0;0;1.6;0;0;0;0;208;0;0;0;0;0;0;0;0;0;0;0;0;1.6;0;0;0;0;0;0;0;0;0;0;0;0;6.4;0;0;0;0;0;0;0;0;0;0;0;0;0;1.6;0;0;0;0;0;11.2;0;1.6;1.6;0;0;0;0;0;0
19;2020;AU;2020_AU;6;0;0;0;0;0;0;0;0;0;0;0;0;0;0;0;0;0;0;0;0;4.8;0;0;0;0;0;0;132.8;0;0;0;0;0;1.6;0;0;0;0;0;0;20.8;0;0;0;0;0;0;0;0;0;0;0;0;0;0;0;0;0;0;0;0;0;136;0;0;35.2;48;0;0;0;11.2;0;0;0;0;0;0;0;0;252.8;569.6;0;0;0;0;0;0;0;0;0;0;0;3.2;0;0;0;0;0;0;0;0;0;0;0;0;0;0;0;0;0;0;0;0;0;0;0;0;0;0;0;0;0;0;0;0;0;0;0;16;0;0;0;0;0;0;0;1.6;0;0;0;0;0;0;0;0;0;0;0;0;6.4;0;0;1.6;0.96;0;0;0;1.6;0;0;0;0;0;0;0;0;0;9.6;0;11.2;0;0;0;0;0;0;0;0;22.4;1.6;0;0;0;0;57.6;0;0;0;0;0;0;0;0;0;0;0;0;3.2;0;3.2;0;0;0;1.6;0;0;0;0;0;65.6;1.6;0;0;0;0;0;0;0;0;0;0;0;0;0;3.2;0;0;0;0;0;44.8;0;2.24;0;0;0;0;0;0;0
19;2021;WI;2021_WI;7;0;0;0;0;0;0;0;0;0;0;0;0;0;3.105882353;0;0;0;0;0;0;6.4;0;0;0;0;0;0;288.5373585;7.462641509;0;0;0;0;0;0;0;1.6;0;200.4705882;0;68.8;0;0;0;0;0;0;0;0;0;0;0;0;0;0;0;0;0;0;0;0;0;32;0;33.6;275.2;73.6;0;0;0;72;0;0;0;0;0;0;0;0;326.4;268.8;0;0;0;0;0;0;0;0;0;0;0;0;0;0;0;0;0;0;0;0;0;3.105882353;0;0;0;0;0;0;0;0;0;0;0;0;0;4.8;0;0;0;0;0;0;0;0;0;0;0;11.2;0;0;0;0;0;0;1.6;0;0;0;0;0;0;0;0;0;0;0;0;6.4;1.6;1.6;0;3.2;1.6;0;0;0;75.2;0;0;0;0;0;0;0;0;0;6.4;0;3.2;0;0;0;0;0;0;0;0;0;0;0;0;0;0;41.6;0;0;0;0;8;1.6;4.705882353;9.411764706;0;0;0;0;1.6;0;0;0;0;1.6;0;0;0;0;0;0;14.4;3.2;0;0;0;0;0;0;12.8;0;0;0;0;0;0;0;0;0;0;0;0;38.4;0;0;0;0;0;0;0;0;0
19;2021;SP;2021_SP;8;0;0;0;0;0;0;0;0;0;0;0;0;0;0;0;0;0;0;0;0;6.4;0;6.4;1.6;0;0;0;118.4;0;0;0;0;0;0;0;0;4.8;0;96;0;70.4;0;0;0;0;0;0;0;0;0;0;0;0;0;0;0;0;0;0;0;0;0;19.2;0;6.4;6.4;94.4;0;0;0;76.8;0;0;0;0;0;0;0;0;1600;883.2;0;0;0;0;0;0;0;0;0;0;0;0;0;0;0;0;0;17.6;0;0;0;1.6;0;0;0;0;0;0;0;0;0;0;0;0;0;0;0;0;0;0;0;0;0;0;0;0;0;3.2;0;0;0;0;0;0;1.6;0;0;0;0;0;0;0;0;0;0;0;0;1.6;8;1.6;0;0;1.6;0;0;0;0;0;0;0;0;0;0;0;0;0;4.8;0;14.4;0;0;0;0;0;0;0;0;4.8;3.2;0;0;0;0;193.6;0;0;0;0;0;0;0;0;0;0;0;0;0;0;3.2;0;0;0;0;0;0;0;0;0;17.6;0;0;0;0;0;0;0;0;0;0;0;0;0;0;4.8;0;0;0;0;0;46.4;0;1.6;0;0;0;0;0;0;0
19;2021;SU;2021_SU;9;0;0;0;0;0;0;0;0;0;0;0;0;0;1.835294118;0;0;0;0;0;0;33.6;0;57.6;0;0;0;0;7.637735849;13.16226415;0;0;0;0;19.2;0;0;24;0;14.82352941;0;457.6;0;0;0;0;0;0;0;0;0;0;0;0;0;0;1.6;0;0;0;0;0;0;9.6;0;12.8;57.6;428.8;0;0;0;16;0;0;0;0;0;0;0;0;3084.8;1580.8;0;0;0;0;0;0;0;0;0;0;0;0;0;0;0;0;0;0;0;0;0;0.235294118;0;0;0;0;0;0;0;0;0;0;0;0;0;1.6;0;0;0;0;0;0;0;0;0;0;0;1.6;0;0;0;0;0;0;0;0;0;0;0;0;0;0;0;0;0;0;0;0;22.4;4.8;0;1.6;1.6;0;0;0;0;1.6;0;0;0;17.6;0;0;1.6;0;46.4;0;17.6;0;0;0;1.6;0;0;0;0;0;0;0;0;0;0;851.2;0;0;0;0;0;0;0.235294118;0.470588235;0;0;0;0;68.8;0;38.4;0;0;0.8;0.8;0;3.2;0;0;0;0;0;0;0;0;0;9.6;0;3.2;0;0;0;0;0;0;4.8;0;0;0;0;0;38.4;0;0;0;0;0;0;0;0;0
19;2021;AU;2021_AU;10;0;0;0;0;0;0;0;0;0;0;0;0;0;0;0;0;0;0;0;0;19.2;0;0;0;0;0;0;132.2394737;5.360526316;0;0;0;4;4;0;0;9.6;0;0;0;9.6;0;0;0;0;0;0;0;0;0;0;0;0;0;0;89.6;0;0;0;0;0;0;57.6;0;9.6;4.8;1393.6;0;0;0;9.6;0;0;0;0;0;0;0;0;1420.8;396.8;0;0;0;0;0;0;0;0;0;4.8;0;0;0;0;0;0;0;0;0;0;0;0;0;0;0;0;0;0;0;0;0;0;0;0;0;0;0;0;0;0;0;0;0;0;0;0;0;8;0;0;0;0;0;0;0;0;0;0;0;0;0;0;0;0;0;0;0;0;25.6;1.6;0;6.4;0;0;0;0;0;0;0;0;0;0;0;0;0;0;33.6;0;8;0;0;0;0;0;0;0;0;14.4;0;0;0;0;0;832;0;0;0;0;6.4;0;0;0;0;0;0;0;14.4;0;16;0;0;0;1.6;1.6;1.6;0;0;0;97.6;0;0;0;0;0;17.6;0;0;0;0;0;0;0;0;0;0;0;0;0;0;142.4;0;3.2;0;0;0;0;0;0;0
19;2022;WI;2022_WI;11;0;0;0;0;0;0;0;0;0;0;0;0;0;0;0;0;0;0;0;0;0;0;379.2;0;0;0;0;1202.178947;2.621052632;0;0;0;0;0;0;0;9.6;0;405.6140351;0;97.6;0;0;0;0;0;0;0;0;0;0;0;0;0;0;0;0;0;0;0;0;0;804.8;0;30.4;392;2076.8;0;0;0;4.8;0;0;0;0;0;0;0;0;1158.4;268.8;0;0;0;0;0;0;0;0;0;0;0;0;0;0;0;0;9.6;0;0;0;0;0;0;0;0;0;3.2;0;0;0;0;0;0;0;0;1.6;0;0;0;0;0;0;0;0;0;0;0;11.2;0;0;0;0;0;0;6.4;0;0;0;0;0;0;0;0;0;0;2.704093567;0;0;35.2;44.8;0;9.6;0;0;0;0;54.4;0;0;0;0;0;0;0;0;0;22.4;0;19.2;0;0;0;0;0;0;0;0;0;1.6;0;0;0;0;433.6;0;0;0;0;0;0;0;86.08187135;0;0;0;0;3.2;0;6.4;0;0;0;3.2;6.4;14.4;0;0;0;27.2;0;0;0;0;0;0;0;14.4;0;0;0;0;0;0;3.2;0;0;0;0;0;115.2;0;0;0;0;0;0;0;0;0
19;2022;SP;2022_SP;12;0;0;0;0;0;0;0;0;0;0;0;0;0;0;0;0;0;0;0;0;0;0;51.2;0;0;0;0;388.1605263;0.639473684;0;0;0;0;0;0;0;3.2;0;240;0;176;0;0;0;0;0;0;0;0;0;0;0;0;0;0;0;0;0;0;0;0;0;65.6;0;11.2;188.8;1569.6;0;0;0;16;0;0;0;0;0;0;0;0;806.4;307.2;0;0;0;0;0;0;0;0;0;0;0;0;0;0;0;0;0;172.8;0;0;0;0;0;0;0;0;0;0;0;0;0;0;0;0;0;0;0;0;0;0;0;0;0;0;0;0;0;3.2;0;0;0;0;0;0;6.4;0;0;0;0;0;0;0;0;0;0;1.6;0;1.6;36.8;4.8;0;0;0;0;0;0;0;0;0;0;0;0;0;0;0;0;28.8;0;20.8;0;0;0;0;0;0;0;0;0;0;0;0;0;0;364.8;0;0;0;0;12.8;0;0;1.6;0;0;0;1.6;0;0;36.8;0;0;0;0;1.6;9.6;0;0;0;44.8;0;0;0;0;0;0;0;0;0;0;0;0;0;0;14.4;0;0;1.6;0;0;121.6;0;11.2;0;0;0;0;0;0;0
19;2022;SU;2022_SU;13;0;0;0;0;0;0;0;0;0;0;0;0;0;0;0;0;0;0;0;0;16.8;0;0;0;0;0;0;36.69736842;0.102631579;0;0;0;6.4;6.4;0;4.8;11.2;0;38.4;0;268.8;0;0;0;0;0;0;0;0;0;0;0;0;0;0;1.6;0;0;0;0;0;0;4.8;0;57.6;12.8;219.2;0;0;0;4.8;0;0;0;0;0;0;0;0;2176;1228.8;0;0;4;0;0;0;0;0;0;0;0;0;0;0;0;0;0;0;0;0;0;0;0;0;0;0;1.6;0;0;0;0;0;0;0;0;1.6;0;0;0;0;0;0;0;0;0;0;0;0;0;0;0;0;0;0;0;1.6;0;0;0;0;0;0;0;0;0;0;0;0;41.6;1.6;0;0;0;0;0;0;0;3.2;0;0;0;0;0;0;0;0;57.6;0;57.6;0;0;0;0;0;0;0;0;0;0;0;0;0;0;632;0;0;0;0;0;0;0;0;0;0;0;1.6;48;0;14.4;0;0;0;0;1.6;4.8;0;0;0;0;1.6;0;1.6;0;0;0;0;0;0;0;0;0;0;0;0;0;0;0;0;0;88;0;3.2;0;0;0;0;0;0;0
19;2022;AU;2022_AU;14;0;0;0;0;0;0;0;0;0;0;0;0;0;0;0;0;0;0;0;0;11.2;0;16;0;0;0;0;62.4;0;0;0;0;0;14.4;0;0;1.6;0;64.3654321;0;25.6;0;0;0;0;0;0;1.6;0;0;0;0;0;0;0;32;0;0;0;0;0;0;41.6;0;0;3.2;41.6;0;0;0;0;0;0;0;0;0;0;0;3.2;1225.6;609.6;0;0;0;0;0;0;0;0.483950617;0;1.6;0;0;0;0;0;0;9.6;0;0;0;0;0;0;0;0;0;0;0;0;0;0;0;0;0;0;0;0;0;0;0;0;0;0;0;0;0;0;0;0;0;0;0;0;0;0;0;0;0;0;0;0;0;0;0;0;0;0;0;19.2;20.8;0;0;0;0;0;0;0;0;0;0;0;1.6;0;0;0;0;46.4;0;35.2;0;0;0;0;0;0;0;0;0;0;0;0;0;0;416;0;0;0;0;0;0;0;11.61481481;4.8;0;0;0;11.2;0;1.6;0;0;0;0;0;0;0;0;0;25.6;1.6;0;0;0;0;0;0;17.6;0;0;0;0;0;6.735802469;6.4;0;0;0;0;0;30.4;0;0;0;0;0;0;0;0;0
19;2023;WI;2023_WI;15;0;0;0;0;0;0;0;0;0;0;0;0;0;0;0;0;0;0;0;0;0;0;25.6;0;0;0;0;233.6;0;0;0;0;0;0;3.2;0;0;0;335.7530864;0;46.4;0;0;1.6;0;0;0;0;0;0;0;0;0;0;0;0;0;0;0;0;0;0;22.4;0;102.4;0;35.2;0;0;0;35.2;0;0;0;0;0;0;0;1.6;1529.6;601.6;0;0;0;0;0;0;0;2.656790123;0;0;0;0;0;0;0;0;22.4;0;0;0;0;0;0;0;0;0;0;0;0;0;0;0;0;0;0;0;0;0;0;0;0;0;0;0;0;0;0;0;0;0;0;0;0;0;0;0;0;0;0;0;0;0;0;0;0;0;0;0;9.6;16;0;0;0;0;0;0;9.6;0;0;0;0;0;0;0;0;0;22.4;0;9.6;0;0;0;0;0;0;0;0;0;0;0;0;0;0;38.4;0;0;0;0;0;0;0;62.16296296;0;0;0;0;3.2;0;3.2;0;0;0;0;0;1.6;0;0;0;9.6;0;0;0;0;0;0;0;0;0;0;0;0;0;10.62716049;1.6;0;0;0;0;0;41.6;0;0;0;0;0;0;0;0;0
19;2023;SP;2023_SP;16;0;0;0;0;0;0;0;0;0;0;0;0;0;0;0;0;0;0;0;0;1.6;0;4.8;0;0;0;0;27.2;0;0;0;0;0;1.6;0;0;0;0;17.6;0;0;0;0;0;0;0;0;1.6;0;0;0;0;0;0;0;0;0;0;0;0;0;0;20.8;0;4.8;0;3.2;0;0;0;36.8;0;0;0;0;0;0;0;0;124.8;185.6;0;0;0;0;0;0;0;0;0;0;0;0;0;0;0;0;6.4;0;0;0;0;0;0;0;0;0;0;0;0;0;0;0;0;0;0;0;0;0;0;0;0;0;0;0;0;0;0;1.6;0;0;0;0;0;0;0;0;0;0;0;0;0;0;0;0;0;0;0;0;0;0;0;0;0;0;0;0;0;0;0;0;0;0;0;0;0;0;4.8;0;8;0;0;0;0;0;0;0;0;0;0;0;0;0;0;4.8;0;0;0;0;1.6;0;0;1.6;0;0;0;0;0;0;1.6;0;0;0;0;0;0;0;0;0;0;0;0;0;0;0;0;0;0;0;0;0;0;0;0;1.6;0;0;1.6;0;0;3.2;0;0;0;0;0;0;0;0;0
20;2018;AU;2018_AU;1;0;0;0;0;0;0;0;0;0;0;0;0;0;0;0;0;0;0;0;0;0;0;0;0;0;0;0;0;0;0;0;0;0;0;0;0;0;0;2.666666667;0;20;0;0;0;0;0;0;46.66666667;0;0;0;0;0;0;0;10.66666667;0;0;0;0;0;0;0;0;61.33333333;0;1.333333333;0;0;0;118.6666667;0;0;0;0;0;0;0;0;461.3333333;0;0;0;0;0;0;0;0;0;0;0;0;1.333333333;1.333333333;0;0;0;0;0;0;0;0;0;0;0;0;0;0;0;0;0;0;0;0;0;0;0;0;0;0;0;0;0;0;1.333333333;0;0;0;2.666666667;0;0;0;0;0;0;0;0;0;0;0;0;0;0;0;0;0;0;0;0;0;56;0;0;0;0;0;0;0;0;0;0;0;0;0;0;0;0;0;0;0;0;0;0;0;0;0;0;5.333333333;0;12;0;0;0;0;98.66666667;0;0;0;0;0;0;0;0;0;0;0;0;2.666666667;0;0;0;0;0;0;0;0;0;0;0;4;0;0;0;0;0;0;0;10.66666667;0;0;0;0;0;0;0;0;0;0;0;0;28;0;0;0;0;0;0;0;0;0
20;2019;SU;2019_SU;2;0;0;0;0;0;0;0;0;0;0;0;0;0;0;0;0;0;0;0;0;0;0;0;0;0;0;0;0;0;0;0;0;0;0;0;0;0;0;30.66666667;0;50.66666667;0;0;0;0;0;0;109.3333333;0;0;0;0;0;0;0;9.333333333;0;0;0;0;0;0;0;0;5.333333333;4;0;0;0;0;197.3333333;0;0;0;0;0;0;0;0;12680;0;0;0;0;0;0;0;0;0;0;0;0;1.333333333;0;0;0;0;0;0;0;0;0;0;0;0;0;0;0;0;0;0;0;0;0;0;0;1.333333333;0;0;0;0;0;0;0;0;0;0;0;0;0;0;0;0;0;0;0;0;0;0;0;0;0;0;0;0;0;0;0;0;0;9.333333333;0;0;0;0;0;0;0;0;0;0;0;0;0;0;0;0;0;0;0;0;0;0;0;0;0;0;0;0;13.33333333;0;0;0;0;142.6666667;0;0;0;0;0;0;0;0;0;0;0;0;5.333333333;0;0;0;0;0;0;0;0;0;0;0;0;0;0;0;0;0;0;0;0;0;0;0;0;0;0;0;0;0;0;0;0;26.66666667;0;0;0;0;0;1.333333333;0;0;0
20;2019;SP;2019_SP;3;0;0;0;0;0;0;0;0;0;0;0;0;0;0;0;1.333333333;0;0;0;0;0;0;0;0;0;0;0;37.33333333;0;0;0;0;0;0;0;0;0;0;56;0;357.3333333;0;0;0;0;0;0;54.66666667;0;0;0;0;0;0;0;0;0;0;0;0;0;0;0;0;685.3333333;5.333333333;14.66666667;0;0;0;389.3333333;0;0;0;0;0;0;0;0;917.3333333;0;0;0;0;0;0;0;0;1.333333333;0;0;0;0;0;0;0;0;0;9.333333333;0;0;0;0;0;0;0;0;0;0;0;0;0;0;0;0;0;1.333333333;0;0;0;0;0;0;0;0;0;0;30.14492754;27.1884058;0;0;0;0;0;0;30.66666667;0;0;0;0;0;0;0;0;0;0;0;0;4;0;38.66666667;0;0;0;0;0;0;0;0;0;0;0;0;0;0;0;0;0;0;0;0;0;0;0;0;0;0;0;0;0;0;0;0;0;154.6666667;0;0;0;0;0;0;0;0;0;0;0;0;0;0;0;0;0;0;0;0;0;0;0;0;4;0;0;0;0;0;0;0;0;0;0;0;0;0;0;0;0;0;1.333333333;0;0;62.66666667;0;0;0;0;0;0;0;0;0
20;2019;WI;2019_WI;4;0;0;0;0;0;0;0;0;0;0;0;0;0;0;0;0;0;0;0;0;0;0;0;0;0;0;0;0;0;0;0;0;0;0;69.33333333;0;0;0;47.81220657;0;308;0;0;0;0;0;0;21.33333333;0;0;1.333333333;0;0;0;0;21.33333333;0;0;0;0;0;0;0;0;562.6666667;1.333333333;10.66666667;0;0;0;309.3333333;0;0;0;0;0;0;0;0;729.3333333;0;0;0;0;0;0;0;0;0.713615023;0;0;0;0;0;0;0;0;26.66666667;0;0;0;0;0;0;0;0;0;0;0;0;0;0;0;0;0;0;0;0;0;0;0;0;0;0;0;0;0;5.797101449;16.86956522;0;0;0;0;0;0;24;0;0;0;0;0;0;0;0;0;0;0;0;0;0;17.33333333;0;4;0;0;0;0;646.6666667;0;0;0;0;0;0;0;0;0;0;0;0;0;0;0;0;0;0;0;0;0;0;0;0;0;0;10.66666667;0;0;0;0;0;0;0;6.14084507;0;0;0;0;6.666666667;0;0;0;0;0;0;0;0;0;0;0;2.666666667;0;0;0;0;0;0;0;0;0;0;0;0;0;0;0;0;0;1.333333333;0;0;14.66666667;0;0;1.333333333;0;0;0;0;0;0
20;2020;SU;2020_SU;5;0;0;0;0;0;0;0;0;0;0;0;0;0;0;0;0;0;0;0;0;0;0;0;0;0;0;0;0;0;0;0;0;0;1.6;0;0;0;0;0;0;681.6;0;0;0;0;0;0;30.4;0;0;0;0;0;0;0;0;0;0;0;0;0;0;0;0;0;0;0;0;0;0;0;0;0;0;0;0;0;0;0;22.4;1.6;0;0;0;0;0;0;0;0;0;0;0;0;0;0;0;0;0;0;0;0;0;0;0;0;0;0;0;0;0;0;0;0;0;0;0;1.6;0;0;0;0;0;0;0;0;0;0;0;0;0;0;0;0;0;0;0;0;0;0;0;0;0;0;0;0;0;0;0;0;0;9.6;0;0;0;0;0;0;6.4;0;0;0;0;0;0;0;0;0;48;0;0;0;0;0;0;0;0;0;0;0;12.8;0;0;0;0;248;0;0;0;0;0;0;0;0;0;0;0;0;3.2;0;0;0;0;0;0;0;0;0;0;0;0;0;0;0;0;0;0;0;0;0;0;0;0;0;0;0;0;0;0;0;0;3.2;0;0;0;0;0;18.95384615;1.846153846;0;0
20;2020;AU;2020_AU;6;0;0;0;0;0;0;0;0;0;0;0;0;0;0;0;0;0;0;0;0;0;0;0;0;0;0;0;0;0;0;0;0;0;0;0;0;0;0;0;0;0;0;0;0;0;0;0;3.2;0;0;0;0;0;0;0;0;0;0;0;0;0;0;0;0;0;0;0;0;0;0;0;0;0;0;0;0;0;0;0;0;0;0;0;0;0;0;0;0;0;0;0;0;0;0;0;0;0;0;0;0;0;1.6;0;0;0;0;0;0;0;0;0;0;0;0;0;0;0;0;0;0;0;0;0;0;0;0;0;0;0;0;0;0;0;0;0;0;0;0;0;0;0;0;0;0;0;0;0;0;0;0;8;0;0;0;0;0;0;3.2;0;0;0;0;0;0;0;0;0;1.6;0;0;0;0;0;0;0;0;0;0;0;1.6;0;0;0;0;160;0;0;0;0;0;0;0;0;0;0;0;1.6;0;0;0;0;0;0;0;0;0;0;0;0;3.2;0;0;0;0;0;0;0;0;0;0;0;0;0;0;0;0;0;0;0;0;9.6;0;0;6.4;0;0;0;0;0;0
20;2021;SP;2021_SP;7;0;0;0;0;0;0;0;0;0;0;0;0;76.8;0;0;0;0;0;0;0;0;0;0;0;0;0;0;0;0;0;0;0;0;0;0;0;3.2;0;132.8;0;1691.2;0;0;0;0;0;0;9.6;0;0;0;0;0;0;0;0;0;0;0;0;0;0;0;0;67.2;0;1.6;0;0;0;0;0;0;0;0;0;0;0;0;52.8;0;0;0;0;0;0;0;0;11.2;0;0;0;0;0;0;0;0;0;9.6;0;0;1.6;1.6;0;0;0;0;0;0;0;0;1.6;0;0;0;0;0;0;0;0;0;0;0;0;0;0;0;0;0;0;0;0;0;0;0;4.8;0;0;0;0;0;0;0;0;0;0;4.8;0;0;0;12.8;0;0;0;0;0;0;129.6;0;0;0;0;0;0;0;0;0;1.6;0;0;0;0;0;0;0;0;0;0;0;0;0;0;0;0;1344;0;4.8;0;0;0;0;0;0;0;0;0;4.8;0;0;0;0;0;0;0;0;0;0;0;0;1.6;0;0;0;0;0;0;0;0;108.8;0;0;0;0;0;0;0;0;1.6;0;0;41.6;0;0;0;0;0;0;0;0;0
20;2021;WI;2021_WI;8;0;0;0;0;0;0;0;0;0;0;0;0;0;0;0;0;0;0;0;0;0;0;0;0;0;0;0;0;0;0;0;0;0;0;9.6;0;9.6;0;8.416901408;0;3283.2;0;0;0;0;0;0;4.8;0;0;0;0;0;0;0;4.8;0;0;0;0;0;0;0;0;33.6;0;0;0;0;0;0;0;0;0;0;0;0;0;0;9.6;0;0;0;0;0;0;0;0;90.17464789;0;0;0;0;0;0;0;0;0;0;0;0;8;0.101408451;0;0;0;0;0;0;0;0;0;0;0;0;0;0;0;0;0;0;0;0;0;0;0;0;0;0;0;0;0;0;0;0;19.2;0;0;0;0;0;0;0;0;0;0;0.304225352;0;0;0;68.8;0;0;0;0;0;0;211.2;0;0;0;0;0;0;0;0;0;9.6;0;0;0;0;0;0;0;0;0;0;0;0;0;0;0;0;107.2;0;4.8;0;8;0;0;0;1.701408451;0;0;0;17.6;1.6;0;1.6;0;0;0;0;0;0;0;0;1.6;12.8;0;0;0;0;0;0;0;0;0;0;0;0;0;1.701408451;0;0;0;0;0;0;41.6;0;0;0;0;0;0;0;0;0
20;2022;SP;2022_SP;9;0;0;0;0;0;8;0;0;0;0;0;0;148.8;0;0;0;0;0;0;0;0;0;0;0;0;0;0;0;0;0;0;0;0;0;0;0;192;1.6;79.15384615;0;2572.8;0;0;0;0;0;0;0;0;0;0;0;0;0;0;0;0;0;0;0;0;0;0;0;0;0;0;1.6;0;0;0;0;0;0;0;0;0;0;0;0;0;0;0;0;0;0;0;0;37.55384615;0;0;0;0;0;0;0;0;0;8;0;0;0;0;0;0;0;0;0;0;0;0;0;0;0;0;0;0;0;0;0;0;0;0;0;0;0;0;0;0;0;0;0;0;0;0;0;0;0;0;0;0;0;0;0;0;0;0;0.015384615;0;1.6;0;0;1.6;0;0;0;0;486.4;0;0;0;0;0;0;0;0;0;11.2;0;0;0;0;0;0;0;0;0;0;0;0;0;0;0;0;188.8;0;3.2;0;0;0;0;0;1.615384615;0;0;0;0;3.2;0;35.2;0;0;0;0;0;0;0;0;0;0;0;0;0;0;0;0;0;3.2;17.6;0;0;0;0;0.061538462;3.2;0;0;1.6;0;0;16;0;0;0;0;0;0;0;0;0
20;2022;WI;2022_WI;10;0;0;0;0;0;8;0;0;0;0;0;0;0;0;0;0;0;0;0;0;0;0;0;0;0;0;0;0;0;0;0;0;0;0;54.4;0;1.6;0;76.13846154;0;1049.6;0;0;0;0;0;0;1.6;0;0;0;0;0;0;0;9.6;0;0;0;0;0;0;0;0;0;0;0;0;0;0;0;0;0;0;0;0;0;0;0;0;0;0;0;0;0;0;0;0;447.3384615;0;0;0;0;0;0;0;0;0;0;0;0;1.6;0;0;0;0;0;0;0;0;0;0;0;0;0;0;0;0;0;0;0;0;0;0;0;0;0;0;0;0;0;0;0;0;0;0;0;0;0;0;0;0;0;0;0;0;0;3.153846154;0;0;33.6;0;0;0;0;0;0;873.6;0;0;0;0;0;0;0;0;0;17.6;0;0;0;0;0;0;0;0;0;0;0;0;0;0;0;0;28.8;0;3.2;0;0;0;0;0;1.553846154;0;0;0;8;0;0;0;0;0;0;0;0;0;0;0;0;4.8;0;0;0;0;0;0;0;0;0;0;0;0;0;12.61538462;0;0;0;0;0;0;6.4;1.6;0;1.6;0;0;0;0;0;0
20;2023;SP;2023_SP;11;0;0;0;0;0;0;0;0;0;0;0;0;1.6;0;0;0;0;0;0;0;0;0;0;0;0;0;0;0;0;0;0;0;0;0;0;0;0;0;4.8;0;9.6;0;0;0;0;0;0;0;0;0;0;0;0;0;0;0;0;0;0;0;0;0;0;0;0;0;0;0;0;0;0;0;0;0;0;0;0;0;0;14.4;0;0;0;0;0;0;0;0;0;0;0;0;0;0;0;0;0;0;28.8;0;0;0;0;0;0;0;0;0;0;0;0;0;0;0;0;0;0;0;0;0;0;0;0;0;0;0;0;0;0;0;0;0;0;0;0;0;0;0;0;0;0;0;0;0;0;0;0;0;0;0;4.8;0;0;0;0;0;0;1.6;0;0;0;0;0;0;0;0;0;0;0;0;0;0;0;0;0;0;0;0;0;3.2;0;0;0;0;35.2;0;0;0;0;0;0;0;0;0;0;0;1.6;0;0;0;0;0;0;0;0;0;0;0;0;6.4;0;0;0;0;0;0;0;4.8;0;0;0;0;0;0;0;0;0;0;0;0;1.6;0;0;0;0;0;0;0;0;0
20;2023;WI;2023_WI;12;0;0;0;0;0;0;0;0;0;0;0;0;0;0;0;0;0;0;0;0;0;0;0;0;0;0;0;0;0;0;0;0;0;0;25.6;0;51.2;0;2.742857143;0;430.4;0;0;0;0;0;0;0;0;0;0;0;0;0;0;1.6;1.6;0;0;0;0;0;0;0;0;0;0;0;0;0;0;0;0;0;0;0;0;0;8;1.6;0;0;0;0;0;0;0;0;25.14285714;0;0;0;0;0;0;0;0;0;0;0;0;0;0;0;0;0;0;0;0;0;0;0;0;0;0;0;0;0;0;0;0;0;0;0;0;0;0;0;0;0;0;0;0;0;0;0;0;0;0;0;0;0;0;0;0;0;0;0;0;0;80;0;0;0;0;0;0;115.2;0;0;0;0;0;0;0;0;0;236.8;0;0;0;0;0;0;0;0;0;0;0;0;0;0;0;0;32;0;4.8;0;0;0;9.6;0;2.514285714;0;0;0;243.2;17.6;0;0;0;0;0;0;0;0;0;0;0;27.2;0;0;0;0;0;0;0;0;0;0;0;0;0;0;0;0;0;0;0;0;14.4;0;0;12.8;0;0;0;0;0;0
21;2019;WI;2019_WI;1;0;0;0;0;0;0;0;0;0;0;0;0;0;0;0;0;0;0;0;0;0;0;1.333333333;0;0;0;0;0;0;0;0;0;0;0;0;0;0;0;0;0;97.33333333;0;0;0;0;0;1.333333333;0;0;0;0;0;0;0;0;0;0;0;0;0;0;0;0;0;0;0;0;0;0;0;0;0;0;0;0;0;0;0;0;0;0;0;0;0;0;0;0;0;9.333333333;0;0;0;0;0;0;0;0;0;0;0;0;0;0;0;0;0;0;0;0;0;0;0;0;0;0;0;0;0;0;0;0;0;0;0;0;0;0;0;0;0;0;0;0;0;0;0;0;0;0;0;0;2.666666667;0;0;0;0;0;0;0;0;12;0;0;0;0;0;0;0;0;0;0;0;0;0;0;0;0;0;4;0;0;0;0;0;0;0;0;0;0;0;0;0;0;0;14.66666667;0;0;0;0;0;0;0;0;0;0;0;0;0;0;0;0;0;0;0;0;0;0;0;0;0;0;0;0;0;0;0;0;0;0;0;0;1.333333333;0;9.333333333;0;0;0;0;1.333333333;0;0;0;0;0;0;0;0;0;0;0
21;2019;SP;2019_SP;2;0;0;0;0;0;0;0;0;0;0;0;0;0;0;0;0;0;0;0;0;0;0;0;0;0;0;0;0;0;0;0;0;0;0;0;0;14.66666667;0;0;0;246.6666667;0;0;0;0;0;1.333333333;0;0;13.33333333;0;0;0;0;0;0;0;0;0;0;0;0;0;0;0;0;0;0;0;0;0;0;0;0;0;0;0;0;0;0;6.666666667;0;0;1.333333333;0;0;0;0;10.66666667;0;0;0;0;0;0;0;0;0;0;0;0;0;0;0;0;0;0;0;0;0;0;0;0;0;0;0;0;0;0;0;0;0;0;0;0;2.666666667;0;0;0;0;0;0;0;14.66666667;0;0;0;0;0;0;0;0;0;0;0;0;0;0;0;0;2.666666667;0;0;0;0;0;0;77.33333333;0;0;0;0;0;0;0;0;0;6.666666667;0;0;0;0;0;0;0;0;0;0;0;4;0;0;0;0;25.33333333;0;0;0;1.333333333;0;0;0;0;0;0;0;0;0;0;0;0;0;0;0;0;0;0;0;0;0;0;0;0;0;0;0;0;0;498.6666667;0;0;0;0;0;1.333333333;0;0;0;0;0;0;0;0;0;0;0;0;0;0;0
21;2019;SU;2019_SU;3;0;0;0;0;0;0;0;0;0;0;0;0;0;0;0;0;0;0;0;0;0;0;0;0;0;0;0;0;0;0;0;0;0;0;0;0;0;0;0;0;1.333333333;0;0;0;0;0;0;0;0;0;0;0;0;0;0;0;0;0;0;0;0;0;0;0;0;0;0;0;0;0;0;0;0;0;0;0;0;0;1.333333333;4;0;0;0;0;0;0;0;0;0;0;0;0;0;0;0;0;0;0;0;0;0;1.333333333;0;0;0;0;0;0;0;0;0;0;0;0;0;0;0;0;0;0;0;1.333333333;0;0;0;0;0;0;0;0;0;0;0;0;0;0;0;0;0;0;0;0;0;0;0;0;0;0;0;0;0;0;0;0;0;0;0;0;4;0;0;0;0;0;0;0;0;0;0;0;0;0;0;0;0;0;0;0;0;0;0;0;0;0;5.333333333;0;0;0;0;0;0;0;0;0;0;0;0;0;0;0;0;0;0;0;0;0;0;0;0;0;0;0;5.333333333;0;0;0;0;0;0;0;0;1.333333333;0;0;0;0;0;0;0;0;0;0;0;0;0;0;0;0;0;0
21;2021;WI;2021_WI;4;0;0;0;0;0;1.6;0;0;0;0;0;0;0;0;0;0;0;0;0;0;0;0;0;0;0;0;0;0;0;0;0;1.6;0;0;0;0;0;0;0;0;1760;0;0;0;0;0;0;0;0;0;0;0;0;0;0;0;0;0;0;0;0;0;0;0;0;0;0;0;0;0;0;0;0;0;0;0;4.8;0;9.6;1.6;1.6;0;0;0;0;0;0;0;47.22352941;0;0;0;0;0;0;0;0;0;0;0;0;0;0;0;0;0;0;0;0;0;0;0;0;0;0;0;0;0;0;0;0;0;0;0;0;0;0;0;0;0;0;0;0;28.8;0;0;0;0;0;1.6;0;0;0;0;0;0;0;0;0;0;0;0;0;0;0;0;0;49.6;0;0;0;0;0;0;0;0;0;43.2;3.2;0;0;0;0;0;0;0;0;0;0;0;0;0;0;0;59.2;0;0;0;0;0;0;0;0;0;0;0;0;0;0;0;0;0;0;0;0;0;0;0;0;0;0;0;0;0;0;0;0;0;0;0;0;0;0;64.77647059;8;0;0;0;1.6;0;0;0;0;0;0;0;0;0;0;0
21;2021;SP;2021_SP;5;0;0;0;0;0;0;0;0;0;0;0;0;0;0;0;0;0;0;0;0;0;0;11.2;0;0;0;0;0;0;0;0;0;0;0;0;0;0;0;0;0;472;0;0;0;0;0;0;0;0;14.4;0;0;0;0;0;0;0;0;0;0;0;0;0;0;0;0;0;0;0;0;0;0;0;0;0;0;0;0;17.6;0;1.6;0;0;0;0;0;0;0;32;0;0;0;0;0;0;0;0;0;0;0;0;0;0;0;0;0;0;0;0;0;0;0;0;0;0;0;0;0;0;0;0;0;0;0;0;0;0;0;0;0;0;0;0;70.4;0;0;0;0;0;0;0;0;0;0;0;0;0;0;0;0;3.2;0;0;0;0;0;0;1041.6;0;0;0;0;0;0;0;0;0;452.8;0;0;0;0;0;0;0;0;0;0;0;0;0;0;0;0;264;0;0;0;0;0;0;0;0;0;0;0;0;0;0;1.6;0;0;0;0;0;0;0;0;0;0;0;0;0;0;0;0;0;0;0;49.6;0;0;0;1.6;1.6;0;0;0;20.8;0;1.6;0;0;0;0;0;0;0;0;0
21;2022;WI;2022_WI;6;0;0;0;0;0;164.8;0;0;0;0;0;0;0;0;0;0;0;0;0;0;0;0;1.6;0;0;0;0;0;0;0;0;0;0;0;0;0;0;0;0;0;6.4;0;0;0;0;0;0;0;0;3.2;0;0;4.8;0;0;1.6;3.2;0;0;0;0;0;0;0;0;0;1.6;0;0;0;0;0;0;0;0;0;0;0;4.8;0;0;0;0;0;0;0;0;0;22.4;0;0;0;0;0;0;0;0;0;0;0;0;0;0;0;0;0;0;0;0;0;0;0;0;0;0;0;0;0;0;0;0;0;0;0;1.6;0;0;0;0;0;0;0;0;0;0;0;0;0;0;0;0;0;0;0;0;0;0;0;0;0;0;0;0;0;0;0;0;0;0;0;0;0;0;0;0;0;0;20.8;0;0;0;0;0;0;0;0;0;0;0;0;0;0;0;0;27.2;0;0;0;0;0;6.4;0;0;0;0;0;0;1.6;0;0;0;0;0;0;0;0;0;0;0;0;0;0;0;0;0;0;0;0;0;0;0;0;0;0;11.2;0;0;0;4.8;0;0;0;0;1.6;0;0;0;0;0;0
21;2022;SP;2022_SP;7;0;0;0;0;1.6;6.4;0;0;0;0;0;0;0;0;0;0;0;0;0;0;0;0;0;0;0;0;0;0;0;0;0;0;0;0;0;0;1.6;0;0;0;139.2;0;0;0;0;0;0;0;0;36.8;0;0;0;0;0;0;0;0;0;0;0;0;0;0;0;0;0;0;0;0;0;0;0;0;0;0;0;0;131.2;0;0;0;0;0;0;0;0;0;22.4;0;0;0;0;0;0;0;0;0;0;0;0;0;0;0;0;0;0;0;0;0;0;0;0;0;0;0;0;0;0;0;0;0;0;0;0;17.6;0;0;0;0;0;0;0;3.2;0;0;0;1.6;0;0;0;0;0;0;0;0;0;0;0;0;17.6;0;0;0;0;0;0;3.2;0;0;0;0;0;0;0;0;0;48;0;0;0;0;0;0;0;0;0;0;0;0;0;0;0;0;483.2;0;0;0;0;0;1.6;0;0;0;0;0;0;1.6;0;0;0;0;0;0;0;0;0;0;3.2;0;0;0;0;0;0;0;0;0;0;0;0;0;0;0;6.4;0;0;0;14.4;0;0;0;0;0;0;0;0;0;0;0
21;2023;WI;2023_WI;8;0;0;0;0;0;0;0;0;0;0;0;0;0;0;0;0;0;0;0;0;0;0;0;0;0;0;0;0;0;0;0;0;0;0;0;0;0;0;0;0;152;0;0;0;0;0;0;0;0;0;0;0;0;0;0;0;3.2;0;0;0;0;0;0;0;0;0;0;0;0;0;0;0;0;0;0;0;0;0;24;0;0;0;0;0;0;0;0;0;0;0;0;0;0;0;0;0;0;0;0;0;0;0;0;0;0;0;0;0;0;0;0;0;0;0;0;0;0;0;0;0;0;0;0;0;0;0;0;0;0;0;0;0;0;0;0;0;0;9.6;0;0;0;0;0;0;0;0;0;0;0;0;1.6;0;0;0;0;0;0;6.4;0;0;0;0;0;0;0;0;0;336;0;0;0;0;0;0;0;0;0;0;0;0;0;0;0;0;14.4;0;28.8;0;0;0;19.2;0;0;0;0;0;0;0;0;1.6;0;0;0;0;0;0;0;1.6;1.6;0;0;0;0;0;0;0;0;0;0;0;0;0;0;19.2;6.4;0;0;0;4.8;0;1.6;0;0;0;0;0;0;0;0;0
21;2023;SP;2023_SP;9;0;0;0;0;0;0;0;0;0;0;0;0;0;0;0;0;0;0;0;0;0;0;0;0;0;0;0;0;0;0;0;0;0;0;0;0;0;0;0;0;33.6;0;0;0;0;0;0;0;0;0;0;0;0;0;0;0;0;0;0;0;0;0;0;0;0;0;0;0;0;0;0;0;0;0;0;0;0;0;1.6;0;0;0;0;0;0;0;0;0;0;0;0;0;0;0;0;0;0;0;0;0;0;0;0;0;0;0;0;0;0;0;0;0;0;0;0;0;0;0;0;0;0;0;0;0;0;0;0;0;0;0;0;0;0;0;0;0;0;0;0;0;0;0;0;0;0;0;0;0;0;0;1.6;0;0;0;0;0;0;1.6;0;0;0;0;0;0;0;0;0;9.6;0;0;0;0;0;0;0;0;0;0;0;0;0;0;0;0;0;0;0;0;0;0;0;0;0;0;0;0;0;0;0;0;0;0;0;0;0;0;0;0;0;0;0;0;0;0;0;0;0;0;0;0;0;0;0;0;0;0;0;0;0;0;0;0;0;0;0;0;0;0;0;0
22;2018;AU;2018_AU;1;0;0;0;0;0;0;0;0;0;0;0;0;0;0;0;0;0;0;0;0;4;0;0;0;0;0;0;24;0;0;0;0;0;0;0;0;0;0;5.333333333;0;157.3333333;0;0;0;0;0;0;2.666666667;0;0;0;0;0;0;0;5.333333333;0;0;0;0;0;0;0;0;116;46.66666667;33.33333333;0;0;0;30.66666667;0;0;0;0;0;0;0;0;4403.252033;110.0813008;0;0;0;0;0;0;0;0;0;0;0;0;0;0;0;0;0;0;0;0;0;0;0;0;0;0;0;0;0;0;0;0;0;0;0;46.66666667;0;0;0;0;0;0;0;0;0;0;1.142857143;9.523809524;0;0;0;0;0;0;0;0;0;0;0;0;0;0;0;0;0;0;0;9.333333333;9.333333333;18.66666667;0;4;0;0;0;0;0;0;0;0;0;0;0;0;0;0;0;0;0;0;0;0;0;0;1.333333333;0;0;0;16;0;0;0;0;16;0;0;0;0;0;0;0;0;0;0;1.333333333;1.333333333;5.333333333;0;0;0;0;0;0;0;0;0;0;0;2.666666667;2.666666667;0;0;0;0;0;0;0;0;0;0;0;0;0;1.333333333;0;0;0;0;0;0;0;0;0;0;0;0;0;0;0
22;2019;WI;2019_WI;2;0;0;0;0;0;0;0;0;0;0;0;0;0;0;0;0;0;0;0;0;0;0;0;0;0;0;0;0;0;0;0;0;0;0;178.6666667;10.66666667;46.66666667;0;30.74509804;0;197.3333333;0;0;0;0;0;0;1.333333333;0;0;0;0;0;0;0;0;0;0;0;0;0;0;4;0;544;1.333333333;20;0;0;0;64;0;0;0;0;0;0;0;0;566.6867001;65.31329994;0;0;0;0;0;0;0;1.960784314;0;0;0;0;0;0;0;0;0;0;0;0;0;0;0;0;0;0;0;0;0;0;0;0;0;0;0;0;0;0;0;0;0;0;0;0;0;0;0.761904762;3.238095238;0;0;0;0;0;0;2.666666667;0;0;0;0;0;0;0;0;0;0;0;0;0;4;57.33333333;0;6.666666667;0;0;0;0;130.6666667;0;0;0;0;0;0;0;0;0;0;0;0;0;0;0;0;0;0;0;10.66666667;0;20;0;0;0;0;0;0;1.333333333;0;0;0;0;0;157.9607843;0;0;0;0;41.33333333;0;0;0;0;0;0;0;0;0;0;0;0;1.333333333;0;0;0;0;0;0;0;0;0;0;0;0;0;0;0;0;2.666666667;0;0;2.666666667;0;0;0;0;0;0;0;0;0
22;2019;SP;2019_SP;3;0;0;0;0;0;0;0;0;0;0;0;0;0;0;0;0;0;0;0;0;4;0;0;0;0;0;0;0;0;0;0;0;0;0;0;12;41.33333333;0;61.22875817;0;194.6666667;0;0;0;0;0;0;1.333333333;0;0;0;0;0;0;0;0;0;0;0;0;0;0;0;0;52;0;0;0;0;0;72;0;0;0;0;0;0;0;0;143.60601;67.06065665;0;0;0;0;0;0;0;0.052287582;0;0;0;0;0;0;0;0;0;1.333333333;0;0;0;0;0;0;0;0;0;0;0;0;0;0;0;0;0;0;0;0;0;0;0;0;0;0;0;0;0;5.333333333;0;0;0;0;0;0;0;0;0;0;0;0;0;0;0;0;0;0;0;0;6.666666667;22.66666667;0;4;1.333333333;0;0;0;1.333333333;0;0;0;0;0;0;0;0;0;18.66666667;0;0;0;0;0;0;0;0;0;0;0;12;0;0;0;0;17.33333333;0;0;0;0;0;0;0;48.05228758;0;0;0;0;1.333333333;0;0;0;0;0;0;0;0;0;0;0;0;0;0;0;0;0;0;0;0;0;0;0;0;0;0;0;0;0;16;0;0;0;0;0;0;0;0;0;0;0;0
22;2019;SU;2019_SU;4;0;0;0;0;0;0;0;0;0;0;0;0;0;0;0;0;0;0;0;0;0;0;0;0;0;0;0;0;0;0;0;0;0;1.333333333;0;0;0;0;1.333333333;0;28;0;0;0;0;0;0;0;0;0;0;0;0;0;0;0;0;0;0;0;0;0;0;0;18.66666667;17.33333333;2.666666667;0;0;0;18.66666667;0;0;0;0;0;0;0;0;794.6154702;32.05119644;0;0;0;0;0;0;0;0;0;0;0;0;0;0;0;0;0;4;0;0;0;0;0;0;0;0;0;0;0;0;0;0;0;0;0;18.66666667;0;0;0;0;0;0;0;0;0;0;5.333333333;0;0;0;0;0;0;0;0;0;0;0;0;0;0;0;0;0;0;0;0;1.333333333;2.666666667;0;0;0;0;0;0;0;0;0;0;0;0;0;0;0;0;0;1.333333333;0;0;0;0;0;0;0;0;0;0;0;1.333333333;0;0;0;0;1.333333333;0;0;0;0;0;0;0;1.333333333;0;0;0;0;0;0;0;0;0;0;0;0;0;0;0;0;0;1.333333333;0;0;0;0;0;0;0;0;0;0;0;0;0;0;0;0;0;0;0;1.333333333;0;0;0;0;0;0;0;0;0
22;2020;SU;2020_SU;5;0;0;0;0;0;0;0;0;0;0;0;0;0;0;0;0;0;0;0;0;0;0;0;1.6;0;0;0;0;0;0;0;0;0;3.2;0;0;0;0;8;0;156.8;0;0;0;0;0;0;3.2;0;0;0;0;0;0;0;1.6;0;0;0;0;0;0;0;0;43.2;0;3.2;0;0;0;137.6;0;0;0;0;0;0;0;0;2982.792603;2873.207397;0;0;0;0;0;0;0;0;0;0;0;0;0;0;0;0;28.8;0;0;0;0;3.2;0;0;0;0;0;0;0;0;0;0;0;0;0;0;0;0;0;0;0;0;0;0;0;0;0;0;0;0;0;0;0;0;0;0;0;0;0;0;0;0;0;0;0;0;0;0;0;0;0;3.2;3.2;0;0;0;0;0;0;0;0;0;0;0;0;0;0;0;0;0;0;0;0;0;0;0;0;0;0;0;0;0;0;27.2;0;0;0;0;0;0;0;4.8;0;0;0;0;3.2;0;0;0;0;0;0;0;0;0;0;0;0;0;0;0;0;0;0;0;0;0;0;0;0;0;0;0;0;0;0;0;0;0;0;0;0;0;0;0;0;0;0
22;2020;AU;2020_AU;6;0;0;0;0;0;0;0;0;0;0;0;0;0;0;0;0;0;0;0;0;8;0;22.4;0;0;0;0;0;0;0;0;0;0;0;0;0;1.6;0;0;0;4.8;0;0;0;0;0;0;0;0;0;0;0;0;0;0;0;0;0;0;0;0;0;0;0;0;6.4;0;0;0;0;3.2;0;0;0;0;0;0;0;0;0;1.6;0;0;0;0;0;0;0;0;0;0;0;0;0;0;0;0;0;0;0;0;0;0;0;0;0;0;0;0;0;0;0;0;0;0;0;1.6;0;0;0;0;0;0;0;0;0;0;0;0;0;0;0;0;0;0;0;0;0;0;0;0;0;0;0;0;0;0;0;4.8;0;1.6;0;6.4;0;0;0;0;0;0;0;0;0;0;0;0;0;0;1.6;0;0;0;0;0;0;0;0;0;0;0;6.4;0;0;0;0;32;6.4;0;0;0;0;0;0;1.6;0;0;0;0;0;0;0;0;0;0;0;0;0;0;0;0;0;0;0;0;0;0;0;0;0;0;0;0;0;0;0;0;0;0;0;0;0;1.6;0;0;0;0;0;1.6;0;0;0
22;2021;WI;2021_WI;7;0;0;0;0;0;0;0;0;0;0;0;0;0;0;0;0;0;0;0;0;1.6;0;4.8;0;0;0;0;4.8;0;0;0;0;0;0;115.2;0;0;0;2.475;0;948.8;0;0;0;0;0;0;0;0;1.6;0;0;0;0;0;1.6;0;0;0;0;0;0;6.4;0;0;1.6;0;0;0;0;6.4;0;0;0;0;0;0;0;0;20.8;22.4;0;0;0;0;0;0;0;26.225;0;0;0;0;1.6;0;0;0;0;0;0;0;0;0;0;0;0;0;0;0;0;0;0;0;0;0;0;0;0;0;0;0;0;0;0;0;0;0;0;0;0;0;0;0;0;0;38.4;0;0;0;0;0;0;0;0;0;0;0;3.65;0;9.6;24;0;25.6;0;0;0;0;132.8;0;0;0;0;0;0;0;0;0;20.8;0;0;0;0;0;0;0;0;0;0;0;12.8;0;0;0;0;156.8;0;0;0;16;0;0;0;49.25;0;0;0;0;0;0;0;0;0;0;0;0;0;0;0;0;6.4;0;0;0;0;0;0;0;0;27.2;0;0;0;0;0;0;0;0;6.4;17.6;0;0;0;0;1.6;0;0;0;0;0;0
22;2021;SP;2021_SP;8;0;0;0;0;0;0;0;0;0;0;0;0;0;0;0;0;0;0;0;0;0;0;19.2;0;0;0;0;0;0;0;0;0;0;0;0;4.8;9.6;0;17.875;0;129.6;0;0;0;0;0;0;0;0;0;0;0;0;0;0;0;0;0;0;0;0;0;0;0;1.6;0;0;0;0;0;6.4;0;0;0;0;0;0;0;1.6;8.02395069;25.57604931;0;0;0;0;0;0;0;5.225;0;0;0;0;0;0;0;0;0;41.6;0;0;0;0;0;0;0;0;0;0;0;0;0;0;0;0;0;0;0;0;0;0;0;0;0;0;0;0;0;0;0;0;0;0;0;0;19.2;0;0;0;0;0;0;0;0;0;0;0;0.05;3.2;0;1.6;0;4.8;0;0;0;0;22.4;0;0;0;0;0;0;0;0;0;36.8;0;0;0;0;0;0;0;0;0;0;0;12.8;0;0;0;0;84.8;0;0;0;1.6;0;0;0;12.05;0;0;0;0;0;0;0;0;0;0;0;0;0;0;0;0;0;0;0;0;0;0;0;0;0;3.2;0;0;0;0;0;0;0;0;8;0;0;0;0;0;0;0;0;3.2;0;0;0
22;2021;AU;2021_AU;9;0;0;0;0;1.6;0;0;0;0;0;0;0;0;0;0;0;0;0;0;0;0;0;57.6;0;0;0;0;0;0;0;0;0;0;0;0;0;0;0;0;0;11.2;0;0;0;0;0;0;0;0;0;0;0;0;0;0;0;0;0;0;0;0;0;0;0;0;0;0;0;0;0;0;0;0;0;0;0;0;0;0;0;0;0;0;0;0;0;0;0;1.6;0;0;0;0;0;0;0;0;0;0;0;0;0;0;0;0;0;0;0;0;0;0;0;0;0;0;0;0;0;0;0;0;0;0;0;0;0;0;0;0;0;0;0;0;0;0;0;0;0;0;0;0;0;0;0;0;0;0;0;0;0;44.8;0;0;0;0;0;0;0;1.6;0;0;0;0;0;0;0;0;14.4;0;0;0;0;0;0;0;0;0;0;0;0;0;0;0;0;0;0;0;0;0;0;0;0;0;0;0;0;6.4;0;0;0;0;0;0;0;0;0;0;0;0;4.8;0;0;0;0;0;0;0;0;0;0;0;0;0;0;0;0;0;0;6.4;0;3.2;0;0;1.6;0;0;9.6;0;0;0
22;2022;WI;2022_WI;10;0;0;0;0;0;4.8;0;0;0;0;0;0;0;0;0;0;0;0;0;0;0;0;75.2;0;0;0;0;0;0;0;0;0;0;0;294.4;0;30.4;0;3.913846154;0;14.4;0;0;0;0;0;0;0;0;8;0;0;3.2;0;0;0;0;0;0;0;0;0;0;0;0;0;0;0;0;0;0;0;0;0;0;0;0;0;4.8;0;4.8;0;0;0;0;0;0;0;82.31384615;0;0;0;0;0;0;0;0;0;0;0;0;0;0;0;0;0;0;0;0;0;0;0;0;0;0;0;0;0;0;0;0;0;0;0;0;0;0;0;0;0;0;0;0;0;0;0;0;0;0;0;0;0;0;0;0;0;0;5.095384615;0;1.6;6.4;0;4.8;0;0;0;0;569.6;0;0;0;0;0;0;0;0;0;30.4;0;0;0;0;0;0;0;0;0;0;0;0;0;0;0;0;84.8;0;0;0;1.6;0;0;0;4.307692308;0;0;0;0;0;0;1.6;0;0;0;0;0;0;0;0;0;0;0;0;0;0;0;0;0;0;171.2;0;0;0;0;6.769230769;0;0;0;3.2;9.6;0;0;0;0;0;0;0;0;0;0;0
22;2022;SP;2022_SP;11;0;0;0;0;0;0;0;0;0;0;0;0;0;0;0;0;0;0;0;0;0;0;17.6;0;0;0;0;0;0;0;0;0;0;0;0;0;11.2;0;84.8;0;62.4;0;0;0;0;0;0;0;0;0;0;0;0;0;0;0;0;0;0;0;0;0;0;0;0;0;0;0;0;0;0;0;0;0;0;0;0;0;1.6;1.6;1.6;0;0;1.6;0;0;0;0;4.8;0;0;0;0;0;0;0;0;0;16;0;0;0;0;0;0;0;0;0;0;0;0;0;0;0;0;0;0;0;0;0;0;0;0;0;0;0;0;0;0;0;0;0;0;0;0;76.8;0;0;0;0;0;0;0;0;0;0;0;1.6;0;0;1.6;0;0;0;0;0;0;104;1.6;0;0;0;0;0;0;0;0;40;0;0;0;0;0;0;0;0;0;0;0;0;0;0;0;0;281.6;0;0;0;14.4;0;0;0;20.8;0;0;0;0;0;0;3.2;0;0;0;0;0;0;0;0;0;0;0;0;0;0;0;0;0;0;297.6;0;0;0;0;1.6;0;0;0;28.8;16;0;11.2;0;0;0;0;0;3.2;0;0;0
22;2022;AU;2022_AU;12;0;0;0;0;0;0;0;0;1.6;0;0;0;0;0;0;0;0;0;0;0;0;0;35.2;0;0;0;0;0;0;0;0;0;0;0;0;0;1.6;0;35.2;0;3.2;0;0;0;0;0;0;0;0;204.8;0;0;0;0;0;0;1.6;0;0;0;0;0;0;0;0;0;0;0;0;0;0;0;0;0;0;0;0;0;0;0;0;0;0;0;0;0;0;0;81.6;0;0;0;0;0;0;0;0;0;0;0;0;0;0;0;0;0;0;0;0;0;0;0;0;0;0;0;0;0;0;0;0;0;0;0;1.6;0;0;0;0;0;0;0;0;0;0;0;0;0;0;0;0;0;0;0;0;0;0;0;0;0;3.2;0;1.6;0;0;0;0;0;0;0;0;0;0;0;0;0;0;24;0;0;0;0;0;0;0;0;0;0;0;0;0;0;0;0;238.4;0;0;0;0;0;0;0;0;0;0;0;0;0;0;9.6;0;0;0;0;0;0;0;0;0;46.4;0;0;0;0;0;0;0;0;0;0;0;0;0;0;0;0;0;0;64;0;1.6;0;0;0;0;0;0;0;0;0
22;2023;WI;2023_WI;13;0;0;0;0;0;0;0;0;0;1.6;0;0;0;0;0;0;0;0;0;0;0;0;3.2;0;0;0;0;0;0;0;0;0;0;0;4.8;0;0;0;0;0;14.4;0;0;0;0;0;0;0;0;0;0;0;0;0;0;0;1.6;0;0;0;0;0;0;0;0;0;0;0;0;0;0;0;0;0;0;0;0;0;0;0;0;0;0;0;0;0;0;0;0;0;0;0;0;0;0;0;0;0;0;0;0;0;0;0;0;0;0;0;0;0;0;0;0;0;0;0;0;0;0;0;0;0;0;0;0;0;0;0;0;0;0;0;0;0;0;27.2;0;0;0;0;0;0;0;0;0;0;0;0;0;0;0;0;0;0;0;0;0;14.4;0;0;0;0;0;0;0;0;0;27.2;0;0;0;0;0;0;0;0;0;0;0;0;0;0;0;0;4.8;0;0;0;3.2;0;0;0;0;0;0;0;0;0;0;0;0;0;0;0;0;0;0;0;0;0;0;0;0;0;0;0;0;0;24;0;0;0;0;0;0;0;0;0;9.6;0;0;0;0;0;0;0;0;0;0;0
22;2023;SP;2023_SP;14;0;0;0;0;0;0;0;0;0;3.2;0;0;0;0;0;0;0;0;0;0;1.6;0;6.4;0;0;0;0;0;0;0;0;0;0;0;0;0;0;0;3.2;0;8;0;0;0;0;0;0;3.2;0;0;0;0;0;0;0;0;0;0;0;0;0;0;0;0;0;0;0;0;0;0;0;0;0;0;0;0;0;0;0;1.6;0;0;0;0;0;0;0;0;0;0;0;0;0;0;0;0;0;0;11.2;0;0;0;0;0;0;0;0;0;0;0;0;0;0;0;0;0;0;0;0;0;0;0;0;0;0;0;0;0;0;0;0;0;0;0;0;9.6;0;0;0;0;0;0;0;0;0;0;0;0;0;1.6;1.6;0;0;0;0;0;0;4.8;1.6;0;0;0;0;0;0;0;0;3.2;0;0;0;0;0;0;0;0;0;0;0;0;0;0;0;0;14.4;0;0;0;0;0;0;0;0;0;0;0;0;0;0;0;0;0;0;0;0;0;0;1.6;0;0;0;0;0;0;0;0;0;0;28.8;0;0;0;0;0;1.6;0;0;4.8;0;0;0;0;0;0;0;0;0;0;0;0
23;2018;AU;2018_AU;1;0;0;0;0;0;0;0;0;0;0;0;0;0;0;0;0;0;0;0;0;9.333333333;0;0;0;0;0;0;37.33333333;0;0;0;0;0;0;0;9.333333333;0;0;6.666666667;0;292;0;0;0;0;0;0;5.333333333;0;0;0;0;0;0;0;0;0;0;0;0;0;0;76;0;194.6666667;49.33333333;128;0;0;0;30.66666667;0;0;0;0;0;0;0;0;1126.130719;31.20261438;0;0;0;0;0;0;0;0;0;0;0;0;0;0;0;0;0;0;0;0;0;0;0;0;0;0;0;0;0;0;0;0;0;0;0;102.6666667;0;0;0;0;0;0;0;0;0;0;7.2;14.13333333;0;0;0;0;0;0;1.333333333;0;0;0;0;0;0;0;0;0;0;0;0;12;6.666666667;28;0;12;1.333333333;0;0;0;1.333333333;0;0;0;0;0;0;0;0;0;0;0;0;0;0;0;0;0;0;0;64;0;17.33333333;0;0;0;0;8;0;0;0;0;0;0;0;0;0;0;0;4;5.333333333;0;0;0;0;0;0;0;0;0;0;0;6.666666667;1.333333333;1.333333333;0;0;0;0;0;2.666666667;0;0;0;0;0;0;8;0;0;0;0;0;4;0;0;2.666666667;0;0;0;0;0;0
23;2019;WI;2019_WI;2;0;0;0;0;0;0;0;0;0;0;0;0;0;0;0;0;0;0;0;0;0;0;0;0;0;0;0;174.6666667;0;0;0;0;0;1.333333333;117.3333333;84;8;0;30.55555556;0;541.3333333;0;0;0;0;0;0;1.333333333;0;0;0;0;0;0;0;0;0;0;0;0;0;0;10.66666667;0;316;13.33333333;121.3333333;0;0;0;85.33333333;0;0;0;0;0;0;0;0;521.4428413;46.55715871;0;0;0;0;0;0;0;0;0;0;0;0;0;0;0;0;85.33333333;0;0;0;0;4.166666667;0;0;0;0;0;0;0;0;0;0;0;0;0;13.33333333;0;0;0;0;0;0;0;0;0;0;2.844444444;17.15555556;0;0;0;0;0;0;50.66666667;0;0;0;0;0;0;0;0;0;0;0;0;4;8;36;0;2.666666667;0;0;0;0;92;0;0;0;0;0;0;0;0;0;0;0;0;0;0;0;0;0;0;0;0;0;16;0;0;0;0;1.333333333;0;1.333333333;0;1.333333333;0;0;0;53.27777778;0;0;0;0;10.66666667;0;0;0;0;1.333333333;0;0;0;0;0;0;0;0;0;0;0;0;0;0;0;0;0;0;0;0;0;0;0;0;92;0;0;6.666666667;0;0;0;0;0;0;0;0;0
23;2019;SP;2019_SP;3;0;0;0;0;0;0;0;0;0;0;0;0;0;0;0;0;0;0;0;0;8;0;0;0;0;0;0;4;0;0;0;0;0;0;0;9.333333333;12;0;16;0;216;0;0;0;0;0;0;0;0;0;0;0;0;0;0;0;0;0;0;0;0;0;22.66666667;0;25.33333333;0;1.333333333;0;0;0;97.33333333;0;0;0;0;0;0;0;0;276.2145764;62.45209027;0;0;0;0;0;0;0;0;0;0;0;0;0;0;0;0;1.333333333;0;0;0;0;4;0;0;0;0;0;0;0;0;0;0;0;0;0;0;0;0;0;0;0;0;0;0;0;0;1.333333333;0;0;0;0;0;0;0;5.333333333;0;0;0;0;0;0;0;0;0;0;0;0;1.333333333;6.666666667;17.33333333;0;0;0;0;0;0;1.333333333;0;1.333333333;0;0;0;0;0;0;0;2.666666667;0;0;0;0;0;0;0;0;0;0;0;0;0;0;0;0;2.666666667;0;0;0;1.333333333;0;0;0;9.333333333;0;0;0;0;0;0;0;0;0;0;0;0;0;0;0;0;0;1.333333333;0;0;0;0;0;0;0;0;0;0;0;0;0;0;0;0;2.666666667;0;0;1.333333333;0;0;0;0;0;0;0;0;0
23;2019;SU;2019_SU;4;0;0;0;0;0;0;0;0;0;0;0;0;0;0;0;0;0;0;0;0;0;0;0;0;0;0;0;17.33333333;0;0;0;0;0;1.333333333;0;5.333333333;0;0;6.666666667;0;65.33333333;0;0;0;0;0;0;2.666666667;0;0;0;0;0;0;0;0;0;0;0;0;0;0;2.666666667;0;120;4;1.333333333;0;0;0;30.66666667;0;0;0;0;0;0;0;0;1626.460969;45.53903071;0;0;0;0;0;0;0;0;0;0;0;0;0;0;0;0;0;10.66666667;0;0;0;0;0;0;0;0;0;0;0;0;0;0;0;0;0;2.666666667;0;0;0;0;0;0;0;0;0;0;0.711111111;1.955555556;0;0;0;0;0;0;0;0;0;0;0;0;0;0;0;0;0;0;0;1.333333333;0;0;0;1.333333333;0;0;0;0;0;0;0;0;0;0;0;0;0;0;1.333333333;0;0;0;0;0;0;0;0;0;0;0;2.666666667;0;0;0;0;1.333333333;2.666666667;0;0;1.333333333;0;0;0;0;0;0;0;0;0;0;0;0;0;0;0;0;0;0;0;0;0;0;0;0;0;0;0;0;0;0;0;0;0;0;0;1.333333333;0;0;0;0;0;0;0;0;0;0;0;0;0;0;0
23;2020;SU;2020_SU;5;0;0;0;0;0;0;0;0;0;0;0;0;0;0;0;0;0;0;0;0;13.62962963;2.37037037;76.8;0;0;0;0;0;0;0;0;0;0;0;0;17.6;0;0;0;0;137.6;0;0;0;0;0;0;36.8;0;0;0;0;0;0;0;0;0;0;0;0;0;0;0;0;51.2;0;0;0;0;0;76.8;0;0;0;0;0;0;0;1.6;559.8161394;1814.583861;0;0;0;0;0;0;0;0;0;0;0;0;0;0;0;0;0;43.2;0;0;0;0;0;0;0;0;0;0;0;0;0;0;0;0;0;0;0;0;0;0;0;0;0;0;0;0;0;0;0;0;0;0;0;0;0;0;0;0;0;0;0;0;0;0;0;0;0;0;0;3.2;0;0;0;0;0;0;0;0;0;0;0;0;0;0;0;0;60.8;0;0;0;0;0;0;0;0;0;0;0;0;0;0;0;0;27.2;0;0;0;0;0;0;0;0;0;0;0;0;6.4;0;0;0;0;0;0;0;0;0;0;0;1.6;14.4;0;0;0;0;0;0;0;0;0;0;0;0;0;0;0;0;0;0;0;11.2;0;0;0;0;0;0;0;0;0
23;2020;AU;2020_AU;6;0;0;0;0;0;0;0;0;0;0;0;0;0;0;0;0;0;0;0;0;12.8;0;8;0;0;0;0;0;0;0;0;0;0;0;0;0;0;0;0;0;3.2;0;0;0;0;0;0;1.6;0;0;0;0;0;0;0;0;0;0;0;0;0;0;0;0;0;3.2;0;0;0;0;24;0;0;0;0;0;0;0;0;4.8;60.8;0;0;0;0;0;0;0;0;0;0;0;0;0;0;0;0;0;0;0;0;0;0;0;0;0;0;0;0;0;0;0;0;0;0;0;3.2;0;0;0;0;0;0;0;0;0;0;0;0;0;0;0;0;0;0;0;0;0;0;0;0;0;0;0;0;0;0;0;0;3.2;8;0;3.2;0;0;0;0;1.6;0;0;0;0;0;0;0;0;0;14.4;0;0;0;0;0;0;0;0;0;0;0;1.6;0;0;0;0;107.2;0;0;0;0;0;0;0;1.6;0;0;0;0;0;0;0;0;0;0;0;0;0;0;0;0;8;0;0;0;0;0;0;0;0;0;0;0;0;0;0;0;0;0;0;0;0;6.4;0;0;0;0;0;4.8;0;0;0
23;2021;WI;2021_WI;7;0;0;0;0;0;0;0;0;0;0;0;0;0;0;0;0;0;0;0;0;24;0;6.4;0;0;0;0;0;0;0;0;0;0;0;35.2;0;11.2;0;0.16;0;646.4;0;0;0;0;0;0;0;0;1.6;0;0;0;0;0;0;0;0;0;0;0;0;0;0;1.6;0;0;0;0;0;1.6;0;0;0;0;0;0;0;0;1.6;11.2;0;0;0;0;0;0;0;31.92;0;0;0;0;0;0;0;0;0;0;0;0;0;0.08;0;0;0;0;0;0;0;0;0;0;0;0;0;0;0;0;0;0;0;0;0;0;0;0;0;0;0;0;0;0;0;0;4.8;0;0;0;0;0;0;0;0;0;0;0.16;0;0;3.2;24;0;1.6;0;0;0;0;44.8;0;0;0;0;0;0;0;0;0;8;0;0;0;0;0;0;0;0;0;0;0;1.6;0;0;0;0;30.4;0;6.4;0;1.6;0;0;0;47.6;0;0;0;1.6;0;0;4.8;0;0;0;0;0;0;0;0;0;0;0;0;0;0;0;0;0;1.6;1.6;0;0;0;0;1.68;0;0;0;1.6;0;0;4.8;0;0;0;0;0;0;0;0;0
23;2021;SP;2021_SP;8;0;0;0;0;0;0;0;0;0;0;0;0;4.8;0;0;0;0;0;0;0;0;6.4;12.8;0;0;0;0;0;0;0;0;0;0;0;0;12.8;12.8;0;3.466666667;0;915.2;0;0;0;0;0;0;0;0;0;0;0;0;0;0;0;0;0;0;0;0;0;3.2;0;11.2;1.6;4.8;0;0;0;0;0;0;0;0;0;0;0;0;11.2;32;0;0;0;0;0;0;0;2.533333333;0;0;0;0;0;0;0;0;0;91.2;0;0;0;1.733333333;0;0;0;0;0;0;0;0;0;0;0;0;0;0;0;0;0;0;0;0;0;0;0;0;0;0;0;0;0;0;0;0;35.2;0;0;0;0;0;0;0;0;0;0;3.466666667;0;1.6;1.6;3.2;0;0;0;0;0;0;4.8;0;0;0;0;0;0;0;0;0;35.2;0;0;0;0;0;0;0;0;0;0;0;6.4;0;0;0;0;294.4;0;0;0;4.8;0;0;0;14.26666667;0;0;0;0;0;0;0;0;0;0;0;0;0;0;0;0;0;0;0;0;0;0;0;0;0;0;0;0;0;0;0.133333333;0;0;0;68.8;0;0;6.4;0;0;1.6;0;0;0;0;0;0
23;2021;SU;2021_SU;9;0;0;0;0;6.4;0;0;0;0;0;0;0;0;0;0;0;0;0;0;0;0;0;4.8;0;0;0;0;0;0;0;0;0;0;0;0;0;0;0;0;0;19.2;0;0;0;0;0;0;0;0;3.2;0;0;0;0;0;0;0;0;0;0;0;0;0;0;0;0;0;0;0;0;0;0;0;0;0;0;0;0;0;0;142.4;0;0;0;0;0;0;0;0;0;0;0;0;0;0;0;0;0;0;0;0;0;0;0;0;0;0;0;0;0;0;0;0;0;0;0;0;0;0;0;0;0;0;0;0;0;0;0;0;0;0;0;0;0;0;0;0;0;0;0;0;0;0;0;0;0;0;0;0;0;4.8;0;0;0;0;0;0;0;19.2;0;0;0;0;0;0;0;0;6.4;0;0;0;0;0;0;0;0;0;0;0;0;0;0;0;0;0;25.6;0;0;0;0;0;0;0;0;0;0;0;0;0;0;0;0;0;0;0;0;0;0;0;0;0;0;0;0;0;0;0;0;0;0;0;0;0;0;0;0;0;0;0;0;4.8;0;0;0;0;0;94.4;0;0;0
23;2021;AU;2021_AU;10;0;0;0;0;0;0;0;0;0;0;0;0;0;0;0;0;0;0;0;0;0;0;1.6;0;0;0;0;0;0;0;0;0;0;0;0;0;0;0;0;0;19.2;0;0;0;0;0;0;0;0;3.2;0;0;0;0;0;0;0;0;0;0;0;0;0;0;0;0;0;0;0;0;0;0;0;0;0;0;0;0;0;0;6.4;0;0;0;0;0;0;0;0;0;0;0;0;0;0;0;0;0;0;0;0;0;0;0;0;0;0;0;0;0;0;0;0;0;0;0;0;0;0;0;0;0;0;0;0;0;0;0;0;0;0;0;0;0;0;0;0;0;0;0;0;0;0;0;0;0;0;0;0;0;3.2;0;0;0;0;0;0;0;1.6;0;0;0;0;0;0;0;0;6.4;0;0;0;0;0;0;0;0;0;0;0;0;0;0;0;0;25.6;4.8;0;0;0;0;0;0;0;0;0;0;0;0;0;22.4;0;0;0;0;0;0;0;0;0;0;0;0;0;0;0;0;0;0;0;0;0;0;0;0;0;0;0;0;0;0;3.2;0;0;0;0;0;80;0;0;0
23;2022;WI;2022_WI;11;0;0;0;0;2.133333333;0;0;0;0;0;0;0;0;0;0;0;0;0;0;0;0;0;73.6;0;0;0;0;0;0;0;0;0;0;0;1113.6;0;14.4;0;0.112941176;0;236.8;0;0;0;0;0;0;0;0;0;0;0;0;0;0;0;1.6;0;0;0;0;0;0;0;0;1.6;3.2;0;0;0;0;0;0;0;0;0;0;0;8;0;0;0;0;0;0;0;0;0;86.30588235;0;0;0;0;0;0;0;0;0;0;0;0;0;0;0;0;0;0;0;0;0;0;0;0;0;0;0;0;0;0;0;0;0;0;0;0;0;0;0;0;0;0;0;0;0;0;0;0;0;0;0;0;0;0;0;0;0;0.112941176;3.369411765;0;3.2;17.6;0;8;0;0;0;0;563.2;0;0;0;0;0;0;0;0;0;115.2;0;0;0;0;0;0;0;0;0;0;0;0;0;0;0;0;196.8;4.266666667;0;0;0;0;0;0;15.30352941;0;0;0;8;0;0;24;0;0;0;0;0;0;0;0;0;0;0;0;0;0;0;0;0;0;22.4;0;0;0;0;11.59529412;1.6;0;0;0;1.6;0;25.6;0;0;0;0;0;0;0;0;0
23;2022;SP;2022_SP;12;0;0;0;0;0;3.2;0;0;0;0;0;0;0;0;0;0;0;0;0;0;1.6;0;76.8;0;0;0;0;0;0;0;0;0;0;0;0;0;3.2;0;3.2;0;364.8;0;0;0;0;0;0;0;0;0;0;0;0;0;0;0;0;0;0;0;0;0;0;0;0;0;0;0;0;0;0;0;0;0;0;0;0;0;3.2;0;6.4;0;0;0;0;0;0;0;4.8;0;0;0;0;0;0;0;0;0;342.4;0;0;0;0;0;0;0;0;0;0;0;0;0;0;0;0;0;0;0;0;0;0;0;0;0;0;0;0;0;0;0;0;0;0;0;0;60.8;0;0;0;0;0;0;0;0;0;0;3.2;1.6;0;0;1.6;0;0;0;0;0;0;43.2;0;0;0;0;0;0;0;0;0;12.8;0;0;0;0;0;0;0;0;0;0;0;0;0;0;0;0;211.2;0;0;0;1.6;0;0;0;11.2;0;0;0;1.6;0;0;12.8;0;0;0;0;0;0;0;0;0;0;0;0;0;0;0;0;0;0;28.8;0;0;0;0;0;0;0;0;116.8;0;0;0;0;0;8;0;0;0;0;0;0
23;2022;SU;2022_SU;13;0;52.8;0;0;3.2;0;0;0;0;0;0;0;0;0;0;0;0;0;0;0;0;0;4.8;0;0;0;0;0;0;0;0;0;0;0;0;0;0;0;0;0;203.2;0;0;0;0;0;0;0;0;0;0;0;0;0;0;0;0;0;0;0;0;0;0;0;0;0;0;0;0;0;0;0;0;0;0;0;0;0;0;3.2;3.2;0;0;1.6;0;0;1.6;0;0;0;0;0;0;0;0;0;0;0;0;0;0;0;0;0;0;0;0;0;0;0;0;0;0;0;0;0;0;0;0;0;0;0;0;0;0;0;0;0;0;0;0;0;0;0;0;0;0;0;0;0;0;0;0;0;0;0;0;0;0;0;0;0;0;0;0;0;0;0;99.2;0;0;0;1.6;0;0;3.2;0;3.2;0;0;0;0;0;0;0;0;0;0;0;0;0;0;0;0;1.6;1.6;0;0;0;0;0;0;0;0;0;0;0;0;0;604.8;0;0;0;0;0;0;0;0;0;0;0;0;0;0;0;1.6;0;0;0;0;0;32;0;0;1.6;0;0;0;0;0;1.6;0;0;0;0;0;0;0;0;0
23;2022;AU;2022_AU;14;0;0;0;0;0;12.8;0;0;0;0;0;0;0;0;0;0;0;0;0;0;0;0;326.4;0;0;0;0;0;0;0;0;0;0;0;0;0;0;0;0;0;16;0;0;0;0;0;0;9.6;0;0;0;0;0;0;0;0;1.6;0;0;0;0;0;0;0;0;0;0;0;0;0;0;0;0;0;0;0;0;0;4.8;0;0;0;0;0;0;0;0;0;83.2;0;0;0;0;0;0;0;0;0;0;0;0;0;0;0;0;0;0;0;0;0;0;0;0;0;0;0;0;0;0;0;0;0;0;0;0;0;0;0;0;0;0;0;0;0;0;0;0;0;0;0;0;0;0;0;0;0;0;0;0;1.6;1.6;0;0;0;0;0;0;0;0;0;0;0;0;0;0;0;0;30.4;0;0;0;0;0;0;0;0;0;0;0;0;0;0;0;0;137.6;0;0;0;0;0;0;0;0;0;0;0;0;0;0;41.6;0;0;0;0;0;0;0;0;0;0;0;0;0;0;0;0;0;0;0;0;0;1.6;0;0;0;0;0;0;6.4;0;9.6;0;0;0;0;0;0;0;0;0
23;2023;WI;2023_WI;15;0;0;0;0;0;1.6;0;0;0;0;0;0;2.285714286;0;0;0;0;0;0;0;0;0;8;0;0;0;0;0;0;0;0;0;0;0;9.6;0;1.6;0;0;0;51.2;0;0;0;0;0;0;0;0;0;0;0;0;0;0;0;0;0;0;0;0;0;0;0;0;0;0;0;0;0;0;0;0;0;0;0;0;0;0;1.6;0;0;0;0;0;0;0;0;6.4;0;0;0;0;0;0;0;0;0;0;0;0;0;0;0;0;0;0;0;0;0;0;0;0;0;0;0;0;0;0;0;0;0;0;0;0;0;0;0;0;0;0;0;0;0;0;11.2;0;0;0;0;0;0;0;0;0;0;0;0;0;0;4.8;0;0;0;0;0;0;32.91428571;0;0;0;0;0;0;0;0;0;16;0;0;0;0;0;0;0;0;0;0;0;0;0;0;0;0;27.2;0;0;0;6.4;0;0;0;0;0;0;0;0;1.6;0;1.6;0;0;0;0;0;0;0;0;0;0;0;0;0;0;0;0;0;0;16;0;0;0;0;0;1.6;0;0;6.4;19.2;0;4.8;0;0;3.2;0;0;0;0;0;0
23;2023;SP;2023_SP;16;0;0;0;0;0;0;0;0;0;0;0;0;3.2;0;0;0;0;0;0;0;0;0;1.6;0;0;0;0;0;0;0;0;0;0;0;0;0;0;0;0;0;16;0;0;0;0;0;0;0;0;0;0;0;0;0;0;0;0;0;0;0;0;0;0;0;0;0;0;0;0;0;0;0;0;0;0;0;0;0;0;0;0;0;0;0;0;0;0;0;0;0;0;0;0;0;0;0;0;0;0;0;0;0;0;0;0;0;0;0;0;0;0;0;0;0;0;0;0;0;0;0;0;0;0;0;0;0;0;0;0;0;0;0;0;0;0;3.2;0;0;0;0;0;0;0;0;0;0;0;0;0;0;0;0;0;0;0;0;0;1.6;0;0;0;0;0;0;0;0;0;6.4;0;0;0;0;0;0;0;0;0;0;0;0;0;0;0;0;12.8;0;0;0;0;0;0;0;0;0;0;0;0;0;0;0;0;0;0;0;0;0;0;0;0;0;0;0;0;0;0;0;0;0;0;0;0;0;0;0;0;0;0;8;0;0;0;0;0;0;0;0;0;0;0;0
24;2018;AU;2018_AU;1;0;0;0;0;0;0;0;0;0;0;0;0;0;0;0;0;0;0;0;0;4;0;0;0;0;0;0;0;0;0;0;0;0;0;0;4;1.333333333;0;13.33333333;0;49.33333333;0;0;0;0;0;0;14.66666667;0;0;0;0;0;0;0;1.333333333;0;0;0;0;0;0;0;0;278.6666667;6.666666667;57.33333333;0;0;0;22.66666667;0;0;0;0;0;0;0;0;2479.919679;53.41365462;0;0;0;0;0;0;0;0;0;0;0;2.666666667;0;4;0;0;0;0;0;0;0;0;0;0;0;0;0;0;0;0;0;0;0;0;0;22.66666667;0;0;0;0;0;0;0;0;0;0;0;1.333333333;0;0;0;0;0;0;0;0;0;0;0;0;0;0;0;0;0;0;0;1.333333333;8;12;0;10.66666667;1.333333333;0;0;0;0;0;0;0;0;0;0;0;0;0;0;0;0;0;0;0;0;0;0;0;10.66666667;0;18.66666667;0;0;0;0;74.66666667;0;0;0;1.333333333;0;0;0;1.333333333;0;0;0;0;81.33333333;0;0;0;0;0;0;0;0;0;0;0;4;17.33333333;0;0;0;0;0;0;1.333333333;0;0;0;0;0;0;2.666666667;0;1.333333333;0;0;0;1.333333333;0;0;0;0;0;0;0;0;0
24;2019;SU;2019_SU;2;0;0;0;0;0;0;0;0;0;0;0;0;0;0;0;0;0;0;0;0;0;0;0;0;0;0;0;1.333333333;0;0;0;0;0;1.333333333;0;5.333333333;0;0;5.333333333;0;18.66666667;0;0;0;0;0;0;4;0;0;0;0;0;0;0;0;0;0;0;0;0;0;0;0;77.33333333;2.666666667;0;0;0;0;58.66666667;0;0;0;0;0;0;0;0;1189.601071;19.73226238;0;0;1.333333333;0;0;0;0;0;0;0;0;8;0;0;0;0;0;0;0;0;0;0;0;0;0;0;0;0;0;0;0;0;0;0;0;1.333333333;0;0;0;0;0;0;0;0;0;0;0;0;0;0;0;0;0;0;0;0;0;0;0;0;0;0;0;0;0;0;0;0;2.666666667;1.333333333;0;0;0;0;0;0;0;0;0;0;0;0;0;0;0;0;0;0;0;0;0;0;0;0;0;0;24;0;5.333333333;0;0;0;0;4;0;0;0;1.333333333;1.333333333;0;0;4;0;0;0;0;0;0;0;0;0;0;0;0;0;0;0;0;0;1.333333333;0;0;0;0;0;0;0;0;0;0;0;0;0;0;0;0;0;0;0;0;0;0;0;0;0;0;0;0;0
24;2019;SP;2019_SP;3;0;0;0;0;0;0;0;0;0;0;0;0;2.666666667;0;0;0;0;0;0;0;12;0;0;0;0;0;0;8;0;0;0;0;0;8;0;54.66666667;22.66666667;0;16;0;836;0;0;0;0;0;0;1.333333333;0;0;0;0;0;0;0;1.333333333;0;0;0;0;0;0;5.333333333;0;122.6666667;14.66666667;34.66666667;0;0;0;98.66666667;0;0;0;0;0;0;0;0;423.8157965;38.85087015;0;0;0;0;0;0;0;0;0;0;0;0;0;0;0;0;0;4;0;0;0;0;0;0;0;0;0;0;0;0;0;0;0;0;0;4;0;0;0;0;0;0;0;0;0;0;0.820512821;4.512820513;0;0;0;0;0;0;4;0;0;0;0;0;0;0;0;0;0;0;0;4;5.333333333;30.66666667;0;0;1.333333333;0;0;0;0;0;0;0;0;0;0;0;0;0;0;0;0;0;0;0;0;0;0;0;4;0;13.33333333;0;0;0;0;0;0;0;0;4;0;0;0;4;0;0;0;0;0;0;0;0;0;0;0;0;0;0;0;0;4;4;0;0;0;0;0;0;0;0;0;0;0;0;0;0;0;0;22.66666667;0;0;4;0;0;0;1.333333333;0;0;0;0;0
24;2019;WI;2019_WI;4;0;0;0;0;0;0;0;0;0;0;0;0;0;0;0;0;0;0;0;0;0;0;4;0;0;0;0;66.66666667;0;0;0;0;0;1.333333333;17.33333333;0;0;0;33.75438596;0;281.3333333;0;0;0;0;0;0;5.333333333;0;0;0;0;0;0;0;0;0;0;0;0;0;0;32;0;257.3333333;10.66666667;25.33333333;0;0;0;37.33333333;0;0;0;0;0;0;0;0;148.8728246;4.460508701;0;0;0;0;0;0;0;0;0;0;0;0;0;0;0;0;30.66666667;0;0;0;0;0;0;0;0;0;0;0;0;0;0;0;0;0;0;8;0;0;0;0;0;0;0;0;0;0;10.25641026;19.07692308;0;0;0;0;0;0;12;0;0;0;0;0;0;0;0;0;0;0;0;4;6.666666667;36;0;4;0;0;0;0;0;0;0;0;0;0;0;0;0;0;0;0;0;0;0;0;0;0;0;0;0;0;17.33333333;0;0;0;0;5.333333333;0;0;0;1.333333333;0;0;0;22.24561404;0;0;0;0;10.66666667;0;0;0;0;0;0;0;0;0;0;0;0;6.666666667;0;0;0;0;0;0;0;0;0;0;0;0;0;0;0;0;4;0;0;0;0;0;0;0;0;0;0;0;0
24;2020;SU;2020_SU;5;0;0;0;0;0;0;0;0;0;0;0;0;0;0;0;0;0;0;0;0;0;0;12.8;1.6;0;0;0;0;0;0;0;0;0;14.4;0;0;3.2;0;22.4;0;54.4;0;0;0;0;0;0;22.4;0;0;0;0;0;0;0;6.4;0;0;0;0;0;0;0;0;36.8;38.4;11.2;0;0;0;204.8;0;0;0;0;0;0;0;0;1882.493634;991.1063655;0;0;0;0;0;0;0;0;0;0;0;0;0;0;0;0;0;68.8;0;0;0;0;0;0;0;0;0;0;0;0;0;0;0;0;0;16;0;0;0;0;0;0;0;0;0;0;4.8;1.6;0;0;0;0;0;0;0;0;0;0;0;0;0;0;0;0;0;0;0;4.8;3.2;3.2;0;19.2;0;0;0;0;0;0;0;0;0;0;0;0;0;0;4.8;0;0;0;0;0;0;0;0;0;0;0;3.2;0;0;0;0;22.4;0;0;0;0;1.6;0;0;0;0;0;0;0;1.6;0;0;0;0;0;0;0;0;0;0;0;0;0;0;0;0;0;0;0;0;0;0;0;0;0;0;0;0;0;0;0;0;3.2;0;0;0;0;0;0;0;0;0
24;2020;AU;2020_AU;6;0;0;0;0;0;0;0;0;0;0;0;0;0;0;0;0;0;0;0;0;6.4;0;60.8;0;0;0;0;0;0;0;0;0;0;0;0;0;0;0;1.240816327;0;4.8;0;0;0;0;0;0;4.8;0;0;0;0;0;0;0;0;0;0;0;0;0;0;0;0;3.2;0;0;0;0;0;3.2;0;0;0;0;0;0;0;0;172.8;115.2;0;0;0;0;0;0;0;0.293877551;0;0;0;0;0;0;0;0;0;0;0;0;0;0;0;0;0;0;0;0;0;0;0;0;0;0;0;11.2;0;0;0;0;0;0;0;0;0;0;0;0;0;0;0;0;0;0;0;0;0;0;0;0;0;0;0;0;0;0;0.032653061;0;0;1.6;0;4.8;0;0;0;0;8;0;0;0;0;0;0;0;0;0;11.2;0;0;0;0;0;0;0;0;0;0;0;0;0;0;0;0;17.6;0;0;0;0;0;0;0;3.232653061;0;0;0;0;0;0;0;0;0;0;0;0;0;0;0;0;8;0;0;0;0;0;0;0;0;0;0;0;0;1.6;0;0;0;0;0;0;0;0;0;0;1.6;0;0;4.8;0;0;0
24;2021;AU;2021_AU;7;0;0;0;0;0;0;0;0;0;0;0;0;0;0;0;0;0;0;0;0;0;0;83.2;0;0;0;0;0;0;0;0;0;0;0;0;0;4.8;0;6.4;0;83.2;0;0;0;0;0;0;0;0;0;0;0;0;0;0;0;0;0;0;0;0;0;0;0;0;0;0;0;0;0;0;0;0;0;0;0;0;0;0;0;0;0;0;0;0;0;0;0;0;0;0;0;0;0;0;0;0;0;0;0;0;0;0;0;0;0;0;0;0;0;0;0;0;0;0;0;0;0;0;0;0;0;0;0;0;0;0;0;0;0;0;0;0;0;0;0;0;0;0;0;0;0;0;0;0;0;0;0;0;0;1.6;0;0;0;0;0;0;0;0;0;0;0;0;0;0;0;0;41.6;0;0;0;0;0;0;0;0;0;0;0;0;0;0;0;0;32;1.6;3.2;0;0;1.6;0;0;0;0;0;0;0;0;0;1.6;0;0;0;0;0;0;0;0;0;1.6;0;0;0;0;0;0;0;0;0;0;0;0;0;0;0;0;0;0;0;0;16;0;0;3.2;0;0;0;0;0;0
24;2021;SP;2021_SP;8;0;0;0;0;0;0;0;0;0;0;0;0;0;0;0;0;0;0;0;0;6.4;0;8;0;0;0;0;0;0;0;0;0;0;0;0;4.8;8;0;64.52244898;0;107.2;0;0;0;0;0;0;8;0;0;0;0;0;0;0;0;0;0;0;0;0;0;0;0;86.4;0;4.8;0;0;0;3.2;0;0;0;0;0;0;0;0;115.2;120;0;0;0;0;0;0;0;0.881632653;0;0;0;0;0;0;0;0;0;171.2;0;0;0;0;0;0;0;0;0;0;0;0;0;0;0;0;0;0;0;0;0;0;0;0;0;0;0;0;0;0;0;0;0;0;0;0;0;0;0;0;0;0;0;0;0;0;0;0;0.097959184;1.6;11.2;4.8;0;0;0;0;0;0;14.4;0;0;0;0;0;0;0;0;0;9.6;0;0;0;0;0;0;0;0;0;0;0;9.6;0;0;0;0;134.4;0;0;0;1.6;0;0;0;62.49795918;0;0;0;1.6;0;0;0;0;0;0;0;0;0;0;0;0;3.2;0;0;0;0;0;0;0;0;0;0;0;0;0;0;0;0;0;4.8;0;0;0;0;0;0;0;0;0;0;0;0
24;2021;WI;2021_WI;9;0;0;0;0;0;0;0;0;0;0;0;0;0;0;0;0;0;0;0;0;0;0;25.6;0;0;0;0;0;0;0;0;0;0;0;12.8;14.4;6.4;0;45.91020408;0;350.4;0;0;0;0;0;0;0;0;0;0;0;0;0;0;0;0;0;0;0;0;0;0;0;46.4;0;0;0;0;0;6.4;0;0;0;0;0;0;0;0;448;211.2;0;0;0;0;0;0;0;25.27346939;0;0;0;0;0;0;0;0;9.6;0;0;0;0;0;0;0;0;0;0;0;0;0;0;0;0;0;0;3.2;0;0;0;0;0;0;0;0;0;0;0;0;0;0;0;0;0;0;0;0;0;0;0;0;0;0;0;0;0;0;2.808163265;0;0;12.8;0;11.2;0;0;0;0;211.2;0;0;1.6;0;0;0;0;0;0;70.4;0;0;0;0;0;0;0;0;0;0;0;0;0;0;0;0;67.2;0;6.4;0;9.6;0;0;0;81.20816327;0;0;0;0;0;0;0;0;0;0;0;0;0;0;0;0;1.6;0;0;0;0;0;0;0;0;1.6;0;0;0;0;0;0;0;0;3.2;0;0;1.6;0;0;0;0;0;0;0;0;0
24;2022;AU;2022_AU;10;0;0;0;0;0;0;0;0;1.6;30.4;0;0;0;0;0;0;0;0;0;0;0;0;675.2;0;0;0;0;0;0;0;0;0;0;0;0;0;3.2;0;0.369230769;0;3.2;0;0;0;0;0;0;3.2;0;1.6;0;0;0;0;0;0;1.6;0;0;0;0;0;0;0;0;0;0;0;0;0;0;0;0;0;0;0;0;0;3.2;0;0;0;0;0;0;0;0;0;34.58461538;0;0;0;0;0;0;0;0;0;0;0;0;0;0;0;0;0;0;0;0;0;0;0;0;0;0;0;0;0;0;0;0;0;0;0;0;0;0;0;0;0;0;0;0;0;0;0;0;0;0;0;0;0;0;0;0;0;0;1.723076923;0;0;3.2;0;0;0;0;0;0;0;0;0;0;0;0;0;0;0;0;14.4;0;0;0;0;0;0;0;0;0;0;0;0;0;0;0;0;416;6.4;1.6;0;4.8;0;0;0;0;0;0;0;0;0;0;6.4;0;0;0;0;0;0;0;0;0;0;0;0;0;0;0;0;0;0;0;0;0;0;0;0.123076923;0;0;0;0;3.2;0;16;0;0;0;0;0;1.6;0;0;0
24;2022;SP;2022_SP;11;0;0;0;0;0;0;0;0;0;9.6;0;0;14.4;0;0;0;1.6;0;0;0;0;0;57.6;0;0;0;0;0;0;0;0;0;0;0;0;0;24;0;18.58969072;0;424;0;0;0;0;0;0;0;0;0;0;0;0;0;0;0;0;0;0;0;0;0;0;0;0;0;0;0;0;0;0;0;0;0;0;0;0;0;0;16;20.8;0;0;0;0;0;0;0;1.979381443;0;0;0;0;0;0;0;0;0;40;0;0;0;0;0;0;0;0;0;0;0;0;0;0;0;0;0;0;0;0;0;0;0;0;0;0;0;0;0;0;0;0;0;0;0;0;16;0;0;0;0;0;0;0;0;0;0;3.331958763;0.263917526;0;1.6;3.2;0;0;0;0;0;0;44.8;0;0;0;0;0;0;0;0;0;32;0;0;0;0;0;0;0;0;0;0;0;0;0;0;0;0;409.6;0;0;0;0;0;0;0;40.44536082;0;0;0;0;0;0;0;0;0;0;0;0;0;0;0;0;0;0;0;0;0;0;0;0;0;0;0;0;0;0;0.989690722;0;0;0;72;0;0;12.8;0;0;0;0;0;0;0;0;0
24;2022;WI;2022_WI;12;0;0;0;0;0;0;0;0;1.6;1.6;0;0;0;0;0;0;0;0;0;0;0;0;75.2;0;0;0;0;0;0;0;0;0;0;0;41.6;0;9.6;0;0;0;281.6;0;0;0;0;0;0;0;0;0;0;0;0;0;0;0;1.6;0;0;0;0;0;0;0;0;0;0;0;0;0;0;0;0;0;0;0;0;0;0;0;6.4;0;0;0;0;0;0;0;48;0;0;0;0;0;0;0;0;0;0;0;0;0;0;0;0;0;0;0;0;0;0;0;0;0;0;0;0;0;0;0;0;0;0;0;0;0;0;0;0;0;0;0;0;0;0;6.4;0;0;0;0;0;0;0;0;0;0;0;6.4;0;1.6;3.2;0;0;0;1.6;0;0;526.4;0;0;0;0;0;0;0;0;0;20.8;0;0;0;0;0;0;0;0;0;0;0;0;0;0;0;0;57.6;0;0;0;4.8;0;0;0;11.2;0;0;0;0;0;0;0;0;0;0;0;0;0;0;0;0;0;0;0;0;0;0;0;0;0;1.6;0;0;0;0;24;0;0;0;0;0;0;3.2;0;0;0;0;0;0;0;0;0
24;2023;SP;2023_SP;13;0;0;0;0;0;0;0;0;0;0;0;0;1.6;0;0;0;0;0;0;0;0;0;1.6;0;0;0;0;0;0;0;0;0;0;0;0;0;1.6;0;4.8;0;6.4;0;0;0;0;0;0;3.2;0;0;0;0;0;0;0;0;0;0;0;0;0;0;0;0;0;0;0;0;0;0;0;0;0;0;0;0;0;0;0;1.6;6.4;0;0;0;0;0;0;0;0;0;0;0;0;0;0;0;0;0;24;0;0;0;0;0;0;0;0;0;0;0;0;0;0;0;0;0;0;0;0;0;0;0;0;0;0;0;0;0;0;0;0;0;0;0;0;4.8;0;0;0;0;0;0;0;0;0;0;0;0;0;0;1.6;0;0;0;0;0;0;0;0;0;0;0;0;0;0;0;0;1.6;0;0;0;0;0;0;0;0;0;0;0;1.6;0;0;0;0;3.2;0;0;0;0;0;0;0;0;0;0;0;0;0;0;0;0;0;0;0;0;0;0;0;0;0;0;0;0;0;0;0;0;0;0;0;0;0;0;0;0;0;0;0;0;0;0;0;0;0;0;0;0;0;0;0
24;2023;WI;2023_WI;14;0;0;0;0;0;0;0;0;0;1.6;0;0;0;0;0;0;0;0;0;0;0;0;46.4;0;0;0;0;0;0;0;0;0;0;0;4.8;0;12.8;0;4.061538462;0;844.8;0;0;0;0;0;0;4.8;0;0;0;0;0;0;0;0;0;0;0;0;0;0;0;0;6.4;0;0;0;0;0;0;0;0;0;0;0;0;0;0;0;0;0;0;0;0;0;0;0;30.03076923;0;0;0;0;0;0;0;0;0;43.2;0;0;0;0;0;0;0;0;0;0;0;0;0;0;0;0;0;0;0;0;0;0;0;0;0;0;0;0;0;0;0;0;0;0;0;0;20.8;0;0;0;0;0;0;0;0;0;0;0;1.353846154;0;0;3.2;0;0;0;0;0;0;44.8;0;0;0;0;0;0;0;0;0;17.6;0;0;0;0;0;0;0;0;0;0;0;0;0;0;0;0;72;0;0;0;17.6;0;0;0;0;0;0;0;1.6;1.6;0;0;0;0;0;0;0;0;0;0;0;0;0;0;0;0;0;0;0;0;57.6;0;0;0;0;2.953846154;0;0;0;0;0;0;0;0;0;0;0;0;0;0;0;0
25;2018;AU;2018_AU;1;0;0;0;0;0;0;0;0;0;0;0;0;0;0;0;0;0;0;0;0;4;0;2.666666667;0;0;0;0;0;0;0;0;0;0;0;0;92;6.666666667;0;25.33333333;0;290.6666667;0;0;0;0;0;0;8;0;0;0;0;0;0;0;1.333333333;0;0;0;0;0;0;0;0;94.66666667;32;26.66666667;2.666666667;0;0;25.33333333;0;0;0;0;0;0;0;0;819.6696878;125.6636455;0;0;0;0;0;0;0;0;0;0;0;2.666666667;0;1.333333333;0;0;0;0;0;0;0;0;0;0;0;0;0;0;0;0;0;0;0;0;0;18.66666667;0;0;0;0;0;0;0;0;0;0;11.11111111;2.222222222;0;0;0;0;0;0;0;0;0;0;0;0;0;0;0;0;0;0;0;1.333333333;1.333333333;50.66666667;0;9.333333333;0;0;0;0;10.66666667;0;0;0;0;0;0;0;0;0;0;0;0;0;0;0;0;0;0;0;156;0;32;0;0;0;0;125.3333333;2.666666667;0;0;17.33333333;2.666666667;0;0;0;0;0;0;0;65.33333333;0;4;0;0;0;0;0;0;0;0;0;22.66666667;42.66666667;1.333333333;0;0;0;0;0;196;0;0;0;0;0;0;0;0;0;0;0;0;28;0;0;0;0;0;0;0;0;0
25;2019;WI;2019_WI;2;0;0;0;0;0;0;0;0;0;0;0;0;0;0;0;0;0;0;0;0;0;0;0;0;0;0;0;1.333333333;0;0;0;0;0;0;0;0;2.666666667;0;7.703703704;0;16;0;0;0;0;0;0;0;0;0;0;0;0;0;0;1.333333333;0;0;0;0;0;0;0;0;0;0;0;0;0;0;0;0;0;0;0;0;0;0;4;1.333333333;0;0;0;0;0;0;0;0;0;0;0;0;0;0;0;0;0;0;0;0;0;0;0;0;0;0;0;0;0;0;0;0;0;0;0;0;14.66666667;0;0;0;0;0;0;0;0;0;0;0;0;0;0;0;0;0;0;0;0;0;0;0;0;0;0;0;0;0;0.296296296;0;0;0;57.33333333;0;0;0;0;0;0;1.333333333;0;0;0;0;0;0;0;0;0;0;0;0;0;0;0;0;0;0;0;0;0;0;0;0;0;0;10.66666667;0;0;0;0;0;0;0;0;0;0;0;1.333333333;0;0;0;0;0;0;0;0;0;0;0;0;0;5.333333333;0;0;0;0;0;0;0;0;0;0;0;0;0;1.333333333;0;0;0;0;0;4;0;0;0;0;0;0;0;0;0
25;2019;SP;2019_SP;3;0;0;0;0;0;0;0;0;0;0;0;0;6.666666667;0;0;0;0;0;0;0;0;2.666666667;0;0;0;0;0;0;0;0;0;0;0;0;2.666666667;5.333333333;14.66666667;0;9.333333333;0;3284;0;0;0;0;0;4;0;0;0;0;0;0;0;0;0;0;0;0;0;0;0;1.333333333;0;0;4;1.333333333;0;0;0;0;0;0;0;0;0;0;0;1.333333333;59.47286822;65.86046512;0;0;1.333333333;0;0;0;0;0;0;0;0;5.333333333;0;0;0;0;0;0;0;0;0;0;0;0;0;0;0;0;0;0;0;1.333333333;0;0;0;4;0;0;0;0;0;0;0;4;0;0;0;0;0;0;0;0;0;0;2.666666667;0;0;0;0;0;0;0;0;0;0;1.333333333;0;0;0;28;0;0;0;0;0;0;82.66666667;2.666666667;56;0;0;0;0;0;0;0;5.333333333;0;0;0;0;0;0;0;0;0;0;0;0;0;0;0;0;17.33333333;0;0;0;16;0;0;0;0;0;0;0;0;0;0;6.666666667;0;0;0;0;0;0;0;0;0;0;5.333333333;0;0;0;0;0;0;0;5.333333333;0;0;0;0;0;1.333333333;0;0;1.333333333;0;0;10.66666667;0;0;0;0;0;1.333333333;0;0;0
25;2019;SU;2019_SU;4;0;0;0;0;4;0;0;0;0;0;0;0;0;0;0;0;0;0;0;0;0;0;0;0;0;0;0;0;0;0;0;0;0;0;0;1.333333333;1.333333333;0;0;0;26.66666667;0;0;0;0;0;0;0;0;6.666666667;0;0;0;0;0;0;0;0;0;0;0;0;0;0;2.666666667;0;0;0;0;0;0;0;0;0;0;0;0;0;0;100.6821705;20.65116279;0;0;0;0;0;0;0;0;0;0;0;0;0;0;0;0;0;0;0;0;0;0;0;0;0;0;0;0;0;0;0;0;0;0;0;0;0;0;0;0;0;0;0;0;0;0;0;0;0;0;0;0;0;0;0;0;0;0;0;0;0;0;0;0;0;0;0;0;0;2.666666667;0;0;0;0;0;0;0;1.333333333;0;0;0;2.666666667;0;0;0;0;0;0;0;0;0;0;0;0;0;0;0;0;0;0;0;0;0;0;0;0;0;0;0;0;0;0;0;0;0;0;0;0;0;0;0;0;0;0;0;0;0;0;0;0;0;0;0;0;0;0;0;0;0;0;0;0;0;1.333333333;0;0;0;0;0;1.333333333;0;0;0;0;0;6.666666667;0;0;0
25;2020;AU;2020_AU;5;0;0;0;0;0;0;0;0;0;0;0;0;0;0;0;0;0;0;0;0;8;0;243.2;0;0;0;0;0;0;0;0;0;0;0;0;0;0;0;0;0;134.4;0;0;0;0;0;0;8;0;1.6;0;0;0;0;0;0;0;0;0;0;0;0;0;0;3.2;0;1.6;0;0;0;41.6;0;0;0;0;0;0;0;0;67.2;393.6;0;0;0;0;0;0;0;0;0;0;0;1.6;0;1.6;0;0;0;4.8;0;0;0;0;0;0;0;0;0;0;0;0;0;0;0;0;0;0;0;0;0;0;0;0;0;0;0;0;0;0;0;0;0;0;0;0;0;0;0;0;0;0;0;0;0;0;0;0;0;0;0;4.8;0;3.2;3.2;0;0;0;0;1.6;0;0;0;0;0;0;0;0;4.8;0;0;0;0;0;0;0;0;0;0;0;0;0;0;0;0;304;3.2;0;0;8;1.6;0;0;0;0;0;0;0;0;0;1.6;0;0;0;0;0;0;0;0;0;27.2;0;0;0;0;0;0;0;0;0;0;0;0;0;0;0;0;0;0;0;0;4.8;0;0;0;0;0;20.8;0;0;0
25;2021;WI;2021_WI;6;0;0;0;0;0;0;0;0;0;0;0;0;0;0.551724138;0;0;0;0;0;0;4.8;0;108.8;0;0;0;0;0;0;0;0;0;0;1.6;1.6;0;0;0;4.689655172;0;814.4;0;0;0;0;0;0;3.2;0;0;0;0;0;0;0;0;0;0;0;0;0;0;0;0;28.8;0;0;4.8;0;0;0;0;0;0;0;0;0;0;0;89.6;665.6;0;0;0;0;0;0;0;15.00689655;0;0;0;0;0;0;0;0;0;0;0;0;0;0;0;0;0;0;0;0;0;0;0;0;0;0;0;0;0;0;0;0;0;0;0;0;0;0;0;0;0;0;0;0;0;0;0;0;0;0;0;0;0;0;0;0;0;0.275862069;0;0;0;3.2;0;6.4;1.6;0;0;0;12.8;0;0;0;0;0;0;0;0;0;0;0;0;0;0;0;0;0;0;0;0;0;1.6;0;0;0;0;65.6;0;0;0;16;0;0;0;1.875862069;0;0;0;0;0;0;1.6;0;0;0;0;0;0;0;0;0;3.2;3.2;0;0;0;0;0;0;0;0;0;0;0;0;0;0;0;0;1.6;0;0;8;0;0;0;0;0;3.2;0;0;0
25;2021;SP;2021_SP;7;0;0;0;0;0;0;0;0;0;0;0;0;1.6;0.331034483;0;0;0;0;0;0;44.8;1.6;140.8;0;0;0;0;0;0;0;0;0;0;0;0;0;24;0;28.4137931;0;2344;0;0;0;0;0;0;3.2;0;0;0;0;0;0;0;0;0;0;0;0;0;0;0;0;9.6;0;1.6;0;0;0;17.6;0;0;0;0;0;0;0;0;256;729.6;0;0;0;0;0;0;0;1.324137931;0;0;0;0;0;0;0;0;0;49.6;0;0;0;0;0;0;0;0;0;0;0;0;0;0;0;0;0;0;0;0;0;0;0;0;0;0;0;0;0;0;0;0;0;0;0;0;3.2;0;0;0;0;0;0;0;0;0;0;1.765517241;0;0;0;6.4;0;0;0;0;0;0;6.4;0;0;0;0;0;0;0;0;0;4.8;0;0;0;0;0;0;0;0;0;0;0;0;0;0;0;0;536;0;0;0;19.2;0;0;0;0.165517241;0;0;0;0;0;0;3.2;0;0;0;0;0;0;0;0;0;1.6;0;0;0;0;0;0;0;0;0;0;0;0;0;0;0;0;0;0;0;0;3.2;0;0;0;0;0;0;0;0;0
25;2021;SU;2021_SU;8;0;0;0;0;0;0;0;0;0;0;0;0;0;3.420689655;0;0;0;0;0;0;4.715789474;0.084210526;275.2;0;0;0;0;0;0;0;0;0;0;3.2;0;0;0;0;3.475862069;0;4897.6;0;0;0;0;0;0;3.2;0;0;0;0;0;0;0;0;0;0;0;0;0;0;0;0;0;0;0;0;0;0;0;0;0;0;0;0;0;0;0;51.2;505.6;0;0;0;0;0;0;0;0.882758621;0;0;0;0;0;0;0;0;0;3.2;0;0;0;0;0;0;0;0;0;0;0;0;0;0;0;0;0;0;0;0;0;0;0;0;0;0;0;0;0;0;0;0;0;0;0;0;0;0;0;0;0;0;0;0;0;0;0;0.110344828;0;0;1.6;1.6;0;3.2;0;0;0;0;0;1.6;0;0;0;0;0;0;0;0;24;0;0;0;0;0;0;0;0;0;0;0;14.4;0;0;0;0;1296;0;0;0;1.6;0;0;0;0.110344828;0;0;0;1.6;9.6;0;8;0;0;0;0;0;0;0;0;0;1.6;0;0;0;0;0;0;0;0;0;0;0;0;0;0;0;0;0;0;0;0;3.2;0;0;0;0;0;164.8;0;0;0
25;2021;AU;2021_AU;9;0;0;0;0;0;0;0;0;0;0;0;0;0;0;0;0;0;0;0;0;6.4;0;118.4;0;0;0;0;0;0;0;0;0;0;1.6;0;0;0;0;0;0;179.2;0;0;0;0;0;0;1.6;0;0;0;0;0;0;0;3.2;0;0;0;0;0;0;0;0;1.6;0;0;0;0;0;1.6;0;0;0;0;0;0;0;0;16;297.6;0;0;0;0;0;0;0;0;0;0;0;0;0;0;0;0;0;0;0;0;0;0;0;0;0;0;0;0;0;0;0;0;0;0;0;0;0;0;0;0;0;0;0;0;0;0;0;0;0;0;0;0;0;0;0;0;0;0;0;0;0;0;0;0;0;0;0;0;0;1.6;0;16;0;0;0;0;8;0;0;0;0;0;0;0;0;0;30.4;0;0;0;0;0;0;0;0;0;0;0;0;0;0;0;0;787.2;0;0;0;0;0;0;0;0;0;0;0;0;17.6;0;4.8;0;0;0;0;0;0;0;0;0;1.6;1.6;0;0;0;0;0;0;0;0;0;0;0;0;0;4.8;0;0;0;0;0;1.6;0;0;0;0;0;1.6;0;0;0
25;2022;WI;2022_WI;10;0;0;0;0;0;0;0;0;0;0;0;0;0;0.429850746;0;0;0;0;0;0;0;0;716.8;0;0;0;0;0;0;0;0;0;0;0;0;0;8;0;7.020895522;0;1689.6;0;0;0;0;0;0;1.6;0;0;0;1.6;0;0;0;0;0;0;0;0;0;0;0;0;4.8;0;0;0;0;0;1.6;0;0;0;0;0;0;0;0;108.8;1369.6;0;0;0;0;0;0;0;22.66268657;0;0;0;1.6;0;0;0;0;0;12.8;0;0;0;0;0;0;0;0;0;0;0;0;0;0;0;0;0;0;0;0;0;0;0;0;0;0;0;0;0;0;0;0;0;0;0;0;0;0;0;0;0;0;0;0;0;0;0;0.286567164;0;0;0;6.4;0;3.2;0;0;16;0;80;0;0;0;0;0;0;0;0;0;32;0;0;0;0;0;0;0;0;0;0;0;1.6;0;0;0;0;358.4;0;3.2;0;40;3.2;0;0;0;0;0;0;0;0;0;1.6;0;0;0;0;0;0;0;0;0;14.4;0;0;0;0;0;0;0;0;0;0;0;0;0;0;0;0;0;0;0;0;36.8;0;0;0;0;0;0;0;0;0
25;2022;SP;2022_SP;11;0;0;0;0;0;0;0;0;0;0;0;0;0;3.2;0;0;0;0;0;0;1.6;0;6.4;0;0;0;0;0;0;0;0;0;0;0;0;0;17.6;0;73.6;0;1433.6;0;0;0;0;0;0;0;0;0;0;0;0;0;0;0;0;0;0;0;0;0;0;0;0;0;0;0;0;0;1.6;0;0;0;0;0;0;0;0;51.2;1280;0;0;0;0;0;0;0;0;0;0;0;0;0;0;0;0;0;38.4;0;0;0;0;0;0;0;0;0;0;0;0;0;0;0;0;0;0;0;0;0;0;0;0;0;0;0;0;0;0;0;0;0;0;0;0;0;0;0;0;0;0;0;0;0;0;0;3.2;0;0;0;3.2;0;0;1.6;0;0;0;4.8;1.6;0;0;0;0;0;0;0;0;6.4;0;0;0;0;0;0;0;0;0;0;0;0;0;0;0;0;334.4;0;0;0;9.6;0;0;0;0;0;0;0;0;1.6;0;3.2;0;0;0;0;0;0;0;0;0;8;0;0;0;0;0;0;0;0;0;0;0;0;0;0;0;0;0;0;0;0;12.8;0;0;0;0;0;1.6;0;0;0
25;2022;SU;2022_SU;12;0;0;0;0;0;0;0;0;0;0;0;0;0;1.6;0;0;0;0;0;0;12.8;0;76.8;0;0;0;0;0;0;0;0;0;0;0;0;0;0;0;4.8;0;2745.6;0;0;0;0;0;0;4.8;0;0;0;0;0;0;0;0;0;0;0;0;0;0;0;0;0;0;1.6;0;0;0;4.8;0;0;0;0;0;0;0;0;108.8;736;0;0;0;0;0;0;0;0;0;0;0;0;0;0;0;0;0;17.6;0;0;0;0;0;0;0;0;0;0;0;0;0;0;0;0;0;0;0;0;0;0;0;0;0;0;0;0;0;0;0;0;0;0;0;0;0;0;0;0;0;0;0;0;0;0;0;0;0;0;0;0;0;1.6;0;0;16;0;0;3.2;0;0;0;3.2;0;0;0;0;0;0;0;0;0;0;0;0;0;0;0;0;1.6;0;0;0;0;1904;0;0;0;3.2;0;0;0;0;0;0;0;0;1.6;0;4.8;0;0;0;0;0;0;0;0;0;0;0;0;0;0;0;0;0;0;0;0;0;0;0;0;0;0;0;0;0;0;19.2;0;0;0;0;0;48;0;0;0
25;2022;AU;2022_AU;13;0;0;0;0;0;0;0;0;0;0;0;0;0;0;0;0;0;0;0;0;4.8;0;697.6;0;0;0;0;0;0;0;0;0;0;0;0;0;0;0;0;0;171.2;0;0;0;0;0;0;0;0;0;0;0;0;0;0;8;0;0;0;0;0;0;0;0;0;0;0;0;0;0;0;1.6;0;0;0;0;0;0;0;76.8;384;0;0;1.6;0;0;0;0;1.28;0;0;0;0;0;0;0;0;0;0;0;0;0;0;0;0;0;0;0;0;0;0;0;0;0;0;0;0;0;0;0;0;0;0;0;0;0;0;0;0;0;0;0;0;0;0;0;0;0;0;0;0;0;0;0;0;0;0;0;0;0;14.4;0;0;6.4;0;0;0;9.6;1.6;0;0;0;0;0;0;0;0;6.4;0;0;0;0;0;0;0;0;0;0;6.4;0;0;0;0;0;985.6;0;0;0;30.4;1.6;0;0;0;0;0;0;3.2;0;0;3.2;0;0;0;0;0;0;0;0;0;84.8;1.6;0;0;0;0;0;0;0;0;0;0;0;0;11.52;0;0;0;0;0;0;11.2;0;0;0;0;0;4.8;0;0;0
25;2023;WI;2023_WI;14;0;0;0;0;0;0;0;0;0;0;0;0;9.263157895;0;0;0;0;0;0;0;0;0;33.6;0;0;0;0;4.8;0;0;0;0;0;0;0;0;1.6;0;0;0;280;0;0;0;0;0;0;0;0;0;0;0;0;0;0;0;1.6;0;0;0;0;0;1.6;0;3.2;0;0;0;0;0;0;3.2;0;0;0;0;0;0;0;51.2;217.6;0;0;0;0;0;0;0;2.08;0;0;0;0;0;0;0;0;0;0;0;0;0;0;0;0;0;0;0;0;0;0;0;0;0;0;0;0;0;0;0;0;0;0;0;0;0;0;0;0;0;0;0;0;0;0;0;0;0;0;0;0;0;0;0;0;0;0;0;0;0;4.8;0;0;0;0;0;0;20.8;0;0;0;0;0;0;0;0;0;11.2;0;0;0;0;0;0;0;0;0;0;1.6;0;0;0;0;0;78.4;0;1.6;0;3.2;0;6.4;0;0;0;0;0;8;3.2;0;0;0;0;0;0;0;0;0;0;0;0;0;0;0;0;0;0;0;0;0;0;0;0;0;18.72;0;0;0;0;0;0;4.8;0;0;0;0;0;0;0;0;0
25;2023;SP;2023_SP;15;0;0;0;0;0;0;0;0;0;0;0;0;0;0;0;0;0;0;0;0;0;0;6.4;0;0;0;0;0;0;0;0;0;0;0;0;0;4.8;0;0;0;310.4;0;0;0;0;0;0;0;0;0;0;0;0;0;0;0;4.8;0;0;0;0;0;0;0;0;0;0;0;0;0;0;0;0;0;0;0;0;0;0;12.8;30.4;0;0;0;0;0;0;0;0;0;0;0;0;0;0;0;0;0;0;0;0;0;0;0;0;0;0;0;0;0;0;0;0;0;0;0;0;0;0;0;0;0;0;0;0;0;0;0;0;0;0;0;0;0;0;0;0;0;0;0;0;0;0;0;0;0;0;0;0;0;4.8;0;0;0;0;0;0;0;0;0;0;0;0;0;0;0;0;38.4;0;0;0;0;0;0;0;0;0;0;0;0;0;0;0;0;25.6;0;0;0;1.6;0;9.6;0;0;0;0;0;1.6;0;0;0;0;0;0;0;0;0;0;1.6;0;0;0;0;0;0;0;0;0;0;3.2;0;0;0;0;0;3.2;0;0;0;0;0;3.2;0;0;0;0;0;0;0;0;0
27;2018;AU;2018_AU;1;0;0;0;0;0;0;0;0;0;0;0;0;0;0;0;0;0;0;0;0;0;0;0;0;0;0;0;0;0;0;0;0;0;0;0;9.333333333;1.333333333;0;34.66666667;0;12;0;0;0;0;0;0;2.666666667;0;0;0;0;0;0;0;0;0;0;0;0;0;0;0;0;56;10.66666667;0;0;0;0;13.33333333;0;0;0;0;0;0;0;0;539.8811881;28.11881188;0;0;0;0;0;0;0;0;0;0;0;4;0;0;0;0;0;0;0;0;0;0;0;0;0;0;0;0;0;0;0;0;0;0;0;21.33333333;0;0;0;0;0;0;0;1.333333333;0;0;0;1.333333333;0;0;0;0;0;0;0;0;0;0;0;0;0;0;0;0;0;0;0;1.333333333;1.333333333;16;0;38.66666667;0;0;0;0;17.33333333;1.333333333;0;0;0;1.333333333;0;0;0;0;0;0;0;0;0;0;0;0;0;0;4;0;25.33333333;0;0;0;0;2.666666667;0;0;0;2.666666667;0;0;0;2.666666667;0;0;0;0;1.333333333;0;6.666666667;0;0;0;0;0;0;0;0;0;0;18.66666667;0;0;0;0;0;0;0;0;0;0;0;0;0;0;0;0;0;0;0;6.666666667;0;2.666666667;0;0;0;0;0;0;0
27;2019;SP;2019_SP;2;0;0;0;0;0;0;0;0;0;0;0;0;8;0;0;0;0;0;0;0;0;0;0;0;0;0;0;20.33333333;1;0;0;0;0;0;0;0;20;0;40;0;0;0;0;0;0;0;0;6.666666667;0;0;0;0;0;0;0;6.666666667;0;0;0;0;0;0;0;0;146.6666667;0;1.333333333;0;0;0;21.33333333;0;0;0;0;0;0;0;0;68;0;0;0;0;0;0;0;0;0;0;0;0;0;0;0;0;0;12;0;0;0;0;0;0;0;0;0;0;0;0;0;0;1.333333333;0;0;0;1.333333333;0;0;0;0;0;0;0;0;0;0;0;0;0;0;0;0;0;0;4;0;0;0;0;0;0;0;0;0;0;0;0;0;0;10.66666667;0;0;0;0;0;0;0;1.333333333;1.333333333;0;0;0;0;0;0;0;1.333333333;0;0;0;0;0;0;0;0;0;0;0;0;0;0;0;0;2.666666667;0;0;0;1.333333333;0;0;0;2.666666667;0;0;0;0;0;0;0;0;0;0;0;0;0;0;0;0;1.333333333;0;0;0;0;0;0;0;0;8;0;0;0;0;0;0;0;0;1.333333333;0;0;12;0;0;0;0;0;4;0;0;0
27;2019;SU;2019_SU;3;0;0;0;0;0;0;0;0;0;0;0;0;0;0;0;0;0;0;0;0;0;0;4;0;0;0;0;18.66666667;8;0;0;0;0;0;0;9.333333333;1.333333333;0;8;0;696;0;0;0;0;0;0;1.333333333;0;0;0;0;0;0;0;9.333333333;0;0;0;0;0;0;2.666666667;0;9.333333333;1.333333333;0;0;0;0;16;0;0;0;0;0;0;0;0;523.6708648;2.995801847;0;0;0;0;0;0;0;0;0;0;0;4;0;0;0;0;9.333333333;0;0;0;0;0;0;0;0;0;0;0;0;0;0;1.333333333;0;0;0;0;0;0;0;0;0;0;0;0;0;0;0;0;0;0;0;0;0;0;0;0;0;0;0;0;0;0;0;0;0;0;0;0;0;16;0;0;0;0;0;0;0;0;0;0;0;9.333333333;0;0;1.333333333;1.333333333;2.666666667;0;0;0;0;0;0;0;0;0;0;0;0;0;0;0;0;0;0;0;0;0;0;0;0;0;0;0;0;0;0;0;0;0;0;0;0;0;0;0;0;0;0;1.333333333;0;0;0;0;0;0;9.333333333;0;0;0;0;0;0;0;0;0;0;0;0;4;0;0;0;0;0;0;0;0;0
27;2020;SU;2020_SU;4;0;0;0;0;1.6;0;0;0;0;0;0;0;0;3.2;0;0;0;0;0;0;0;0;0;0;0;0;0;0;0;0;0;0;0;4.8;0;6.4;1.6;0;19.2;0;67.2;0;0;0;0;0;0;35.2;0;1.6;0;0;0;0;0;6.4;0;0;0;0;0;0;0;0;52.8;9.6;30.4;0;0;0;300.8;0;0;0;0;0;0;0;0;876.2486719;3661.351328;0;0;3.2;0;0;0;0;0;0;0;0;0;0;0;0;0;0;94.4;0;0;0;0;0;0;0;0;0;0;0;0;0;0;0;0;0;22.4;0;0;0;0;0;0;0;0;0;0;0;0;0;0;0;0;0;0;0;0;0;0;0;0;0;0;0;0;0;0;0;0;0;1.6;0;12.8;0;0;0;0;0;3.2;0;0;0;14.4;0;0;8;0;3.2;0;9.6;0;0;0;0;0;0;0;0;0;0;0;0;0;0;20.8;0;0;0;9.6;1.6;0;0;0;0;0;0;0;4.8;0;33.6;0;0;0;0;0;0;0;0;0;12.8;0;0;0;0;0;1.6;0;0;0;0;0;0;0;0;1.6;0;0;0;0;0;14.4;0;0;14.4;0;0;0;0;0;0
27;2021;WI;2021_WI;5;0;0;0;0;0;0;0;0;0;0;0;0;0;0;0;0;0;0;0;0;0;0;0;0;0;0;0;0;0;0;0;0;0;0;0;0;0;0;0;0;17.6;0;0;0;0;0;0;0;0;0;0;0;0;0;0;0;0;0;0;0;0;0;0;0;0;0;0;0;0;0;0;0;0;0;0;0;0;0;4.8;0;0;0;0;0;0;0;0;0;0;0;0;0;0;0;0;0;0;0;0;0;0;0;0;0;0;0;0;0;0;0;0;0;0;0;0;0;0;0;0;0;0;0;0;0;0;0;0;0;0;0;0;0;0;0;0;0;0;0;0;0;0;0;0;0;0;0;1.828571429;0;0;0;0;0;0;0;0;0;0;0;0;1.6;1.6;0;0;0;0;0;0;19.2;0;0;0;0;0;0;0;0;0;0;0;0;0;0;0;0;0;0;0;0;0;0;0;0;0.914285714;0;0;0;0;0;0;0;0;0;0;0;0;0;0;0;0;0;0;0;0;0;0;0;0;0;0;0;0;0;0;27.65714286;1.6;0;0;0;0;0;1.6;0;0;0;0;0;0;0;0;0
27;2021;SP;2021_SP;6;0;0;0;0;0;24;0;0;0;0;0;0;0;0;0;1.6;0;0;0;0;0;0;0;0;0;0;0;0;0;0;0;0;0;0;0;0;6.4;0;0;0;270.4;0;0;0;0;0;0;0;0;0;0;0;0;0;0;0;1.6;0;0;0;0;0;0;0;0;0;0;0;0;0;0;0;0;0;0;0;0;0;28.8;0;0;0;0;0;0;0;0;0;0;0;0;0;0;0;0;0;0;0;0;0;0;0;0;0;0;0;0;0;0;0;0;0;0;0;0;0;0;0;0;0;0;0;0;0;0;0;0;0;0;0;0;0;0;0;0;0;0;0;0;0;0;0;0;0;0;0;3.657142857;0;0;0;0;0;0;0;1.6;0;0;8;0;1.6;0;0;0;0;0;0;0;25.6;0;0;0;0;0;0;0;0;0;0;0;0;0;0;0;0;6.4;0;0;0;0;0;0;0;1.828571429;0;0;0;0;0;0;0;0;0;0;0;0;0;0;0;0;0;0;0;0;0;0;0;0;0;0;0;0;0;0;2.514285714;8;0;0;0;0;0;0;0;0;0;0;0;0;0;0;0
27;2022;WI;2022_WI;7;0;0;0;0;0;8;0;0;0;3.2;0;0;0;0;0;0;0;0;0;0;0;0;60.8;0;0;0;0;0;0;0;0;0;0;0;27.2;0;12.8;0;0;0;145.6;0;0;0;0;0;0;0;0;3.2;0;0;0;0;0;0;0;0;0;0;0;0;0;0;0;0;0;0;0;0;0;0;0;0;0;0;0;0;14.4;0;0;0;0;0;0;0;0;0;126.4;0;0;0;0;0;0;0;0;0;0;0;0;0;0;0;0;0;0;0;0;0;0;0;0;0;0;0;0;0;0;0;0;0;0;0;0;0;0;0;0;0;0;0;0;0;0;0;0;0;0;0;0;0;0;0;0;0;0;0;0;0;3.2;0;0;0;0;0;0;203.2;0;0;0;0;0;0;0;0;0;44.8;0;0;0;0;0;0;0;0;0;0;0;0;0;0;0;0;139.2;0;0;0;0;0;6.4;0;0;0;0;0;0;1.6;0;3.2;0;0;0;0;0;0;0;0;0;0;0;0;0;0;0;0;0;0;14.4;0;0;0;0;190.4;0;0;0;0;0;0;0;0;0;0;0;0;0;0;0;0
27;2022;SP;2022_SP;8;0;0;0;0;0;1.6;0;0;0;6.4;0;0;0;0;0;0;0;0;0;0;0;0;1.6;0;0;0;0;0;0;0;0;0;0;0;0;0;1.6;0;0;0;11.2;0;0;0;0;0;0;0;0;0;0;0;0;0;0;0;0;0;0;0;0;0;0;0;0;0;0;0;0;0;0;0;0;0;0;0;0;0;3.2;1.6;0;0;0;0;0;0;0;0;11.2;0;0;0;0;0;0;0;0;0;0;0;0;0;0;0;0;0;0;0;0;0;0;0;0;0;0;0;0;0;0;0;0;0;0;0;0;1.6;0;0;0;0;0;0;0;0;0;0;0;0;0;0;0;0;0;0;0;0;0;0;0;0;0;0;0;0;0;0;0;43.2;0;0;0;0;0;0;0;0;0;25.6;0;0;0;0;0;0;0;0;0;0;0;0;0;0;0;0;0;0;0;0;0;0;12.8;0;0;0;0;0;0;0;0;0;0;0;0;0;0;0;0;0;0;0;0;0;0;0;0;0;0;0;0;0;0;0;0;22.4;0;0;0;0;0;0;0;0;0;0;0;0;0;0;0;0
27;2023;WI;2023_WI;9;0;0;0;0;0;6.4;0;0;0;0;0;0;0;0;0;0;0;0;0;0;0;0;1.6;0;0;0;0;0;0;0;0;0;0;0;1.6;0;0;0;0;0;6.4;0;0;0;0;0;0;0;0;0;0;0;0;0;0;1.6;0;0;0;0;0;0;0;0;0;0;0;0;0;0;0;0;0;0;0;0;0;0;3.2;0;0;0;0;0;0;0;0;0;1.764102564;0;0;0;0;0;0;0;0;0;0;0;0;0;0;0;0;0;0;0;0;0;0;0;0;0;0;0;0;0;0;0;0;0;0;0;0;0;0;0;0;0;0;0;0;0;0;0;0;0;0;0;0;0;0;0;0;0;0;0;0;0;1.6;0;0;0;0;0;0;113.9368421;0;0;0;0;0;0;0;0;0;108.8;0;0;0;0;0;0;0;0;0;0;0;0;0;0;0;0;6.4;0;0;0;0;1.6;3.2;0;0;0;0;0;0;0;0;1.6;0;0;0;0;0;0;0;0;0;0;0;0;0;0;0;0;0;0;1.6;0;0;0;0;67.03589744;0;0;0;0;0;0;0;0;0;0;0;0;0;0;0;0
27;2023;SP;2023_SP;10;0;0;0;0;0;0;0;0;0;0;0;0;8;0;0;0;0;0;0;0;0;0;0;0;0;0;0;0;0;0;0;0;0;0;0;0;4.8;0;0;0;115.2;0;0;0;0;0;0;0;0;0;0;0;0;0;0;0;0;0;0;0;0;0;0;0;0;0;0;0;0;0;0;0;0;0;0;0;0;0;0;0;0;0;0;0;0;0;0;0;0;0;0;0;0;0;0;0;0;0;3.2;0;0;0;0;0;0;0;0;0;0;0;0;0;0;0;0;0;0;0;0;0;0;0;0;0;0;1.6;0;0;0;0;0;0;0;0;0;0;0;0;0;0;0;0;0;0;0;0;0;0;0;0;1.6;0;0;0;0;0;0;0;0;0;0;0;0;0;0;0;0;35.2;0;0;0;0;0;0;0;0;0;0;0;0;0;0;0;0;4.8;0;0;0;0;0;1.6;0;0;0;0;0;0;0;0;0;0;0;0;0;0;0;0;0;0;0;0;0;0;0;0;0;0;1.6;1.6;0;0;0;0;0;0;0;0;0;0;0;0;0;0;0;0;0;0;0;0;0
28;2018;AU;2018_AU;1;0;0;0;0;0;0;0;0;0;0;0;0;0;0;0;0;0;0;0;0;0;0;0;0;0;0;0;0;0;0;0;0;0;0;0;10.66666667;0;0;18.66666667;0;72;0;0;0;0;0;0;4;0;0;0;0;0;0;0;8;0;0;0;0;0;0;0;0;42.66666667;1.333333333;0;0;0;0;37.33333333;0;0;0;0;0;0;0;0;675.5433071;48.45669291;0;0;1.333333333;0;0;0;0;0;0;0;0;0;0;0;0;0;0;0;0;0;0;0;0;0;0;0;0;0;0;0;0;0;0;0;0;12;0;0;0;0;0;0;0;4;0;0;0;0;0;0;0;0;0;0;0;0;0;0;0;0;0;0;0;0;0;0;0;0;0;50.66666667;0;0;0;0;0;0;0;1.333333333;0;0;0;4;1.333333333;0;0;0;0;0;0;0;0;0;0;0;1.333333333;0;32;0;5.333333333;0;0;0;0;1.333333333;0;0;0;1.333333333;0;0;0;0;0;0;0;0;0;0;0;0;0;0;0;0;0;0;0;0;1.333333333;12;0;0;0;0;0;0;0;0;0;0;0;0;0;1.333333333;0;0;0;0;0;4;0;0;0;0;0;0;0;0;0
28;2023;WI;2023_WI;2;0;0;0;0;0;0;0;0;0;0;0;0;0;0;0;0;0;0;0;0;0;0;0;0;0;0;0;0;0;0;0;0;0;0;11.2;0;0;0;0;0;8;0;0;0;0;0;0;0;0;0;0;0;0;0;0;1.6;1.6;0;0;0;0;0;0;0;9.6;0;0;0;0;0;1.6;0;0;0;0;0;0;0;1.6;116.8;0;0;0;0;0;0;0;0;0;0;0;0;0;0;0;0;0;0;1.6;0;0;0;0;0;0;0;0;0;0;0;0;0;0;0;0;0;0;0;0;0;0;0;0;0;0;0;0;0;0;0;0;0;0;0;0;1.6;0;0;0;0;0;0;0;0;0;0;0;0;0;0;6.4;0;0;0;0;0;0;38.4;0;0;0;0;0;0;0;0;0;16;0;0;0;0;0;0;0;0;0;0;0;0;0;0;0;0;8;0;0;0;0;0;1.6;0;0;0;0;0;4.8;6.4;0;0;0;0;0;0;0;0;0;0;0;9.6;0;0;0;0;0;0;0;0;0;0;0;0;0;11.2;0;0;0;0;0;0;0;0;0;1.6;0;0;0;0;0;0
28;2023;SP;2023_SP;3;0;0;0;0;0;6.4;0;0;0;0;0;0;0;0;0;0;0;0;0;0;0;0;0;0;0;0;0;0;0;0;0;0;0;0;0;0;1.6;0;0;0;59.2;0;0;0;0;0;0;0;0;0;0;0;0;0;0;0;0;0;0;0;0;0;0;0;0;0;0;0;0;0;0;0;0;0;0;0;0;0;3.2;17.6;0;0;0;0;0;0;0;0;0;0;0;0;0;0;0;0;0;0;0;0;0;0;0;0;0;0;0;0;0;0;0;0;0;0;0;0;0;0;0;0;0;0;0;0;0;0;0;0;0;0;0;0;0;0;0;0;0;0;0;0;0;0;0;0;0;0;0;0;0;0;1.6;0;0;0;0;0;0;0;0;0;0;0;0;0;0;0;0;11.2;0;0;0;0;0;0;0;0;0;0;0;0;0;0;0;0;0;0;0;0;0;0;4.8;0;0;0;0;0;0;0;0;0;0;0;0;0;0;0;0;0;0;0;0;0;0;0;0;0;0;0;0;0;0;0;0;8;1.6;0;0;0;0;0;3.2;0;0;0;0;0;0;0;0;0
29;2023;SP;2023_SP;1;0;0;0;0;0;0;0;0;0;0;0;0;0;0;0;0;0;0;0;0;0;0;0;0;0;0;0;0;0;0;0;0;0;0;0;0;0;0;1.6;0;9.6;0;0;0;0;0;0;0;0;0;0;0;0;0;0;0;0;0;0;0;0;0;0;0;0;0;0;0;0;0;0;0;0;0;0;0;0;0;0;0;0;0;0;0;0;0;0;0;0;0;0;0;0;0;0;0;0;0;0;0;0;0;0;0;0;0;0;0;0;0;0;0;0;0;0;0;0;0;0;0;0;0;0;0;0;0;0;0;0;0;0;0;0;0;0;0;0;0;0;0;0;0;0;0;0;0;0;0;0;0;9.6;0;0;0;0;0;0;0;0;0;0;0;0;0;0;0;0;30.4;0;0;0;0;0;0;0;0;0;0;0;0;0;0;0;0;0;0;0;0;0;0;1.6;0;0;0;0;0;1.6;0;0;0;0;0;0;0;0;0;0;1.6;0;0;0;0;0;0;0;0;0;0;0;0;0;0;0;0;0;0;0;0;0;0;0;0;0;0;0;0;0;0;0;0
30;2018;AU;2018_AU;1;0;0;0;0;0;0;0;0;0;0;0;0;0;0;0;0;0;0;0;0;0;0;486.6666667;0;0;0;0;21.33333333;0;0;0;0;0;0;0;0;0;0;1.333333333;0;13.33333333;0;0;0;0;0;0;44;0;0;0;0;0;0;0;12;0;0;0;0;0;0;0;0;72;0;1.333333333;0;0;0;40;0;0;0;0;0;0;0;0;1909.333333;0;0;0;0;0;0;0;0;0;0;0;0;0;0;0;0;0;0;0;0;0;0;0;0;0;0;0;0;0;0;0;0;0;0;0;0;0;0;0;0;0;0;0;0;0;0;0;0;0;0;0;0;0;0;0;0;0;0;0;0;0;0;0;0;0;0;0;0;0;1.333333333;21.33333333;0;0;0;0;0;0;0;2.666666667;0;0;0;0;0;0;0;0;0;0;0;0;0;0;0;0;0;0;12;0;13.33333333;0;0;0;0;52;0;0;0;0;0;0;0;0;0;0;0;0;2.666666667;0;0;0;0;0;0;0;0;0;0;0;38.66666667;1.333333333;0;0;0;0;0;0;40;0;0;0;0;0;0;6.666666667;0;1.333333333;0;0;0;33.33333333;0;0;0;0;0;0;0;0;0
30;2019;WI;2019_WI;2;0;0;0;0;0;0;0;0;0;0;0;0;0;0;0;0;0;0;0;0;0;0;0;0;0;0;0;45.33333333;0;0;0;0;0;0;0;0;8;0;361.5652174;0;545.3333333;0;0;0;0;0;0;25.33333333;0;0;0;0;0;0;0;2.666666667;0;0;0;0;0;0;0;0;434.6666667;0;0;0;0;0;242.6666667;0;0;0;0;0;0;0;0;821.3333333;0;0;0;0;0;0;0;0;0;0;0;0;0;0;0;0;0;30.66666667;0;0;0;0;0;0;0;0;0;0;0;0;0;0;0;0;0;0;0;0;0;0;0;0;0;0;0;0;0;1.333333333;0;0;0;0;0;0;0;0;0;0;0;0;0;0;0;0;0;0;0;0;0;4;89.33333333;0;0;0;0;0;0;596;0;0;0;0;0;0;0;0;0;0;0;0;0;0;0;0;0;0;0;0;0;14.66666667;0;0;0;0;68;0;0;0;0;0;0;0;39.76811594;0;0;0;25.33333333;37.33333333;0;0;0;0;0;0;0;0;0;0;0;21.33333333;0;0;0;0;0;0;0;17.33333333;0;0;0;0;0;0;1.333333333;0;0;0;0;0;49.33333333;0;0;0;0;0;0;0;0;0
30;2019;SP;2019_SP;3;0;0;0;0;0;0;0;0;0;0;0;0;0;0;0;0;0;0;0;0;0;0;0;0;0;0;0;4;0;0;0;0;0;0;0;0;2.666666667;0;76;0;0;0;0;0;0;0;0;28;0;0;0;0;0;0;0;0;0;0;0;0;0;0;0;0;85.33333333;0;2.666666667;0;0;0;176;0;0;0;0;0;0;0;0;420;0;0;0;0;0;0;0;0;0;0;0;0;0;0;0;0;0;0;0;0;0;0;0;0;0;0;0;0;0;0;0;0;0;0;0;0;0;0;0;0;0;0;0;0;0;0;0;0;0;0;0;0;0;0;0;0;0;0;0;0;0;0;0;0;0;0;0;0;0;1.333333333;76;0;0;0;0;0;0;0;0;0;0;0;0;0;0;0;0;10.66666667;0;0;0;0;0;0;0;0;0;0;0;0;0;0;0;0;108;0;0;0;0;0;0;0;5.333333333;0;0;0;0;17.33333333;0;0;0;0;0;0;0;0;0;0;0;5.333333333;0;0;0;0;0;0;0;0;0;0;0;0;0;0;0;0;0;6.666666667;0;0;54.66666667;0;0;0;0;0;0;0;0;0
30;2019;SU;2019_SU;4;0;0;0;0;0;0;0;0;0;0;0;0;0;0;0;0;0;0;0;0;0;0;0;0;0;0;0;1.333333333;0;0;0;0;0;0;0;0;0;0;34.66666667;0;36;0;0;0;0;0;0;30.66666667;0;0;1.333333333;0;0;0;0;1.333333333;0;0;0;0;0;0;0;0;21.33333333;0;0;0;0;0;30.66666667;0;0;0;0;0;0;0;0;6386.47941;1.520590336;0;0;0;0;0;0;0;0;0;0;0;0;0;0;0;0;0;0;0;0;0;0;0;0;0;0;0;0;0;0;0;0;0;0;0;6.666666667;0;0;0;0;0;0;0;0;0;0;0;0;0;0;0;0;0;0;0;0;0;0;0;0;0;0;0;0;0;0;0;0;2.666666667;1.333333333;0;0;0;0;0;0;1.333333333;0;0;0;0;0;0;0;0;0;2.666666667;0;0;0;0;0;0;0;0;0;0;0;20;0;0;0;0;36;0;0;0;0;0;0;0;0;0;0;0;0;13.33333333;0;0;0;0;0;0;0;0;0;0;0;1.333333333;0;0;0;0;0;0;0;46.66666667;0;0;0;0;0;0;0;0;0;0;0;0;2.666666667;0;0;0;0;0;0;0;0;0
30;2020;SU;2020_SU;5;0;0;0;0;0;0;0;0;0;0;0;0;0;0;0;0;0;0;0;0;0;0;0;0;0;0;0;0;0;0;0;0;0;0;0;0;0;1.6;178.3232877;0;214.4;0;0;0;0;0;0;265.6;0;0;0;0;0;0;0;12.8;0;0;0;0;0;0;0;0;33.6;0;1.6;0;0;0;691.2;0;0;0;0;0;0;0;0;6235.083123;100.9168766;0;0;0;0;0;0;0;0;0;0;0;0;0;0;0;0;0;0;0;0;0;0;0;0;0;0;0;0;0;0;0;0;0;0;0;9.6;0;0;0;0;0;0;0;0;0;0;12.8;0;0;0;0;0;0;0;0;0;0;0;0;0;0;0;0;0;0;0;0;6.4;12.8;100.8;0;0;0;0;0;0;1.6;16;0;0;0;0;0;0;0;0;14.4;0;0;0;0;0;0;0;0;0;0;0;12.8;0;0;0;0;768;0;0;0;0;0;0;0;2.476712329;0;0;0;0;1128;0;0;0;0;0;0;0;0;0;0;0;6.4;0;0;0;0;0;0;0;0;0;0;0;0;0;0;3.2;0;0;0;0;0;62.4;0;0;0;0;0;0;0;0;0
30;2020;AU;2020_AU;6;0;0;0;0;0;0;0;0;0;0;0;0;0;0;0;4.8;0;0;0;0;0;0;0;0;0;0;0;0;0;0;0;0;2.133333333;4.266666667;0;0;0;0;3.413333333;0;33.6;0;0;0;0;0;0;147.2;0;0;0;0;0;0;0;0;0;0;0;0;0;0;0;0;14.4;0;0;0;0;0;16;0;0;0;0;0;0;0;0;201.6;0;0;0;0;0;0;0;0;0;0;0;0;0;0;0;0;0;8;0;0;0;0;0;0;0;0;0;0;0;0;0;0;0;0;0;0;1.6;0;0;0;0;0;0;0;0;0;0;0;0;0;0;0;0;0;0;0;0;0;0;0;0;0;0;0;0;0;0.426666667;0;0;3.2;75.2;0;0;0;0;0;0;195.2;0;0;0;0;0;0;0;0;0;11.2;0;0;0;0;0;0;0;0;0;0;0;0;0;0;0;0;848;0;0;0;0;0;0;0;12.16;0;0;0;40;233.6;0;76.8;0;0;0;0;0;0;0;0;0;88;0;0;0;0;0;0;0;0;0;0;0;0;0;0;1.6;0;0;0;0;0;35.2;0;0;0;0;0;0;0;0;0
30;2021;WI;2021_WI;7;0;0;0;0;0;0;0;0;0;0;0;0;0;0;0;3.2;0;0;0;0;0;0;0;0;0;0;0;0;0;0;0;0;0;0;0;0;20.8;0;57.6;0;1742.4;0;0;0;0;0;0;184;0;0;0;0;0;0;0;3.2;0;0;0;0;0;0;0;0;41.6;0;0;8;0;0;24;0;0;0;0;0;0;0;0;86.4;1.6;0;0;0;0;0;0;0;0;0;0;0;0;0;0;0;0;0;0;0;0;1.6;0;0;0;0;0;0;0;0;0;0;0;0;0;0;6.4;0;0;0;0;0;0;0;0;0;0;0;0;0;0;0;0;0;0;0;0;0;0;0;0;0;0;0;0;0;7.2;0;0;14.4;104;0;0;0;0;0;0;401.6;0;0;0;0;0;0;0;0;0;6.4;0;0;0;0;0;0;0;0;0;0;0;0;0;0;0;0;8563.2;0;0;0;0;1.6;0;0;165.6;0;0;0;76.8;120;0;859.2;0;0;0;0;0;0;0;0;0;28.8;0;0;0;0;0;0;0;0;0;0;0;0;0;0;0;0;0;0;0;0;28.8;0;0;0;0;0;0;0;0;0
30;2021;SP;2021_SP;8;0;0;0;0;0;0;0;0;0;0;0;0;33.6;0;0;0;0;0;0;0;0;0;0;0;0;0;0;0;0;0;0;0;1.066666667;2.133333333;0;0;41.6;0;56.85333333;0;1190.4;0;0;0;0;0;0;96;0;0;0;0;0;0;0;0;0;0;0;0;0;0;0;0;11.2;0;1.6;0;0;0;17.6;0;0;0;0;0;0;0;0;46.4;0;0;0;0;0;0;0;0;0;0;0;0;0;0;0;0;0;0;0;0;0;0;0;0;0;0;0;0;0;0;0;0;0;0;0;0;0;0;0;0;0;1.6;0;0;0;0;0;0;0;0;0;0;0;0;0;0;0;0;0;0;0;0;0;0;0;0;8.106666667;0;0;1.6;60.8;0;0;0;0;0;0;6.4;1.6;0;0;0;0;0;0;0;0;3.2;0;0;0;0;0;0;0;0;0;0;0;0;0;0;0;0;787.2;0;0;0;0;0;0;0;152.64;0;0;0;43.2;1.6;0;283.2;0;0;0;0;0;0;0;0;0;11.2;0;0;0;0;0;0;0;0;0;0;0;0;0;0;1.6;0;0;0;0;0;70.4;0;0;0;0;0;0;0;0;0
30;2021;SU;2021_SU;9;0;0;0;0;0;0;0;0;0;0;0;0;0;0;0;4.8;0;0;0;0;0;0;0;0;0;0;0;0;0;0;0;0;0;0;0;0;11.2;0;8;0;193.6;0;0;0;0;0;0;123.2;0;0;0;0;0;0;0;0;0;0;0;0;0;0;0;0;0;0;0;0;0;0;3.2;0;0;0;0;0;0;0;0;0;0;0;0;0;0;0;0;0;0;0;0;0;0;0;0;0;0;0;0;0;0;1.6;0;0;0;0;0;0;0;0;0;0;0;0;0;0;1.6;0;0;0;0;0;0;0;0;0;0;0;0;0;0;0;0;0;0;0;0;0;1.6;1.6;0;0;0;0;0;0;0;0;0;1.6;276.8;0;0;0;0;0;0;0;3.2;0;0;0;0;0;0;0;0;19.2;0;0;0;0;0;0;0;0;0;0;0;1.6;0;0;0;0;1008;0;0;0;0;0;0;0;0;0;0;0;51.2;33.6;0;196.8;0;0;0;0;0;0;0;0;0;4.8;0;0;0;0;0;0;0;0;0;0;0;0;0;0;0;0;0;0;0;0;19.2;0;0;1.6;0;0;0;0;0;0
30;2021;AU;2021_AU;10;0;0;0;0;0;0;0;0;0;0;0;0;0;0;1.6;0;0;0;0;0;0;0;0;0;0;0;0;0;0;0;0;0;0;0;0;0;0;0;0;0;6.4;0;0;0;0;0;0;27.2;0;0;0;0;0;0;0;0;0;0;0;0;0;0;0;0;0;0;0;0;0;0;0;0;0;0;0;0;0;0;0;1.6;0;0;0;0;0;0;0;0;0;0;0;0;0;0;0;0;0;0;0;0;0;0;0;0;0;0;0;0;0;0;0;0;0;0;0;0;0;0;0;0;0;0;0;0;0;0;0;0;0;0;0;0;0;0;0;0;0;0;0;0;0;0;0;0;0;0;0;0;0;6.4;148.8;0;0;0;0;0;0;4.8;0;0;0;0;0;0;0;0;0;9.6;0;0;0;0;0;0;0;0;0;0;0;0;0;0;0;0;1100.8;0;0;0;0;0;0;0;0;0;0;0;251.2;4.8;0;537.6;0;0;0;0;0;0;0;0;0;11.2;0;0;0;0;0;0;0;0;0;0;0;0;0;0;1.6;0;0;0;0;0;20.8;0;0;1.6;0;0;0;0;0;0
30;2022;WI;2022_WI;11;0;0;0;0;0;0;0;0;0;1.6;0;0;0;0;0;0;0;0;0;0;0;0;0;0;0;0;0;0;0;0;0;0;0;0;38.4;0;140.8;0;35.33774834;0;15372.8;0;0;0;0;0;0;30.4;0;0;0;0;0;0;0;0;0;0;0;0;0;0;0;0;4.8;0;0;0;0;0;0;0;0;0;0;0;0;0;0;0;0;0;0;0;0;0;0;0;0.307284768;0;0;0;0;0;0;0;0;0;0;0;0;0;0;0;0;0;0;0;0;0;0;0;0;0;0;0;0;0;0;0;0;0;0;0;0;0;0;0;0;0;0;0;0;0;0;0;0;0;0;0;0;0;0;0;0;0;0;0;0;3.2;384;0;0;0;0;12.8;0;1049.6;0;0;0;0;0;0;0;0;0;0;0;0;0;0;0;0;0;0;0;0;0;0;0;0;0;0;704;0;0;0;24;0;0;0;3.38013245;0;0;0;384;76.8;0;579.2;0;0;0;0;0;0;0;0;0;38.4;0;0;0;0;0;0;0;0;0;0;0;0;0;44.17483444;6.4;0;0;0;0;0;3.2;0;0;6.4;0;0;0;0;0;0
30;2022;SP;2022_SP;12;0;0;0;0;0;0;0;0;0;0;0;0;144;0;0;0;0;0;0;0;0;0;0;0;0;0;0;0;0;0;0;0;0;0;0;0;208;0;185.218543;0;3204.8;0;0;0;0;0;0;83.2;0;0;0;0;0;0;0;0;0;0;0;0;0;0;0;0;0;0;0;0;0;0;3.2;0;0;0;0;0;0;0;25.6;3.2;0;0;0;0;0;0;0;0;1.610596026;0;0;0;0;0;0;0;0;36.8;0;0;0;0;0;0;0;0;0;0;0;0;0;0;0;0;0;0;0;0;0;0;0;0;0;0;0;0;0;0;0;0;0;0;0;0;0;0;0;0;0;0;0;0;0;0;0;0;0;0;0;1.6;449.6;0;0;0;0;0;0;30.4;1.6;0;0;0;0;0;0;0;0;38.4;0;0;0;0;0;0;0;0;0;0;0;6.4;0;0;0;0;1484.8;0;0;0;0;0;0;0;17.71655629;0;0;0;102.4;24;0;486.4;0;0;0;0;0;0;0;0;0;24;0;0;0;0;0;0;0;0;0;0;0;0;0;1.854304636;6.4;0;0;0;0;0;65.6;0;0;0;0;0;0;0;0;0
30;2022;AU;2022_AU;13;0;0;0;0;0;0;0;0;1.6;14.4;0;0;0.306586826;0;0;0;0;3.2;0;0;0;0;0;0;0;0;0;0;0;0;0;0;0;0;0;0;1.6;0;23.34414414;0;8;0;0;0;0;0;0;8;0;0;0;0;0;0;0;0;3.2;0;0;0;0;0;0;0;0;0;0;0;0;0;0;0;0;0;0;0;0;0;0;6.4;0;0;0;0;0;0;0;0;239.1279279;0;0;0;0;0;0;0;0;0;0;0;0;1.6;0;0;0;0;0;0;0;0;0;0;0;0;0;0;0;0;0;0;0;0;0;0;0;0;0;0;0;0;0;0;0;0;0;0;0;0;0;0;0;0;0;0;0;0;0;0.295495495;0;0;16;0;0;0;0;0;0;6.093413174;0;0;0;0;0;0;0;0;0;33.6;0;0;0;0;0;0;0;0;0;0;0;0;0;0;0;0;1241.6;0;0;0;0;0;0;0;0;0;0;0;8;3.2;0;204.8;0;0;0;0;0;0;0;0;0;4.8;0;0;0;0;0;0;0;0;0;0;0;0;0;4.432432432;4.8;0;0;0;0;0;12.8;0;0;14.4;0;0;0;0;0;0
30;2023;WI;2023_WI;14;0;0;0;0;0;0;0;0;0;4.8;0;0;0.383233533;0;0;0;0;0;0;0;0;0;0;0;0;0;0;0;0;0;0;0;0;0;1.6;0;8;0;41.56396396;0;492.8;0;0;0;0;0;0;19.2;0;0;0;0;0;0;0;1.6;0;0;0;0;0;0;0;0;0;0;0;0;0;0;0;0;0;0;0;0;0;0;0;8;0;0;0;0;0;0;0;0;68.41801802;0;0;0;0;0;0;0;0;0;0;0;0;1.6;0;0;0;0;0;0;0;0;0;0;0;0;0;0;0;0;0;0;0;0;0;0;0;0;0;0;0;0;0;0;0;0;0;24;0;0;0;0;0;0;0;0;0;0;0;2.126126126;0;0;4.8;0;0;0;0;3.2;0;258.8167665;0;0;0;0;0;0;0;0;0;17.6;0;0;0;0;0;0;0;0;0;0;0;0;0;0;0;0;36.8;0;0;0;0;0;0;0;0;0;0;0;11.2;14.4;0;8;0;0;0;0;0;0;0;0;0;17.6;0;0;0;0;0;0;0;1.6;0;0;0;0;0;31.89189189;1.6;0;0;0;0;0;0;0;0;6.4;0;0;0;0;0;0
30;2023;SP;2023_SP;15;0;0;0;0;0;0;0;0;3.2;0;0;0;12.8;0;0;0;0;0;0;0;0;0;0;0;0;0;0;0;0;0;0;0;0;0;0;0;1.6;0;128.1081081;0;14.4;0;0;0;0;0;0;22.4;0;0;0;0;0;0;0;3.2;0;0;0;0;0;0;0;0;1.6;0;0;0;0;0;35.2;0;0;0;0;0;0;0;0;32;0;0;0;0;0;0;0;0;2.745945946;0;0;0;0;0;0;0;0;3.2;0;0;0;0;0;0;0;0;0;0;0;0;0;0;0;0;0;0;0;0;0;0;0;0;0;0;0;0;0;0;0;0;0;0;0;0;0;6.4;0;0;0;0;0;0;0;0;0;0;0;0.021621622;0;0;8;0;0;0;0;0;0;4.8;0;0;0;0;0;0;0;0;0;52.8;0;0;0;0;0;0;0;0;0;0;0;1.6;0;0;0;0;28.8;0;0;0;1.6;0;3.2;0;0;0;0;0;0;0;0;9.6;0;0;0;0;0;0;0;0;0;9.6;0;0;0;0;0;0;0;0;0;0;0;0;0;0.324324324;0;0;0;0;0;0;9.6;0;0;0;0;0;0;0;0;0
31;2018;AU;2018_AU;1;0;0;0;0;0;0;0;0;0;0;0;0;0;0;0;0;0;1.333333333;0;0;0;0;0;0;0;0;0;22.66666667;0;0;0;0;0;0;0;0;18.66666667;0;0;0;266.6666667;0;0;0;0;0;0;0;0;0;0;0;0;0;0;34.66666667;0;0;0;0;0;0;0;0;45.33333333;0;0;0;0;0;4;0;0;0;0;0;0;0;0;816;0;0;0;0;0;0;0;0;0;0;0;0;0;0;0;0;0;0;0;0;0;0;0;0;0;0;0;0;0;0;0;0;0;0;0;0;0;0;0;0;0;0;0;0;0;0;0;0;0;0;0;0;0;0;0;0;0;0;0;0;0;0;0;0;0;0;0;0;0;0;128;0;0;6.666666667;0;0;0;2.666666667;0;0;0;0;0;0;0;0;0;0;0;0;0;0;0;0;2.666666667;0;0;0;0;10.66666667;0;0;0;0;257.3333333;0;0;0;2.666666667;0;0;0;0;0;0;0;1.333333333;44;0;0;0;0;0;0;0;0;0;0;0;24;6.666666667;0;0;0;0;0;0;0;0;0;0;0;0;0;0;0;0;0;0;0;36;0;4;0;0;0;0;0;0;0
31;2019;WI;2019_WI;2;0;0;0;0;0;0;0;0;0;0;0;0;0;0;0;0;0;0;0;0;0;0;0;0;0;0;0;56;0;0;0;0;0;0;0;0;104;0;0;0;897.3333333;0;0;0;0;0;0;2.666666667;0;0;0;0;0;0;0;28;0;0;0;0;0;0;0;0;68;0;0;0;0;0;50.66666667;0;0;0;0;0;0;0;0;3931.371648;44.62835249;0;0;0;0;0;0;0;0;0;0;0;0;0;0;0;0;5.333333333;0;0;0;0;0;0;0;0;0;0;0;0;0;0;0;0;0;0;0;0;0;0;0;0;0;0;0;0;0;6.666666667;0;0;0;0;0;0;0;0;0;0;0;0;0;0;0;0;0;0;0;0;0;0;0;0;0;0;0;0;0;150.6666667;0;0;0;0;0;0;0;0;0;0;0;0;0;0;0;0;0;0;0;0;0;0;0;0;0;0;381.3333333;0;0;0;18.66666667;0;0;40;8;0;0;0;0;38.66666667;0;0;0;0;0;0;0;0;0;0;0;25.33333333;24;0;0;0;0;0;0;0;0;0;0;0;0;0;1.333333333;0;0;0;0;0;49.33333333;0;1.333333333;0;0;0;0;0;0;6.666666667
31;2019;SU;2019_SU;3;0;0;0;0;0;0;0;0;0;0;0;0;0;0;0;0;0;0;0;0;0;0;0;0;0;0;0;0;0;0;0;0;0;0;0;0;0;0;0;0;20;0;0;0;0;0;0;0;0;0;0;0;0;0;0;1.333333333;0;0;0;0;0;0;0;0;5.333333333;0;0;0;0;0;8;0;0;0;0;0;0;0;0;624;0;0;0;0;0;0;0;0;0;0;0;0;0;0;0;0;0;0;0;0;0;0;0;0;0;0;0;0;0;0;0;0;0;0;0;0;0;0;0;0;0;0;0;0;0;0;0;0;0;0;0;0;0;0;0;0;0;0;0;0;0;0;0;0;0;0;0;0;0;0;2.666666667;0;0;0;0;0;0;0;0;0;0;0;0;0;0;0;0;2.666666667;0;0;0;0;0;0;0;0;0;0;0;2.666666667;0;0;0;0;0;0;0;0;0;0;0;0;0;0;0;0;0;4;0;0;0;0;0;0;0;0;0;0;0;0;2.666666667;0;0;0;0;0;0;0;0;0;0;0;0;0;0;0;0;0;0;0;1.333333333;0;0;0;0;0;0;0;0;0
31;2020;SU;2020_SU;4;0;0;0;0;0;0;0;0;0;0;0;0;0;0;0;0;0;0;0;0;0;0;0;0;0;0;0;0;0;0;0;0;0;0;0;3.2;0;0;6.4;0;19.2;0;0;0;0;0;0;0;0;0;0;0;0;0;0;0;0;0;0;0;0;0;0;0;59.2;0;0;0;0;0;102.4;0;0;0;0;0;0;0;0;1539.2;19.2;0;0;0;0;0;0;0;0;0;0;0;0;0;0;0;0;4.578461538;0.221538462;0;0;0;0;0;0;0;0;0;0;0;0;0;0;0;0;0;0;0;0;0;0;0;0;0;0;0;0;1.6;0;0;0;0;0;0;0;0;0;0;0;0;0;0;0;0;0;0;0;0;0;0;3.2;0;0;0;0;0;0;0;0;0;0;0;0;0;0;0;0;0;0;0;0;0;0;0;0;0;0;0;0;0;0;0;0;0;88;0;0;0;1.6;0;0;0;0;0;0;0;0;9.6;0;0;0;0;0;0;0;0;0;0;0;0;0;4.8;0;0;0;0;0;0;0;0;0;0;0;0;0;0;0;0;0;0;12.8;0;0;0;0;0;0;0;0;0
31;2020;AU;2020_AU;5;0;0;0;0;0;0;0;0;0;0;0;0;0;0;0;0;0;0;0;0;0;0;0;0;0;0;0;0;0;0;0;0;0;1.6;0;0;1.6;0;3.709090909;0;25.6;0;0;0;0;0;0;1.6;0;0;0;0;0;0;0;1.6;0;0;0;0;0;0;0;0;124.8;0;0;0;0;0;11.2;0;0;0;0;0;0;0;0;1244.8;6.4;0;0;0;0;0;0;0;0;0;0;0;0;0;0;0;0;73.6;0;0;0;0;0;0;0;0;0;0;0;0;0;0;0;0;0;0;1.6;0;0;0;0;0;0;0;0;0;0;3.2;0;0;0;0;0;0;0;0;0;0;0;0;0;0;0;0;0;0;0;0;0;0;8;0;1.6;1.6;0;0;0;30.4;0;0;0;0;0;0;0;0;0;1.6;0;0;0;0;0;0;0;0;0;0;0;0;0;0;0;0;80;0;0;0;4.8;0;0;0.872727273;0;0;0;0;0;41.6;0;0;0;0;0;0;0;0;0;0;0;24;7.709090909;0.290909091;0;0;0;0;0;0;0;0;0;0;0;0.218181818;0;0;0;0;0;0;4.8;0;0;0;0;0;16;0;0;0
31;2021;WI;2021_WI;6;0;0;0;0;0;0;0;0;0;0;0;0;0;0;0;0;0;0;0;0;0;0;0;0;0;0;0;0;0;0;0;0;0;1.6;0;0;4.8;0;21.01818182;0;174.4;0;0;0;0;0;0;0;0;0;0;0;0;0;0;0;0;0;0;0;0;0;0;0;147.2;0;0;0;0;0;4.8;0;0;0;0;0;0;0;0;1868.8;0;0;0;0;0;0;0;0;0;0;0;0;0;0;0;0;0;124.8;0;0;0;0;0;0;0;0;0;0;0;0;0;0;0;0;0;0;0;0;0;0;0;0;0;0;0;0;0;3.2;0;0;0;0;0;0;0;0;0;0;0;0;0;0;0;0;0;0;0;0;0;0;3.2;0;0;0;0;0;0;153.6;0;0;0;0;0;0;0;0;0;1.6;0;0;0;0;0;0;0;0;0;0;0;0;0;0;0;0;62.4;0;0;0;12.8;0;0;11.34545455;0;0;0;0;0;8;0;0;0;0;0;0;0;0;0;0;0;142.4;1.6;0;0;0;0;0;0;0;0;0;0;0;0;1.236363636;0;0;0;0;0;0;9.6;0;0;1.6;0;0;4.8;0;0;1.6
31;2021;SP;2021_SP;7;0;0;0;0;0;0;0;0;0;0;0;0;0;0;0;0;0;0;0;0;0;0;0;0;0;0;0;0;0;0;0;0;1.6;1.6;0;0;67.2;0;38.61818182;0;660.8;0;0;0;0;0;0;0;0;0;0;0;0;0;0;0;0;0;0;0;0;0;0;0;134.4;0;0;1.6;0;0;100.8;0;0;0;0;0;0;0;0;1536;0;0;0;0;0;0;0;0;0;0;0;0;0;0;0;0;0;0;9.6;0;0;0;0;0;0;0;0;0;0;0;0;0;0;0;0;0;0;0;0;0;0;0;0;0;0;0;0;1.6;0;0;0;0;0;0;0;0;0;0;0;0;0;0;0;0;0;0;0;0;0;0;0;0;0;0;0;0;0;4.8;0;0;0;0;0;0;0;0;0;14.4;0;0;0;0;0;0;0;0;0;0;0;1.6;0;0;0;0;121.6;0;0;0;9.6;0;0;4.945454545;0;0;0;0;3.2;4.8;0;0;0;0;0;0;0;0;0;0;0;72;17.6;0;0;0;0;0;0;0;0;0;0;0;0;2.836363636;6.4;0;0;0;0;0;30.4;0;0;0;0;0;8;0;0;0
31;2021;SU;2021_SU;8;0;0;0;0;0;0;0;0;0;0;0;0;0;0;0;0;0;0;0;0;0;0;0;0;0;0;0;0;0;0;0;0;0;0;0;0;68.8;0;9.6;0;652.8;0;0;0;0;0;0;0;0;0;0;0;0;0;0;4.8;0;0;0;0;0;0;0;0;11.2;0;0;3.2;0;0;17.6;0;0;0;0;0;0;0;0;1465.6;0;0;0;0;0;0;0;0;0;0;0;0;0;0;0;0;0;0;0;0;0;0;0;0;0;0;0;0;0;0;0;0;0;0;0;0;0;0;0;0;0;0;0;0;0;0;0;1.6;0;0;0;0;0;0;0;0;0;0;0;0;0;0;0;0;0;0;0;0;0;0;1.6;0;0;1.6;0;0;0;0;1.6;0;0;0;0;0;0;0;0;60.8;0;0;0;0;0;0;0;0;0;0;0;1.6;0;0;0;0;428.8;0;0;0;1.6;0;0;0;0;0;0;0;25.6;91.2;0;0;0;0;0;0;0;0;0;0;0;46.4;24;0;0;0;0;0;0;0;0;0;0;0;0;0;0;0;0;0;0;0;89.6;0;0;0;0;0;6.4;0;0;0
31;2021;AU;2021_AU;9;0;0;0;0;0;0;0;0;0;0;0;0;0;0;0;0;0;0;0;0;0;0;0;0;0;0;0;0;0;0;0;0;0;0;0;0;0;0;0;0;3.2;0;0;0;0;0;0;0;0;0;0;0;0;0;0;0;0;0;0;0;0;0;0;0;4.8;0;0;0;0;0;0;0;0;0;0;0;0;0;0;1497.6;0;0;0;0;0;0;0;0;0;0;0;0;0;0;0;0;0;3.2;0;0;0;0;0;0;0;0;0;0;0;0;0;0;0;0;0;0;0;0;0;0;0;0;0;0;0;0;0;1.6;0;0;0;0;0;0;0;0;0;0;0;0;0;0;0;0;0;0;0;0;0;0;4.8;0;0;1.6;0;0;0;1.6;0;0;0;0;0;0;0;0;0;8;0;0;0;0;0;0;0;0;0;0;0;0;0;0;0;0;185.6;0;0;0;0;0;0;1.6;0;0;0;0;0;86.4;0;0;0;0;0;0;0;0;0;0;0;78.4;0;0;0;0;0;0;0;0;0;0;0;0;0;0;0;0;0;0;0;0;24;0;0;0;0;0;0;0;0;0
31;2022;WI;2022_WI;10;0;0;0;0;0;0;0;0;0;0;0;0;0;0;0;0;0;0;0;0;0;0;0;0;0;0;0;0;0;0;0;0;0;0;38.4;0;60.8;0;89.85396825;0;161.6;0;0;0;0;0;0;1.6;0;0;0;0;0;0;0;8;0;0;0;0;0;0;0;0;113.6;0;0;0;0;0;28.8;0;0;0;0;0;0;0;0;2848;6.4;0;0;0;0;0;0;0;0;0;0;0;0;0;0;0;0;142.4;0;0;0;0;0;0;0;0;0;0;0;0;0;0;0;0;0;0;0;0;0;0;0;0;0;0;0;0;0;0;0;0;0;0;0;0;0;0;0;0;0;0;0;0;0;0;0;0;0;0;0;0;68.8;0;0;0;0;0;0;432;0;0;0;0;0;0;0;0;0;11.2;0;0;0;0;0;0;0;0;0;0;0;1.6;0;0;0;0;464;0;0;0;6.4;1.6;0;6.146031746;0;0;0;0;3.2;108.8;0;0;0;0;0;0;0;0;0;0;0;168;0;0;0;0;0;0;0;0;0;0;0;0;0;0;0;0;0;0;0;0;56;0;0;3.2;0;0;0;0;0;0
31;2022;SP;2022_SP;11;0;0;0;0;0;0;0;0;0;0;0;0;0;0;0;0;0;0;0;0;0;0;0;0;0;0;0;0;0;0;0;0;0;0;0;0;40;0;88;0;52.8;0;0;0;0;0;0;0;0;0;0;0;0;0;0;0;0;0;0;0;0;0;0;0;27.2;0;1.6;0;0;0;8;0;0;0;0;0;0;0;0;3654.4;0;0;0;0;0;0;0;0;0;0;0;0;0;0;0;0;0;35.2;0;0;0;0;0;0;0;0;0;0;0;0;0;0;0;0;0;0;0;0;0;0;0;0;0;0;0;0;0;0;0;0;0;0;0;0;0;0;0;0;0;0;0;0;0;0;0;0;0;0;0;0;3.2;0;0;0;0;0;0;1.6;0;0;0;0;0;0;0;0;0;8;0;0;0;0;0;0;0;0;0;0;0;1.6;0;0;0;0;524.8;0;0;0;0;0;0;0;0;0;0;0;1.6;8;0;0;0;0;0;0;0;0;0;0;0;112;0;0;0;0;0;0;0;0;0;0;0;0;0;0;1.6;0;0;0;0;0;65.6;0;0;0;0;0;0;0;0;0
31;2022;SU;2022_SU;12;0;0;0;0;0;0;0;0;0;0;0;0;0;0;0;0;0;0;0;0;0;0;0;0;0;0;0;0;0;0;0;0;0;0;0;0;12.8;0;11.14920635;0;166.4;0;0;0;0;0;0;4.8;0;0;0;0;0;0;0;1.6;0;0;0;0;0;0;0;0;0;0;0;0;0;0;0;0;0;0;0;0;0;0;0;3108.8;0;0;0;0;0;0;0;0;0;0;0;0;0;0;0;0;0;0;0;0;0;0;0;0;0;0;0;0;0;0;0;0;0;0;0;0;0;0;0;0;0;0;0;0;0;0;0;0;0;0;0;0;0;0;0;0;0;0;0;0;0;0;0;0;0;0;0;0;0;0;16;0;0;0;0;0;0;0;4.8;0;0;0;0;0;0;0;0;44.8;0;0;0;0;0;0;0;0;0;0;0;0;0;0;0;0;531.2;0;0;0;0;0;0;0.050793651;0;0;0;0;28.8;337.6;0;0;0;0;0;0;0;0;0;0;0;9.6;24;0;0;0;0;0;0;0;0;0;0;0;0;0;0;0;0;0;0;0;80;0;0;1.6;0;0;0;0;0;0
31;2022;AU;2022_AU;13;0;0;0;0;0;0;0;0;0;0;0;0;0;0;0;0;0;0;0;0;0;0;0;0;0;0;0;0;0;0;0;0;0;0;0;0;54.4;0;6.4;0;6.4;0;0;0;0;0;0;8;0;0;0;0;0;0;0;0;0;0;0;0;0;0;0;0;3.2;0;1.6;0;0;0;0;0;0;0;0;0;0;0;0;2550.4;0;0;0;0;0;0;0;0;0;0;0;0;0;0;0;0;0;1.6;0;0;0;0;0;0;0;0;0;0;0;0;0;0;0;0;0;0;0;0;0;0;0;0;0;0;0;0;0;0;0;0;0;0;0;0;0;0;0;0;0;0;0;0;0;0;0;0;0;0;0;0;65.6;0;0;0;0;0;0;43.2;0;0;0;0;0;0;0;0;0;9.6;0;0;0;0;0;0;0;0;0;0;1.6;0;0;0;0;0;609.6;0;0;0;0;0;0;0;0;0;0;0;36.8;467.2;0;1.6;0;0;0;0;0;0;0;0;0;398.4;25.6;0;0;0;0;0;0;0;0;0;0;0;0;0;0;0;0;0;0;0;168;0;0;0;0;0;0;0;0;0
31;2023;WI;2023_WI;14;0;0;0;0;0;0;0;0;0;0;0;0;0;0;0;0;0;0;0;0;0;0;0;0;0;0;0;0;0;0;0;0;0;0;0;0;6.4;0;126.4;0;6.4;0;0;0;0;0;0;1.6;0;0;0;0;0;0;0;3.2;0;0;0;0;0;0;0;0;9.6;0;0;0;0;0;4.8;0;0;0;0;0;0;0;0;2148.8;0;0;0;0;0;0;0;0;0;0;0;0;0;0;0;0;0;1.6;0;0;0;0;0;0;0;0;0;0;0;0;0;0;0;0;0;0;0;0;0;0;0;0;0;0;0;0;0;0;0;0;0;0;0;0;0;0;0;0;0;0;0;0;0;0;0;0;0;0;0;0;48;0;0;0;0;0;0;62.4;4.8;0;0;0;0;0;0;0;0;1.6;0;0;0;0;0;0;0;0;0;0;0;3.2;0;0;0;0;129.6;0;0;0;3.2;0;0;0;0;0;0;0;3.2;46.4;0;0;0;0;0;0;0;0;0;0;0;164.8;6.4;0;0;0;0;0;0;0;0;0;0;0;0;0;0;0;0;0;0;0;35.2;0;0;4.8;0;0;0;0;0;0
31;2023;SP;2023_SP;15;0;0;0;0;0;0;0;0;0;0;0;0;0;0;0;0;0;0;0;0;0;0;0;0;0;0;0;0;0;0;0;0;0;0;0;0;0;0;65.6;0;28.8;0;0;0;0;0;0;3.2;0;0;0;0;0;0;0;6.4;0;0;0;0;0;0;0;0;0;0;0;0;0;0;12.8;0;0;0;0;0;0;0;0;1881.6;0;0;0;0;0;0;0;0;0;0;0;0;0;0;0;0;0;1.6;0;0;0;0;0;0;0;0;0;0;0;0;0;0;0;0;0;0;0;0;0;0;0;0;0;0;0;0;0;0;0;0;0;0;0;0;0;0;0;0;0;0;0;0;0;0;0;0;0;0;0;0;19.2;0;0;0;0;0;0;0;0;0;0;0;0;0;0;0;0;0;0;0;0;0;0;0;0;0;0;0;0;0;0;0;0;0;27.2;0;0;0;3.2;0;0;0;0;0;0;0;0;1.6;0;0;0;0;0;0;0;0;0;0;0;35.2;1.6;0;0;0;0;0;0;0;0;0;0;0;0;0;0;0;0;0;0;0;22.4;0;0;0;0;0;0;0;0;0
32;2018;AU;2018_AU;1;0;0;0;0;0;0;0;0;0;0;0;0;0;0;0;0;0;0;0;0;0;0;0;0;0;0;0;8;0;0;0;0;0;0;0;0;1.333333333;0;0;0;21.33333333;0;0;0;0;0;0;37.33333333;0;0;0;0;0;0;0;2.666666667;0;0;0;0;0;0;0;0;104;16;5.333333333;0;0;0;30.66666667;0;0;0;0;0;0;0;0;1013.333333;0;0;0;0;0;0;0;0;0;0;0;0;0;0;6.666666667;0;0;0;0;0;0;0;0;0;0;0;0;0;0;0;0;0;0;0;0;0;58.66666667;0;0;0;0;0;0;0;0;0;0;0;0;0;0;0;0;0;0;0;0;0;0;0;0;0;0;0;0;0;0;0;16;5.333333333;30.66666667;0;0;0;0;0;0;1.333333333;0;0;0;0;0;0;0;0;0;0;0;0;0;0;0;0;0;0;0;32;0;30.66666667;0;0;0;0;21.33333333;0;0;0;0;2.666666667;0;0;0;0;0;0;0;12;0;0;0;0;0;0;0;0;0;0;0;58.66666667;0;0;0;0;0;0;0;84;0;0;0;0;0;0;1.333333333;0;0;0;0;0;10.66666667;0;0;0;0;0;0;0;0;0
32;2019;WI;2019_WI;2;0;0;0;0;0;0;0;0;0;0;0;0;0;0;0;0;0;0;0;0;0;0;0;0;0;0;0;228;0;0;0;0;0;0;122.6666667;0;6.666666667;0;51.51111111;0;614.6666667;0;0;0;0;0;0;45.33333333;0;0;0;0;0;0;0;18.66666667;0;0;0;0;0;0;0;0;648;2.666666667;4;0;0;0;0;0;0;0;0;0;0;0;0;0;0;0;0;0;0;0;0;0;0;0;0;0;8;0;0;0;0;50.66666667;0;0;0;0;0;0;0;0;0;0;0;0;0;0;0;0;0;0;1.333333333;0;0;0;0;0;0;0;0;0;0;8;0;0;0;0;0;0;0;24;0;0;0;0;0;0;0;0;0;0;0;0;1.333333333;0;41.33333333;0;1.333333333;0;0;0;0;184;0;0;0;0;0;0;0;0;0;0;0;0;0;0;0;0;0;0;0;0;0;0;0;0;0;0;58.66666667;0;0;0;0;0;0;0;51.15555556;0;0;0;0;9.333333333;0;0;0;0;0;0;0;0;0;0;0;16;0;0;0;0;0;0;0;0;0;0;0;0;0;0;0;0;0;1.333333333;0;0;14.66666667;0;0;0;0;0;0;0;0;0
32;2019;SP;2019_SP;3;0;0;0;0;0;0;0;0;0;0;0;0;4;0;0;0;0;0;0;0;0;0;0;0;0;0;0;18.66666667;0;0;0;0;0;1.333333333;0;29.33333333;2.666666667;0;45.2;0;392;0;0;0;0;0;0;45.33333333;0;0;0;0;0;0;0;4;0;0;0;0;0;0;0;0;118.6666667;0;0;0;0;0;9.333333333;0;0;0;0;0;0;0;0;718.6666667;0;0;0;0;0;0;0;0;0;0;0;0;0;0;0;0;0;4;0;0;0;0;0;0;0;0;0;0;0;0;0;0;0;0;0;0;0;0;0;0;0;0;0;0;0;0;0;1.333333333;0;0;0;0;0;0;0;5.333333333;0;0;0;0;0;0;0;0;0;0;0;0;0;1.333333333;22.66666667;0;2.666666667;0;0;0;0;0;0;0;0;0;0;0;0;0;0;0;0;0;0;0;0;0;0;0;0;0;0;0;0;0;0;0;36;0;0;0;0;0;0;0;9.466666667;0;0;0;0;0;0;0;0;0;0;0;0;0;0;0;0;0;0;0;0;0;0;0;0;0;0;0;0;0;0;0;0;0;0;20;0;0;24;0;0;0;0;0;0;0;0;0
32;2019;SU;2019_SU;4;0;0;0;0;0;0;0;0;0;0;0;0;0;0;0;0;0;0;0;0;0;0;0;0;0;0;0;18.66666667;0;0;0;0;0;0;0;5.333333333;0;0;8;0;14.66666667;0;0;0;0;0;0;13.33333333;0;0;0;0;0;0;0;16;0;0;0;0;0;0;0;0;85.33333333;2.666666667;1.333333333;0;0;0;1.333333333;0;0;0;0;0;0;0;0;7393.333333;0;0;0;0;0;0;0;0;0;0;0;0;6.666666667;0;0;0;0;0;0;0;0;0;0;0;0;0;0;0;0;0;0;0;0;0;0;0;1.333333333;0;0;0;0;0;0;0;0;0;0;0;0;0;0;0;0;0;0;0;0;0;0;0;0;0;0;0;0;0;0;0;0;0;8;0;1.333333333;0;0;0;0;1.333333333;0;0;0;0;0;0;0;0;0;5.333333333;0;0;0;0;0;0;0;0;0;0;0;20;0;0;0;0;6.666666667;0;0;0;0;0;0;0;0;0;0;0;0;5.333333333;0;0;0;0;0;0;0;0;0;0;0;0;0;0;0;0;0;0;0;0;0;0;0;0;0;0;0;0;0;0;0;0;5.333333333;0;0;0;0;0;0;0;0;0
32;2020;SU;2020_SU;5;0;0;0;0;0;0;0;0;0;0;0;0;0;0;0;0;0;0;0;0;0;0;0;0;0;0;0;0;0;0;0;0;0;0;0;0;0;0;33;0;161.6;0;0;0;0;0;0;259.2;0;0;0;0;0;0;0;0;0;0;0;0;0;0;0;0;6.4;0;0;0;0;0;35.2;0;0;0;0;0;0;0;0;601.6;27.2;0;0;0;0;0;0;0;0;0;0;0;0;0;0;0;0;0;0;0;0;0;0;0;0;0;0;0;0;0;0;0;0;0;0;0;0;0;0;0;0;4.8;0;0;0;0;0;3.2;0;0;0;0;0;0;0;0;0;0;0;0;0;0;0;0;0;0;0;0;0;6.4;12.8;0;0;0;0;0;0;0;1.6;0;0;0;0;0;0;0;0;6.4;0;0;0;0;0;0;0;0;0;0;0;3.2;0;0;0;0;560;0;0;0;0;0;0;0;2.2;0;0;0;0;134.4;0;3.2;0;0;0;0;0;0;0;0;0;6.4;0;0;0;0;0;0;0;0;0;0;0;0;0;0;0;0;0;0;0;0;9.6;0;0;0;0;0;0;0;0;0
32;2020;AU;2020_AU;6;0;0;0;0;0;0;0;0;0;0;0;0;0;0;0;0;0;0;0;0;0;0;0;0;0;0;0;0;0;0;0;0;0;0;0;0;1.6;0;6.105747126;0;16;0;0;0;0;0;0;24;0;0;0;0;0;0;0;0;0;0;0;0;0;0;0;0;11.2;0;1.6;0;0;0;41.6;0;0;0;0;0;0;0;0;368;0;0;0;0;0;0;1.6;0;0;0;0;0;0;0;0;0;0;9.6;0;0;0;0;0;0;1.6;0;0;0;0;0;0;0;0;0;0;0;6.4;0;0;0;0;0;0;0;0;0;0;0;0;0;0;0;0;0;0;0;0;0;0;0;0;0;0;0;0;0;0;0;0;4.8;27.2;0;1.6;0;0;0;0;57.6;0;0;0;0;0;0;0;0;0;1.6;0;0;0;0;0;0;0;0;0;0;0;0;0;0;0;0;156.8;0;0;0;0;0;0;0;6.694252874;0;0;0;0;54.4;0;0;0;0;0;0;0;0;0;0;0;9.6;1.6;0;0;0;0;0;0;0;0;0;0;0;0;0;0;0;0;0;0;0;4.8;0;0;4.8;0;0;0;0;0;0
32;2021;WI;2021_WI;7;0;0;0;0;0;0;0;0;0;0;0;0;0;0;0;0;0;0;0;0;0;0;0;0;0;0;0;0;0;0;0;0;0;0;8;0;4.8;0;108.3770115;0;64;0;0;0;0;0;0;65.6;0;0;0;0;0;0;0;0;0;0;0;0;0;0;0;0;41.6;0;0;0;0;0;8;0;0;0;0;0;0;0;3.2;409.6;3.2;0;0;0;0;0;0;0;0;0;0;0;0;0;0;0;0;0;0;0;0;0;0;0;0;0;0;0;0;0;0;0;0;0;0;0;0;0;0;0;0;0;0;0;0;0;0;0;0;0;0;0;0;0;0;0;0;0;0;0;0;0;0;0;0;0;0;0;0;0;28.8;0;0;0;0;0;0;25.6;0;0;0;0;0;0;0;0;0;1.6;0;0;0;0;0;0;0;0;0;0;0;1.6;0;0;0;0;176;0;0;0;0;1.6;0;0;206.8229885;0;0;0;9.6;41.6;0;0;0;0;0;0;0;0;0;0;0;11.2;0;0;0;0;0;0;0;0;0;0;0;0;0;0;0;0;0;1.6;0;0;12.8;0;0;0;0;0;0;0;0;0
32;2021;SP;2021_SP;8;0;0;0;0;0;0;0;0;0;0;0;0;25.6;0;0;0;0;0;0;0;0;0;0;0;0;0;0;0;0;0;0;0;0;0;0;0;60.8;0;199.5494253;0;51.2;0;0;0;0;0;0;107.2;0;0;0;0;0;0;0;0;1.6;0;0;0;0;0;0;0;33.6;0;8;0;0;0;41.6;0;0;0;0;1.6;0;0;3.2;422.4;0;0;0;0;0;0;3.2;0;0;0;0;0;0;0;0;0;0;0;0;0;0;0;0;0;0;0;0;0;0;0;0;0;0;0;0;0;3.2;0;0;0;0;0;0;0;0;0;0;0;0;0;0;0;0;0;0;6.4;0;0;0;0;0;0;0;0;0;0;0;0;4.8;9.6;24;0;0;0;0;0;0;0;0;0;0;0;0;0;0;0;0;0;0;0;0;0;0;0;0;0;0;0;0;0;0;0;0;0;704;0;0;0;1.6;1.6;0;0;157.2505747;0;0;0;3.2;1.6;0;3.2;0;0;0;0;0;0;0;0;0;0;0;0;0;0;0;0;0;0;0;0;0;0;0;0;1.6;0;0;17.6;0;0;16;0;0;1.6;0;0;0;0;0;0
32;2021;SU;2021_SU;9;0;0;0;0;0;0;0;0;0;0;0;0;0;0;0;0;0;0;0;0;1.6;0;0;0;0;0;0;0;0;0;0;0;0;0;0;0;6.4;0;25.6;0;22.4;0;0;0;0;0;0;97.6;0;0;0;0;0;0;0;1.6;0;0;0;0;0;0;0;0;0;0;0;0;0;0;14.4;0;0;1.6;0;0;0;0;0;966.4;0;0;0;0;0;0;16;0;0;0;0;0;0;0;0;0;0;0;0;0;0;1.6;0;0;0;0;0;0;0;0;0;0;0;0;0;0;0;0;0;0;0;0;0;0;0;0;0;0;0;0;0;0;0;0;0;0;0;0;0;0;0;0;0;0;0;0;0;0;0;0;11.2;0;0;0;0;0;0;0;8;0;0;0;0;0;0;0;0;0;0;0;0;0;0;0;12.8;0;0;0;0;0;0;0;0;0;288;0;0;0;0;0;0;0;1.6;0;0;0;51.2;30.4;0;12.8;0;0;0;0;0;0;0;0;0;6.4;1.6;0;0;0;0;0;0;0;0;0;0;0;0;0;3.2;0;0;0;0;0;22.4;0;0;0;0;0;0;0;0;0
32;2021;AU;2021_AU;10;0;0;0;0;0;0;0;0;0;0;0;0;0;0;0;0;0;0;0;0;0;0;0;0;0;0;0;0;0;0;0;0;0;0;0;0;3.2;0;0;0;3.2;0;0;0;0;0;0;51.2;0;0;0;0;0;0;0;0;0;0;0;0;0;0;0;0;0;0;1.6;0;0;0;3.2;0;0;0;0;0;0;0;9.6;6.4;0;0;0;0;0;0;0;0;0;0;0;0;0;0;0;0;0;0;0;0;0;0;0;0;0;0;0;0;0;1.6;0;0;0;0;0;0;0;0;0;0;0;0;0;0;0;0;0;0;0;0;0;0;0;0;0;0;0;0;0;0;0;0;0;0;0;0;0;0;0;6.4;1.6;0;3.2;0;0;0;0;4.8;0;0;0;0;0;0;0;0;0;1.6;0;0;0;0;0;0;3.2;0;0;0;0;0;0;0;0;0;241.6;0;0;0;0;1.6;0;0;1.6;0;0;0;9.6;25.6;0;25.6;0;0;0;0;0;0;0;0;0;20.8;0;0;0;0;0;0;0;0;0;0;0;0;0;0;8;0;0;0;0;0;25.6;0;0;0;0;0;0;0;0;0
32;2022;WI;2022_WI;11;0;0;0;0;0;0;0;0;0;0;0;0;0;0;0;0;0;0;0;0;0;0;0;0;0;0;0;0;0;0;0;0;0;0;41.6;0;38.4;0;287.8990536;0;16772.8;0;0;0;0;0;0;35.2;0;0;0;0;0;0;0;3.2;0;0;0;0;0;0;0;0;16;0;0;0;0;0;0;0;0;0;0;0;0;0;54.4;14.4;0;0;0;0;0;0;0;0;15.84353312;0;0;0;0;0;0;0;0;0;0;0;0;0;0;0;0;0;0;0;0;0;0;0;0;0;0;0;0;0;0;0;0;0;0;0;0;0;0;0;0;0;0;0;0;0;0;0;0;0;0;0;0;0;0;0;0;0;0;4.360883281;0;3.2;92.8;0;3.2;0;0;3.2;0;198.4;0;0;0;0;0;0;0;0;0;11.2;0;0;0;0;0;0;6.4;0;0;0;0;0;0;0;0;0;304;0;0;0;8;0;0;0;210.8921136;0;0;0;60.8;104;0;3.2;0;0;0;0;0;0;0;0;0;14.4;0;0;0;0;0;0;0;0;0;0;0;0;0;7.404416404;1.6;0;0;28.8;0;0;36.8;0;0;0;0;0;0;0;0;0
32;2022;SP;2022_SP;12;0;0;0;0;0;0;0;0;0;0;0;0;16;0;0;0;0;0;0;0;0;0;0;0;0;0;0;0;0;0;0;0;0;0;0;0;1.6;0;838.6624606;0;78.4;0;0;0;0;0;0;56;0;0;0;0;0;0;0;0;0;0;0;0;0;0;0;0;3.2;0;0;0;0;0;3.2;0;0;0;0;0;0;0;8;27.2;0;0;0;0;0;0;0;0;2.32681388;0;0;0;0;0;0;0;0;0;0;0;0;0;0;0;0;0;0;0;0;0;0;0;0;0;0;0;0;0;0;0;0;0;0;0;0;0;0;0;0;0;0;0;0;0;0;14.4;0;0;0;0;0;0;0;0;0;0;0;0.18170347;3.2;0;9.6;0;0;0;0;0;0;3.2;0;0;0;0;0;0;0;0;0;9.6;0;0;0;0;0;0;1.6;0;0;0;0;4.8;0;0;0;0;96;0;0;0;1.6;0;0;0;55.52050473;0;0;0;4.8;17.6;0;1.6;0;0;0;0;0;0;0;0;0;12.8;0;0;0;0;0;0;0;0;0;0;0;0;0;15.30851735;8;0;0;3.2;0;0;19.2;0;0;9.6;0;0;0;0;0;0
32;2022;AU;2022_AU;13;0;0;0;0;0;0;0;0;0;3.2;0;0;0;0;0;0;0;0;0;0;0;0;0;0;0;0;0;0;0;0;0;0;0;0;0;0;12.8;0;79.30181818;0;56;0;0;0;0;0;0;57.6;0;0;0;0;0;0;0;0;1.6;0;0;0;0;0;0;0;1.6;0;0;0;0;0;0;0;0;0;0;1.6;0;0;11.2;6.4;0;0;0;0;0;0;0;0;8.669090909;0;0;0;0;0;0;0;0;0;0;0;0;0;0;0;0;0;0;0;0;0;0;0;0;0;0;0;0;0;0;0;0;0;0;0;0;0;0;0;0;0;0;0;0;0;0;0;0;0;0;0;0;0;0;0;0;0;0;0;1.6;4.8;78.4;0;1.6;0;0;0;0;27.2;0;0;0;0;0;0;0;0;0;8;0;0;0;0;0;0;0;0;0;0;0;1.6;0;0;0;0;977.6;0;0;0;9.6;8;0;0;65.62909091;0;0;0;17.6;137.6;0;27.2;0;0;0;0;0;0;0;0;0;196.8;0;0;0;0;0;0;0;20.8;0;0;0;0;0;0;4.8;0;0;0;0;0;60.8;0;0;9.6;0;0;0;0;0;0
32;2023;WI;2023_WI;14;0;0;0;0;0;0;0;0;0;0;0;0;0;0;0;0;0;0;0;0;0;0;0;0;0;0;0;0;0;0;0;0;0;0;9.6;0;1.6;0;31.12727273;0;32;0;0;0;0;0;0;12.8;0;0;0;0;0;0;0;0;0;0;0;0;0;0;0;0;41.6;0;0;0;0;0;3.2;0;0;0;0;0;0;0;0;62.4;0;0;0;0;0;0;0;0;2.036363636;0;0;0;0;0;0;0;0;1.6;0;0;0;1.6;0;0;0;0;0;0;0;0;0;0;0;0;0;0;0;0;0;0;0;0;0;0;0;0;0;0;0;0;0;0;0;0;0;14.4;0;0;0;0;0;0;0;0;0;0;0;0;0;0;35.2;0;0;0;0;0;0;35.2;0;0;0;0;0;0;0;0;0;11.2;0;0;0;0;0;0;0;0;0;0;0;1.6;0;0;0;0;8;0;0;0;0;0;0;0;58.03636364;0;0;0;3.2;33.6;0;4.8;0;0;0;0;0;0;0;0;0;80;0;0;0;0;0;0;0;0;0;0;0;0;0;0;1.6;0;0;4.8;0;0;4.8;0;0;1.6;0;0;0;0;0;0
32;2023;SP;2023_SP;15;0;0;0;0;0;0;0;0;0;0;0;0;6.4;0;0;0;0;0;0;0;0;0;0;0;0;0;0;0;0;0;0;0;0;0;0;0;1.6;0;44.8;0;9.6;0;0;0;0;0;0;4.8;0;0;0;0;0;0;0;0;0;0;0;0;0;0;0;0;3.2;0;0;0;0;0;36.8;0;0;0;0;0;0;0;0;40;0;0;0;0;0;0;0;0;0;0;0;0;0;0;0;0;0;0;4.8;0;0;0;0;0;0;0;0;0;0;0;0;0;0;0;0;0;0;0;0;0;0;0;0;0;0;0;0;0;0;0;0;0;0;0;0;0;0;0;0;0;0;0;0;0;0;0;0;0;0;0;9.6;0;0;0;0;0;0;0;0;0;0;0;0;0;0;0;0;3.2;0;0;0;0;0;0;0;0;0;0;0;0;0;0;0;0;14.4;0;0;0;0;0;0;0;4.8;0;0;0;0;0;0;1.6;0;0;0;0;0;0;0;0;0;1.6;0;0;0;0;0;0;0;0;0;0;0;0;0;0;1.6;0;0;0;0;0;4.8;0;0;0;0;0;0;0;0;0
33;2023;SP;2023_SP;1;0;0;0;0;0;0;0;0;0;1.6;0;0;0;0;0;0;0;0;0;0;0;0;0;0;0;0;0;0;0;0;0;0;0;0;0;0;0;0;6.4;0;16;0;0;0;0;0;0;0;0;0;0;0;0;0;0;0;1.6;0;0;0;0;0;0;0;0;0;0;0;0;0;0;0;0;0;0;0;0;0;0;4.8;0;0;0;0;0;0;0;0;0;0;0;0;0;0;0;0;0;0;0;0;0;0;0;0;0;0;0;0;0;0;0;0;0;0;0;0;0;0;0;0;0;0;0;0;0;0;0;0;0;0;0;0;0;0;0;0;0;0;0;0;0;0;0;0;0;0;0;0;0;0;6.4;0;0;0;0;0;0;0;0;0;0;0;0;0;0;0;0;24;0;0;0;0;0;0;0;0;0;0;0;0;0;0;0;0;1.6;0;0;0;0;0;6.4;0;0;0;0;0;0;0;0;0;0;0;0;0;0;0;0;0;0;0;0;0;0;0;0;0;0;0;0;0;0;0;0;0;0;0;0;0;0;0;0;0;0;0;0;0;0;0;0;0
34;2023;SP;2023_SP;1;0;0;0;0;0;0;0;0;0;0;0;0;0;0;0;0;0;0;0;0;0;0;0;0;0;0;0;0;0;0;0;0;0;0;0;0;0;0;0;0;0;0;0;0;0;0;0;0;0;0;0;0;0;0;0;0;4.8;0;0;0;0;0;0;0;0;0;0;0;0;0;0;0;0;0;0;0;0;0;0;0;0;0;0;0;0;0;0;0;0;0;0;0;0;0;0;0;0;0;0;0;0;0;0;0;0;0;0;0;0;0;0;0;0;0;0;0;0;0;0;0;0;0;0;0;0;0;0;0;0;0;0;0;0;0;0;0;0;0;0;0;0;0;0;0;0;0;0;0;0;0;0;0;0;0;0;0;0;0;0;0;0;0;0;0;0;0;0;32;0;0;0;0;0;0;0;0;0;0;0;0;0;0;0;0;0;0;0;0;0;0;1.6;0;0;0;0;0;0;0;0;0;0;0;0;0;0;0;0;0;0;0;0;0;0;0;0;0;0;0;0;0;0;0;0;0;0;0;0;0;0;0;0;0;0;4.8;0;0;0;0;0;0
35;2018;AU;2018_AU;1;0;0;0;0;0;0;0;0;0;0;0;0;0;0;0;0;0;0;0;0;0;0;0;0;0;0;0;0;0;0;0;0;0;0;0;0;0;0;33.33333333;0;85.33333333;0;0;0;0;0;0;14.66666667;0;0;0;0;0;0;0;8;0;0;0;0;0;0;0;0;80;2.666666667;21.33333333;0;0;0;44;0;0;0;0;0;0;0;0;4165.333333;0;0;0;0;0;0;0;0;0;0;0;0;0;0;0;0;0;0;0;0;0;0;0;0;0;0;0;0;0;0;0;0;0;0;0;0;12;0;0;0;0;0;0;0;0;0;0;28;0;0;0;0;0;0;0;0;0;0;0;0;0;0;0;0;0;0;0;0;1.333333333;0;12;0;0;0;0;0;0;1.333333333;0;0;0;0;0;0;0;0;0;0;0;0;0;0;0;0;0;0;0;30.66666667;0;0;0;0;0;0;24;0;0;0;0;0;0;0;0;0;0;0;0;4;0;0;0;0;0;0;0;0;0;0;0;18.66666667;16;0;0;0;0;0;0;0;0;0;0;0;0;0;0;0;0;0;0;0;16;0;0;0;0;0;0;0;0;0
35;2019;WI;2019_WI;2;0;0;0;0;0;0;0;0;0;0;0;0;0;0;0;0;0;0;0;0;0;0;0;0;0;0;0;0;0;0;0;0;0;0;5.333333333;0;4;0;146.4727273;0;864;0;0;0;0;0;0;2.666666667;0;0;0;0;0;0;0;18.66666667;0;0;0;0;0;0;0;0;574.6666667;0;6.666666667;0;0;0;98.66666667;0;0;0;0;0;0;0;0;973.3333333;0;0;0;0;0;0;0;0;0;0;0;0;0;0;0;0;0;136;0;0;0;0;0;0;0;0;0;0;0;0;0;0;0;0;0;0;1.333333333;0;0;0;0;0;0;0;0;0;0;2.666666667;0;0;0;0;0;0;0;4;0;0;0;0;0;0;0;0;0;0;0;0;0;0;10.66666667;0;0;0;0;0;0;282.6666667;0;0;0;0;0;0;0;0;0;0;0;0;0;0;0;0;0;0;0;0;0;0;0;0;0;0;8;0;0;0;0;0;0;8.193939394;0;0;0;0;0;69.33333333;0;0;0;0;0;0;0;0;0;0;0;10.66666667;4;0;0;0;0;0;0;0;0;0;0;0;0;0;0;0;0;1.333333333;0;0;25.33333333;0;0;0;0;0;0;0;0;0
35;2019;SP;2019_SP;3;0;0;0;0;0;0;0;0;0;0;0;0;0;0;0;0;0;0;0;0;0;0;0;0;0;0;0;0;0;0;0;0;0;0;0;8;0;0;46.32727273;0;0;0;0;0;0;0;0;8;0;0;0;0;0;0;0;4;0;0;0;0;0;0;0;0;130.6666667;0;2.666666667;0;0;0;41.33333333;0;0;0;0;0;0;0;0;798.6666667;0;1.333333333;0;0;0;0;0;0;0;0;0;0;0;0;0;0;0;9.333333333;0;0;0;0;0;0;0;0;0;0;0;0;0;0;0;0;0;0;0;0;0;0;0;0;0;0;0;0;0;1.333333333;0;0;0;0;0;0;0;5.333333333;0;0;0;0;0;0;0;0;0;0;0;0;0;0;12;0;1.333333333;0;0;0;0;1.333333333;0;0;0;0;0;0;0;0;0;0;0;0;0;0;0;0;0;0;0;0;0;0;0;0;0;0;25.33333333;0;0;0;0;0;0;0.339393939;0;0;0;0;0;10.66666667;0;0;0;0;0;0;0;0;0;0;0;4;0;0;0;0;0;0;0;0;0;0;0;0;0;0;0;0;0;1.333333333;0;0;25.33333333;0;0;0;0;0;0;0;0;0
35;2019;SU;2019_SU;4;0;0;0;0;0;0;0;0;0;0;0;0;0;0;0;0;0;0;0;0;0;0;0;0;0;0;0;0;0;0;0;0;0;0;0;4;2.666666667;0;0;0;502.6666667;0;0;0;0;0;0;0;0;0;0;0;0;0;0;0;0;0;0;0;0;0;0;0;45.33333333;1.333333333;0;0;0;0;2.666666667;0;0;0;0;0;0;0;0;2010.666667;0;0;0;0;0;0;0;0;0;0;0;0;4;0;0;0;0;0;0;0;0;0;0;0;0;0;0;0;0;0;0;0;0;0;0;0;0;0;0;0;0;0;0;0;0;0;0;0;0;0;0;0;0;0;0;0;0;0;0;0;0;0;0;0;0;0;0;0;0;0;6.666666667;0;0;0;0;0;0;0;0;0;0;0;13.33333333;0;0;0;0;2.666666667;0;0;0;0;0;0;0;0;0;0;0;6.666666667;0;0;0;0;2.666666667;0;0;0;2.666666667;0;0;0;0;0;0;0;0;0;0;0;0;0;0;0;0;0;0;0;0;4;0;0;0;0;0;0;0;0;0;0;0;0;0;0;0;0;0;0;0;0;14.66666667;0;0;0;0;0;0;0;0;0
35;2020;AU;2020_AU;5;0;0;0;0;0;0;0;0;0;0;0;0;0;0;0;0;0;0;0;0;0;0;0;0;0;0;0;0;0;0;0;0;0;0;0;0;3.2;0;0;0;22.4;0;0;0;0;0;0;9.6;0;0;0;0;0;0;0;3.2;0;0;0;0;0;0;0;0;11.2;0;0;0;0;0;8;0;0;0;0;0;0;0;0;1107.2;0;0;0;0;0;0;0;0;0;0;0;0;0;0;0;0;0;6.4;0;0;0;0;0;0;0;0;0;0;0;0;0;0;0;0;0;0;3.2;0;0;0;0;0;0;0;0;0;0;0;0;0;0;0;0;0;0;0;0;0;0;0;0;0;0;0;0;0;0;0;0;0;4.8;0;0;0;0;0;0;3.2;0;0;0;0;0;0;0;0;0;32;0;0;0;0;0;0;0;0;0;0;0;3.2;0;0;0;0;160;0;0;0;25.6;0;0;0;0;0;0;0;0;25.6;0;0;0;0;0;0;0;0;0;0;0;208;0;0;0;0;0;0;0;0;0;0;0;0;0;0;0;0;0;0;0;0;28.8;0;0;0;0;0;0;0;0;0
35;2021;WI;2021_WI;6;0;0;0;0;0;0;0;0;0;0;0;0;0;0;0;0;0;0;0;0;0;0;0;0;0;0;0;0;0;0;0;0;0;0;43.2;0;0;0;17.6;0;481.6;0;0;0;0;0;0;9.6;0;0;0;0;0;0;0;4.8;0;0;0;0;0;0;0;0;9.6;0;0;0;0;0;12.8;0;0;0;0;0;0;0;0;1427.2;0;0;0;0;0;0;0;0;0;0;0;0;0;0;0;0;0;0;0;0;0;0;0;0;0;0;0;0;0;0;0;0;0;0;0;0;1.6;0;0;0;0;0;0;0;0;0;0;0;0;0;0;0;0;0;0;0;0;0;0;0;0;0;0;0;0;0;0;0;0;0;12.8;0;0;0;0;0;0;20.8;0;0;0;0;0;0;0;0;0;4.8;0;0;0;0;0;0;0;0;0;0;0;0;0;0;0;0;188.8;0;0;0;40;0;0;0;0;0;0;0;0;9.6;0;0;0;0;0;0;0;0;0;0;0;377.6;0;0;0;0;0;0;0;0;0;0;0;0;0;0;0;0;0;0;0;0;0;0;0;0;0;0;0;0;0;0
35;2021;SP;2021_SP;7;0;0;1.6;0;0;0;0;0;0;0;0;0;0;0;0;0;0;0;0;0;0;0;0;0;0;0;0;0;0;0;0;0;0;0;0;0;65.6;0;6.4;0;665.6;0;0;0;0;0;0;1.6;0;0;0;0;0;1.6;0;0;0;0;0;0;0;0;0;0;4.8;0;0;0;0;0;0;0;0;0;0;0;0;0;0;928;6.4;0;0;1.6;0;0;0;0;0;0;0;0;0;0;0;0;0;0;0;0;0;0;0;0;0;0;0;0;0;0;0;0;0;0;0;0;0;0;0;0;0;0;0;0;0;0;0;0;0;0;0;0;0;0;0;1.6;0;0;1.6;0;0;0;0;0;0;0;0;0;0;1.6;19.2;0;0;0;0;0;0;76.8;0;0;0;0;0;0;0;0;0;8;0;0;0;0;0;0;0;0;0;0;0;0;0;0;0;0;489.6;0;0;0;6.4;0;0;0;0;0;0;0;1.6;0;0;0;0;0;0;0;0;0;0;0;0;216;0;0;0;0;0;0;0;0;0;0;0;0;0;0;0;0;0;0;0;0;8;0;0;0;0;0;0;0;0;0
35;2021;SU;2021_SU;8;0;0;0;0;0;0;0;0;0;0;0;0;0;0;0;0;0;0;0;0;0;0;0;0;0;0;0;0;0;0;0;0;0;0;0;0;1.6;0;4.8;0;3052.8;0;0;0;0;0;0;4.8;0;0;0;0;0;0;0;1.6;0;0;0;0;0;0;0;0;0;0;0;0;0;0;0;0;0;0;0;0;0;0;0;6246.4;0;0;0;0;0;0;0;0;0;0;0;0;0;0;0;0;0;0;0;0;0;0;0;0;0;0;0;0;0;0;0;0;0;0;0;0;1.6;0;0;0;0;0;0;0;0;0;0;0;0;0;0;0;0;0;0;0;0;0;0;0;0;0;0;0;0;0;0;0;0;0;3.2;0;0;0;0;0;0;0;0;0;0;0;0;0;0;0;0;8;0;0;0;0;0;0;0;0;0;0;0;0;0;0;0;0;5017.6;0;0;0;1.6;3.2;0;0;0;0;0;0;0;12.8;0;0;0;0;0;0;0;0;0;0;0;107.2;0;0;0;0;0;0;0;0;0;0;0;0;0;0;0;0;0;0;0;0;51.2;0;0;0;0;0;0;0;0;0
35;2021;AU;2021_AU;9;0;0;0;0;0;0;0;0;0;0;0;0;0;0;0;0;0;0;0;0;0;0;0;0;0;0;0;0;0;0;0;0;0;0;0;0;4.8;0;0;0;9.6;0;0;0;0;0;0;1.6;0;0;0;0;0;0;0;0;0;0;0;0;0;0;0;0;0;0;0;0;0;0;0;0;0;0;0;0;0;0;0;1152;0;0;0;0;0;0;0;0;0;0;0;0;0;0;0;0;0;0;0;0;0;0;0;0;0;0;0;0;0;0;0;0;0;0;0;0;3.2;0;0;0;0;0;0;0;0;0;0;0;0;0;0;0;0;0;0;0;0;0;0;0;0;0;0;0;0;0;0;0;0;0;8;0;0;0;0;0;0;1.6;0;0;0;0;0;0;0;0;0;11.2;0;0;0;0;0;0;0;0;0;0;0;0;0;0;0;0;342.4;0;0;0;0;1.6;0;0;0;0;0;0;11.2;70.4;0;0;0;0;0;0;0;0;0;0;0;280;0;0;0;0;0;0;0;0;0;0;0;0;0;0;0;0;0;0;0;0;32;0;0;1.6;0;0;0;0;0;0
35;2022;WI;2022_WI;10;0;0;0;0;0;0;0;0;0;0;0;0;0;0;0;0;0;0;0;0;0;0;0;0;0;0;0;0;0;0;0;0;0;0;0;0;14.4;0;6.4;0;81.6;0;0;0;0;0;0;3.2;0;0;0;0;0;0;0;0;0;0;0;0;0;0;0;0;0;1.6;0;0;0;0;0;0;0;0;0;0;0;0;1.6;7481.6;0;0;0;0;0;0;0;0;0;0;0;0;0;0;0;0;0;0;0;0;0;0;0;0;0;0;0;0;0;0;0;0;0;0;0;0;0;0;0;0;0;0;0;0;0;0;0;0;0;0;0;0;0;0;0;0;0;0;0;0;0;0;0;0;0;0;0;0;0;0;121.6;0;0;0;0;0;0;457.6;0;0;0;0;0;0;0;0;0;9.6;0;0;0;0;0;0;0;0;0;0;0;0;0;0;0;0;3328;0;0;0;0;0;0;0;0;0;0;0;51.2;115.2;0;0;0;0;0;0;0;0;0;0;0;971.2;0;0;0;0;0;0;0;0;0;0;0;0;0;0;0;0;0;0;0;0;51.2;0;0;8;0;0;0;0;0;0
35;2022;SP;2022_SP;11;0;0;0;0;0;0;0;0;0;0;0;0;0;0;0;0;0;0;0;0;0;0;0;0;0;0;0;0;0;0;0;0;0;0;0;0;38.4;0;12.8;0;116.8;0;0;0;0;0;0;1.6;0;0;0;0;0;0;0;0;0;0;0;0;0;0;0;0;0;0;0;0;0;0;0;0;0;0;0;0;0;0;0;8179.2;0;0;0;0;0;0;0;0;0;0;0;0;0;0;0;0;0;0;0;0;0;0;0;0;0;0;0;0;0;0;0;0;0;0;0;0;1.6;0;0;0;0;0;0;0;0;0;0;0;0;0;0;0;0;0;0;0;0;0;0;0;0;0;0;0;0;0;0;0;0;0;20.8;0;0;0;0;0;0;6.4;0;0;0;0;0;0;0;0;0;4.8;0;0;0;0;0;0;0;0;0;0;0;6.4;0;0;0;0;1972.8;0;0;0;0;1.6;0;0;0;0;0;0;25.6;8;0;0;0;0;0;0;0;0;0;0;0;734.4;0;0;0;0;0;0;0;0;0;0;0;0;0;0;1.6;0;0;0;0;0;43.2;0;0;4.8;0;0;0;0;0;0
35;2022;AU;2022_AU;12;0;0;0;0;0;0;0;0;0;0;0;0;0;0;0;0;0;0;0;0;0;0;0;0;0;0;0;0;0;0;0;0;0;0;0;0;9.6;0;0;0;4.8;0;0;0;0;0;0;0;0;0;0;0;0;0;0;0;0;0;0;0;0;0;0;0;0;0;0;0;0;0;0;0;0;0;0;0;0;0;0;6803.2;0;0;0;0;0;0;0;0;0;0;0;0;0;0;0;0;0;0;0;0;0;0;0;0;0;0;0;0;0;0;0;0;0;0;0;0;0;0;0;0;0;0;0;0;0;0;0;0;0;0;0;0;0;0;0;0;0;0;0;0;0;0;0;0;0;0;0;0;0;0;144;0;0;0;0;0;0;68.8;0;0;0;0;0;0;0;0;0;24;0;0;0;0;0;0;0;0;0;0;0;0;0;0;0;0;3507.2;0;0;0;14.4;1.6;0;0;0;0;0;0;43.2;488;0;0;0;0;0;0;0;0;0;0;0;564.8;0;0;0;0;0;0;0;0;0;0;0;0;0;0;0;0;0;0;0;0;40;0;0;6.4;0;0;0;0;0;0
35;2023;WI;2023_WI;13;0;0;0;0;0;0;0;0;0;0;0;0;0;0;0;0;0;0;0;0;0;0;0;0;0;0;0;0;0;0;0;0;0;0;1.6;0;1.6;0;24;0;25.6;0;0;0;0;0;0;1.6;0;0;0;0;0;0;0;3.2;0;0;0;0;0;0;0;0;0;0;1.6;0;0;0;0;0;0;0;0;0;0;0;0;3801.6;0;0;0;0;0;0;0;0;0;0;0;0;0;0;0;0;0;0;0;0;0;0;0;0;0;0;0;0;0;0;0;0;0;0;0;0;0;0;0;0;0;0;0;0;0;0;0;0;0;0;0;0;0;0;0;0;0;0;0;0;0;0;0;0;0;0;0;0;0;0;116.8;0;0;0;0;0;0;179.2;0;0;0;0;0;0;0;0;0;11.2;0;0;0;0;0;0;0;0;0;0;0;1.6;0;0;0;0;160;0;0;0;4.8;0;0;0;0;0;0;0;35.2;387.2;0;0;0;0;0;0;0;0;0;0;0;190.4;0;0;0;0;0;0;0;0;0;0;0;0;0;0;3.2;0;0;0;0;0;20.8;0;0;3.2;0;0;0;0;0;0
35;2023;SP;2023_SP;14;0;0;0;0;0;0;0;0;0;0;0;0;0;0;0;0;0;0;0;0;0;0;0;0;0;0;0;0;0;0;0;0;0;0;0;0;16;0;44.8;0;91.2;0;0;0;0;0;0;4.8;0;0;0;0;0;0;0;1.6;0;0;0;0;0;0;0;0;0;0;0;0;0;0;0;0;0;0;0;0;0;0;0;742.4;0;0;0;0;0;0;0;0;0;0;0;0;0;0;0;0;0;0;3.2;0;0;0;0;0;0;0;0;0;0;0;0;0;0;0;0;0;0;0;0;0;0;0;0;0;0;0;0;0;0;0;0;0;0;0;0;0;0;0;0;0;0;0;0;0;0;0;0;0;0;0;46.4;0;0;0;0;0;0;0;0;0;0;0;0;0;0;0;0;36.8;0;0;0;0;0;0;0;0;0;0;0;0;0;0;0;0;300.8;0;0;0;0;0;0;0;0;0;0;0;44.8;3.2;0;0;0;0;0;0;0;0;0;0;0;1.6;0;0;0;0;0;0;0;0;0;0;0;0;0;0;1.6;0;0;0;0;0;44.8;0;0;0;0;0;0;0;0;0
36;2018;AU;2018_AU;1;0;0;0;0;0;0;0;0;0;0;0;0;0;0;0;0;0;0;0;0;0;0;0;1.333333333;0;0;0;32;5.333333333;0;0;0;0;4;0;334.6666667;1.333333333;0;6.666666667;0;106.6666667;0;0;0;0;0;0;0;0;0;0;0;0;0;0;2.666666667;0;0;0;0;0;0;0;0;566.6666667;4;28;0;0;0;0;0;0;0;0;0;0;0;0;922.7428571;55.92380952;0;0;1.333333333;0;0;0;0;0;0;0;0;0;0;5.333333333;4;0;0;0;0;0;0;0;0;0;0;0;0;0;0;0;0;0;0;0;0;6.666666667;0;0;0;0;0;0;0;0;0;0;0;6.666666667;0;0;0;0;0;0;0;0;0;0;0;0;0;0;0;0;0;0;0;0;0;10.66666667;0;34.66666667;0;0;0;0;0;0;0;0;0;8;0;0;1.333333333;0;0;0;0;0;0;0;0;0;0;0;37.33333333;0;14.66666667;0;0;0;0;12;0;0;0;0;0;0;0;4;0;0;0;0;8;0;0;0;0;0;0;0;0;0;0;0;2.666666667;14.66666667;0;0;0;0;2.666666667;0;0;0;0;0;0;0;0;2.666666667;0;0;0;0;0;0;0;0;0;0;0;0;0;0;0
36;2019;WI;2019_WI;2;0;0;0;0;0;0;0;0;0;0;0;0;0;0;0;0;0;0;0;0;0;0;0;0;0;0;0;54.66666667;0;0;0;0;0;0;38.66666667;0;4;0;17.57142857;0;860;0;0;0;0;0;0;0;0;0;0;0;0;0;0;8;0;0;0;0;0;0;10.66666667;0;388;0;16;0;0;0;21.33333333;0;0;0;0;0;0;0;0;298.1103403;781.8896597;0;0;0;0;0;0;0;0;0;0;0;0;0;0;0;0;0;0;0;0;0;0;0;0;0;0;0;0;0;0;0;0;0;0;0;0;0;0;0;0;0;0;0;0;0;0;0;2.666666667;0;0;0;0;0;0;16;0;0;0;0;0;0;0;0;0;0;0;0;0;0;17.33333333;0;10.66666667;0;0;0;0;273.3333333;0;0;0;0;0;0;0;1.333333333;0;0;0;0;0;0;0;0;0;0;0;0;0;12;0;0;0;0;42.66666667;0;2.666666667;0;24;0;0;0;43.76190476;0;0;0;0;8;0;0;0;0;0;1.333333333;0;0;0;0;0;8;18.66666667;0;0;0;0;0;0;0;0;0;0;0;0;0;2.666666667;0;0;0;0;0;0;0;0;0;0;0;0;0;0;0
36;2019;SP;2019_SP;3;0;0;0;0;0;0;0;0;0;0;0;0;0;0;0;0;0;0;0;0;0;0;0;0;0;0;0;50.66666667;0;0;0;0;0;0;0;9.333333333;9.333333333;0;49.88888889;0;238.6666667;0;0;0;0;0;0;0;0;0;0;0;0;0;0;0;0;0;0;0;0;0;28;0;114.6666667;0;12;0;0;0;14.66666667;0;0;0;0;0;0;0;0;976.1942517;577.1390816;0;0;0;0;0;0;0;0;0;0;0;0;0;0;0;0;0;10.66666667;0;0;0;0;0;0;0;0;0;0;0;0;0;0;0;0;0;0;0;0;0;0;0;0;0;0;0;0;0;0;0;0;0;0;0;0;0;0;0;0;0;0;0;0;0;0;0;0;0;0;0;0;0;0;0;0;0;0;0;0;0;0;0;0;0;0;0;0;12;0;0;0;0;0;0;0;0;0;0;0;1.333333333;0;0;0;0;6.666666667;0;0;0;10.66666667;0;0;0;11.44444444;0;0;0;0;0;0;0;0;0;1.333333333;0;0;0;0;0;0;0;5.333333333;0;0;0;0;0;0;0;0;0;0;0;0;0;1.333333333;0;0;0;0;0;0;0;0;0;0;0;0;0;0;0
36;2019;SU;2019_SU;4;0;0;0;0;0;0;0;0;0;0;0;0;0;0;0;0;0;0;0;0;0;0;0;0;0;0;0;0;0;0;0;0;0;0;0;4;0;0;2.666666667;0;129.3333333;0;0;0;0;0;0;1.333333333;0;0;0;0;0;0;0;0;0;0;0;0;0;0;0;0;49.33333333;53.33333333;8;0;0;0;4;0;0;0;0;0;0;0;0;3837.244797;682.7552032;0;0;5.333333333;0;0;0;0;0;0;0;0;18.66666667;0;0;0;0;0;5.333333333;0;0;0;0;0;0;0;0;0;0;0;0;0;0;0;0;0;13.33333333;0;0;0;0;0;0;0;0;0;0;1.333333333;0;0;0;0;0;0;0;0;0;0;0;0;0;0;0;0;0;0;0;0;0;0;0;0;2.666666667;0;0;0;0;0;2.666666667;0;0;0;1.333333333;0;0;2.666666667;0;1.333333333;0;1.333333333;0;0;0;0;0;0;0;0;0;8;0;0;0;0;0;0;0;0;1.333333333;2.666666667;0;0;21.33333333;0;0;0;0;0;0;0;0;0;0;0;0;0;0;0;0;0;18.66666667;0;0;0;0;1.333333333;0;0;0;0;0;0;0;0;0;0;0;0;0;0;5.333333333;0;0;0;0;0;0;0;0;0
36;2020;AU;2020_AU;5;0;0;0;0;1.6;8;0;0;0;0;0;0;0;0;0;0;0;0;0;0;0;0;0;0;0;0;0;0;0;0;0;0;0;0;0;0;0;0;0;0;4.8;0;0;0;0;0;0;0;0;0;0;0;0;0;0;0;1.6;0;0;0;0;0;0;0;0;0;0;0;0;0;0;0;0;0;0;0;0;0;0;0;0;0;0;0;0;0;0;0;0;0;0;0;0;0;0;0;0;0;0;0;0;4.8;0;0;0;0;0;0;0;0;0;0;0;0;0;0;0;0;0;0;0;0;0;0;0;0;0;0;0;0;0;0;0;0;0;0;0;0;0;0;0;0;0;0;0;0;0;0;0;0;6.4;0;0;0;0;0;0;0;0;0;0;0;0;0;0;0;0;128;0;0;0;0;0;0;0;0;0;0;0;0;0;0;0;0;46.4;0;0;0;0;0;0;0;0;0;0;0;0;0;0;8;0;1.6;0;0;0;0;0;0;0;0;0;0;0;0;0;0;0;0;0;0;0;0;0;0;0;0;0;0;0;0;0;0;0;1.6;0;0;0;0;0;0
36;2021;WI;2021_WI;6;0;0;0;0;1.6;0;0;0;0;0;0;0;0;2.793650794;0;0;0;0;0;0;0;0;0;0;0;0;0;0;0;0;0;0;0;0;259.2;0;0;0;3.047619048;0;448;0;0;0;0;0;0;0;0;0;0;0;0;0;0;0;0;0;0;0;0;0;0;0;0;0;0;0;0;0;0;0;0;0;0;0;0;0;0;0;0;0;0;0;0;0;0;0;20.39365079;0;0;0;0;0;0;0;0;0;0;0;0;1.6;0;0;0;0;0;0;0;0;0;0;0;0;0;0;0;0;0;0;0;0;0;0;0;0;0;0;0;0;0;0;0;0;0;0;0;0;0;0;0;0;0;0;0;0;0.761904762;5.815873016;0;0;0;0;0;0;0;0;0;30.4;0;0;0;0;0;0;0;0;0;156.8;0;0;0;0;0;0;0;0;0;0;0;0;0;0;0;0;1.6;0;0;0;1.6;0;0;0;4.901587302;0;0;0;0;0;0;0;0;0;0;0;0;0;0;0;0;0;0;0;0;0;0;0;0;0;0;120;0;0;0;16.68571429;0;0;0;0;0;0;0;0;0;0;0;0;0;0;0;0
36;2021;SP;2021_SP;7;0;0;0;0;0;0;0;0;0;0;0;0;0;17.6;0;0;0;0;0;0;0;0;0;0;0;0;0;0;0;0;0;0;0;0;0;0;9.6;0;19.2;0;324.8;0;0;0;0;0;0;0;0;0;0;0;0;0;0;0;0;0;0;0;0;0;0;0;0;0;0;0;0;0;0;0;0;0;0;0;0;0;3.2;0;0;0;0;1.6;0;0;0;0;0;0;0;0;0;0;0;0;0;0;51.2;0;0;1.6;0;0;0;0;0;0;0;0;0;0;0;0;0;0;0;0;0;0;0;0;0;0;0;0;0;0;0;0;0;0;0;1.6;0;104;0;0;0;0;0;0;0;0;0;0;4.8;1.6;0;0;0;0;0;0;0;0;0;1.6;0;0;0;0;0;0;0;0;0;390.4;0;0;0;0;0;0;0;0;0;0;0;0;0;0;0;0;70.4;0;0;0;1.6;0;0;0;19.2;0;0;0;1.6;0;0;1.6;0;0;0;0;0;0;0;0;0;0;0;0;0;0;0;0;0;0;0;97.6;0;0;0;0;6.4;0;0;0;0;0;1.6;0;0;0;0;0;0;0;0;0
36;2022;WI;2022_WI;8;0;0;0;0;0;4.8;0;0;0;0;0;0;0;0;0;0;0;0;0;0;0;0;0;0;0;0;0;0;0;0;0;0;0;0;91.2;0;0;0;3.428571429;0;2068.8;0;0;0;0;0;0;0;0;0;0;0;0;0;0;0;0;0;0;0;0;0;0;0;0;0;0;0;0;0;0;0;0;0;0;0;0;0;0;0;1.6;0;0;0;0;0;0;0;58.51428571;0;0;0;0;0;0;0;0;0;0;0;0;0;0;0;0;0;0;0;0;0;0;0;0;0;0;0;0;0;0;0;0;0;0;0;0;0;0;0;0;0;0;0;0;0;0;0;0;0;0;0;0;0;0;0;0;0;0;0.685714286;0;0;1.6;0;0;0;0;0;0;41.6;0;0;0;0;0;0;0;0;0;80;0;0;0;0;0;0;0;0;0;0;0;0;0;0;0;0;6.4;0;0;0;0;0;0;0;5.257142857;0;0;0;0;0;0;0;0;0;0;0;0;0;0;0;0;0;0;0;0;0;0;0;0;0;8;0;0;0;0;45.71428571;1.6;0;0;0;0;0;0;0;0;1.6;0;0;0;0;0;0
36;2022;SP;2022_SP;9;0;0;0;0;0;4.8;0;0;0;0;0;0;0;0;0;0;0;0;0;0;0;0;0;0;0;0;0;0;0;0;0;0;0;0;3.2;0;40;0;8;0;3924.8;0;0;0;0;0;0;0;0;0;0;0;0;0;0;0;0;0;0;0;0;0;0;0;0;0;0;0;0;0;0;0;0;0;0;0;0;0;8;0;0;0;0;1.6;0;0;0;0;3.2;0;0;0;0;0;0;0;0;0;83.2;0;0;1.6;0;0;0;0;0;0;0;0;0;0;0;0;0;0;0;0;0;0;0;0;0;0;0;1.6;0;0;0;0;0;0;0;4.8;0;11.2;0;0;0;0;0;0;0;0;0;0;0;1.6;0;0;0;0;0;0;6.4;0;0;43.2;0;0;0;0;0;0;0;0;0;51.2;0;0;0;0;0;0;0;0;0;0;0;0;0;0;0;0;6.4;0;0;0;0;0;0;0;1.6;0;0;0;0;0;0;1.6;0;0;0;0;0;0;0;0;0;0;0;0;0;0;0;0;0;0;78.4;0;0;0;0;0;0;0;0;0;0;0;0;0;0;0;0;0;1.6;0;0;0
36;2023;WI;2023_WI;10;0;0;0;1.6;0;0;0;0;0;0;0;0;0;0;0;0;0;0;0;0;0;0;0;0;0;0;0;0;0;0;0;0;0;0;0;0;0;0;0;0;64;0;0;0;0;0;0;0;0;0;0;0;0;0;0;0;0;0;0;0;0;0;0;0;0;0;0;0;0;0;0;0;0;0;0;0;0;0;3.2;0;0;0;0;0;0;0;0;0;4.8;0;0;0;0;0;0;0;0;0;8;0;0;3.2;0;0;0;0;0;0;0;0;0;0;0;0;0;0;0;0;0;0;0;0;0;0;0;0;0;0;0;0;0;0;0;0;0;36.8;0;1.6;0;0;0;0;0;0;0;0;0;0;0;0;0;0;0;0;0;0;0;17.6;0;0;0;0;0;0;0;0;0;20.8;0;0;0;0;0;0;0;0;0;0;0;0;0;0;0;0;0;0;0;0;0;0;1.6;0;1.6;0;0;0;0;0;0;0;0;0;0;0;0;0;0;0;0;9.6;0;0;0;0;0;0;0;0;217.6;0;0;0;0;0;0;0;0;0;0;0;0;0;0;0;0;0;0;0;0;0
36;2023;SP;2023_SP;11;0;0;0;0;0;0;0;0;0;0;0;0;5.485714286;0;0;0;0;0;0;0;0;0;0;0;0;0;0;0;0;0;0;0;0;0;0;0;3.2;0;1.6;0;12.8;0;0;0;0;0;0;0;0;0;0;0;0;0;0;0;0;0;0;0;0;0;0;0;0;0;0;0;0;0;0;0;0;0;0;0;0;0;0;0;8;0;0;0;0;0;0;0;1.6;0;0;0;0;0;0;0;0;0;105.6;0;0;0;0;0;0;0;0;0;0;0;0;0;0;0;0;0;0;0;0;0;0;0;0;0;0;0;0;0;0;0;0;0;0;0;0;1.6;0;0;0;0;0;0;0;0;0;0;0;0;0;0;0;0;0;0;0;0;0;2.514285714;0;0;0;0;0;0;0;0;0;22.4;0;0;0;0;0;0;0;0;0;0;0;0;0;0;0;0;1.6;0;0;0;1.6;0;0;0;0;0;0;0;0;0;0;0;0;0;0;0;0;0;0;0;0;1.6;0;0;0;0;0;0;0;0;3.2;0;0;0;0;0;1.6;0;0;0;0;0;0;0;0;3.2;0;0;0;0;0;0
37;2018;AU;2018_AU;1;0;0;0;0;0;0;0;0;0;0;0;0;0;0;0;0;0;0;0;0;0;0;0;0;0;0;0;46.66666667;0;0;0;0;0;1.333333333;0;0;0;0;4.344086022;0;446.6666667;0;0;0;0;0;0;1.333333333;0;0;0;0;0;0;0;4;0;0;0;0;0;0;32;0;113.3333333;1.333333333;68;0;0;0;1.333333333;0;0;0;0;0;0;0;0;1946.455585;80.21108179;0;0;1.333333333;0;0;0;0;0.602150538;0;0;0;0;0;0;0;0;0;0;0;0;0;0;0;0;0;0;0;0;0;0;0;0;0;0;0;12;0;0;0;0;0;0;0;0;0;0;0;0;0;0;0;0;0;0;0;0;0;0;0;0;0;0;0;0;0;0;0.172043011;0;0;5.333333333;0;70.66666667;1.333333333;0;0;0;0;0;0;0;0;4;0;0;0;0;0;0;0;0;0;0;0;0;0;0;0;0;12;0;0;0;0;21.33333333;0;0;0;1.333333333;0;0;0;1.548387097;0;0;1.333333333;0;6.666666667;0;0;0;0;0;0;0;0;0;0;0;5.333333333;14.66666667;0;0;0;0;2.666666667;0;0;0;0;0;0;0;0;13.33333333;0;0;0;0;0;0;0;0;0;0;0;0;0;0;0
37;2019;WI;2019_WI;2;0;0;0;0;0;0;0;0;0;0;0;0;0;0;0;0;0;0;0;0;0;0;0;0;0;0;0;0;0;0;0;0;0;1.333333333;57.33333333;326.6666667;1.333333333;0;30.75268817;0;614.6666667;0;0;0;0;0;0;0;0;0;0;0;0;0;0;2.666666667;0;0;0;0;0;0;0;0;501.3333333;0;0;0;0;0;4;0;0;0;0;0;0;0;0;80.28383892;993.0494944;0;0;0;0;0;0;0;28.37275986;0;0;0;9.333333333;0;0;0;0;0;0;0;0;0;0;0;0;0;0;0;0;0;0;0;0;0;0;0;0;0;0;0;0;0;0;0;0;0;0;0;0;0;0;0;0;0;0;0;0;0;0;0;0;0;0;0;0;0;0;8.487455197;0;0;21.33333333;0;0;0;0;0;0;202.6666667;2.666666667;0;0;0;2.666666667;0;0;1.333333333;0;0;0;0;0;0;0;0;0;0;0;10.66666667;0;0;0;0;0;0;116;0;0;0;0;0;0;0;56.38709677;0;0;0;1.333333333;9.333333333;0;0;0;0;0;0;0;0;0;0;0;0;13.33333333;0;0;0;0;17.33333333;0;0;0;0;0;0;0;0;0;0;0;0;0;0;8;0;0;0;0;0;0;0;0;0
37;2019;SP;2019_SP;3;0;0;0;0;0;0;0;0;0;0;0;1.230769231;0;0;0;0;0;0;0;0;0;0;0;0;0;0;0;30.76923077;0;0;0;0;0;0;0;38.15384615;7.384615385;0;50.50124069;0;393.8461538;0;0;0;0;0;0;11.07692308;0;0;0;0;0;0;0;0;0;0;0;0;0;0;0;0;65.23076923;33.23076923;30.76923077;0;0;0;0;0;0;0;0;0;0;0;0;320.9602489;385.5012896;0;1.230769231;1.230769231;0;0;0;0;3.454094293;0;0;0;0;0;0;0;0;0;3.692307692;0;0;0;0;0;0;0;0;0;0;0;0;0;0;0;0;0;0;0;0;0;0;0;0;0;0;0;0;0;0;0;0;0;0;0;0;12.30769231;0;0;0;0;0;0;0;0;0;0;0;0.635235732;1.230769231;0;8.615384615;0;1.230769231;0;0;0;0;0;0;0;0;0;0;0;0;0;0;1.230769231;0;0;0;0;0;0;0;0;0;0;0;2.461538462;0;0;0;0;36.92307692;0;0;0;16;0;0;0;24.17866005;0;0;0;0;0;0;0;0;0;0;0;0;0;0;0;0;3.692307692;6.153846154;0;0;0;0;0;0;0;1.230769231;0;0;0;0;0;1.230769231;0;0;0;0;0;6.153846154;0;0;0;0;0;0;0;0;0
37;2019;SU;2019_SU;4;0;1.230769231;0;0;0;0;0;0;0;0;0;0;0;0;0;0;0;0;0;0;0;0;0;0;0;0;0;0;0;0;0;0;0;6.153846154;0;235.0769231;0;0;1.230769231;0;211.6923077;0;0;0;0;0;0;0;0;0;0;0;0;0;0;0;0;0;0;0;0;0;0;0;12.30769231;0;0;0;0;0;0;0;0;0;0;0;0;0;0;430.4377942;247.7160519;0;0;0;0;0;0;0;0;0;0;0;0;0;0;0;0;0;0;0;0;0;0;0;0;0;0;0;0;0;0;0;0;0;0;0;0;0;0;0;0;1.230769231;0;0;0;0;0;3.692307692;0;0;0;0;0;0;0;0;0;0;0;0;0;0;0;0;0;0;0;0;0;0;0;0;0;0;0;0;0;0;6.153846154;0;0;0;12.30769231;0;0;1.230769231;0;3.692307692;0;0;0;0;0;0;0;1.230769231;0;0;0;0;0;0;0;0;6.153846154;0;0;0;2.461538462;0;0;0;0;0;0;0;0;0;0;0;0;0;0;0;0;0;0;0;0;0;24.61538462;0;0;0;0;0;0;0;0;0;0;2.461538462;0;0;0;0;0;0;0;0;0;0;0;0;0;0;3.692307692;0;0;0
37;2020;SU;2020_SU;5;0;0;0;0;0;0;0;0;0;0;0;0;0;1.6;0;1.6;0;0;0;0;0;0;0;0;0;0;0;0;0;0;0;0;0;0;0;17.6;3.2;0;0;0;1044.8;0;0;0;0;0;0;4.8;0;1.6;0;0;0;0;0;3.2;0;0;0;0;0;0;0;0;3.2;0;0;6.4;0;0;0;0;0;0;0;0;0;0;0;128;2150.4;0;0;11.2;0;0;0;0;0;0;0;0;0;0;0;4.8;0;0;0;0;0;0;0;0;0;0;0;0;0;0;0;0;0;0;0;0;0;0;0;0;0;0;0;0;0;0;0;0;0;0;0;0;0;0;0;0;0;0;0;0;0;0;0;0;0;0;0;0;0;0;22.4;0;0;1.6;0;0;0;0;24;0;0;0;4.8;0;0;0;0;60.8;0;0;0;0;0;0;0;0;0;0;0;0;0;0;0;0;3280;0;0;0;0;0;0;0;0;0;0;0;4.8;67.2;0;40;0;0;0;0;0;0;0;0;0;4.8;46.4;0;0;0;0;0;0;0;0;0;0;1.6;0;0;0;0;0;0;0;0;27.2;0;0;3.2;0;0;1.6;0;0;0
37;2020;AU;2020_AU;6;0;0;0;0;0;0;0;0;0;0;0;0;0;0;0;0;0;0;0;0;0;0;0;0;0;0;0;0;0;0;0;0;0;0;0;0;3.2;0;0;0;112;1.6;0;0;0;0;0;0;0;0;0;0;0;0;0;0;0;0;0;0;0;0;0;0;11.2;0;1.6;0;0;0;0;0;0;0;0;0;0;0;0;3.2;91.2;0;0;0;0;0;0;0;0;0;0;0;0;0;0;8;0;0;0;0;0;0;0;0;0;0;0;0;0;0;0;0;0;0;0;0;0;0;0;0;0;0;0;0;0;0;0;0;0;0;0;0;0;0;0;0;0;0;0;0;0;0;0;0;0;0;0;0;0;0;12.8;0;0;0;0;0;0;4.8;1.6;0;0;0;1.6;0;0;0;0;0;0;0;0;0;0;0;0;0;0;0;1.6;0;0;0;0;0;544;0;0;0;0;0;0;0;0;0;0;0;4.8;3.2;0;33.6;0;0;0;0;0;0;0;0;0;3.2;1.6;0;0;0;0;0;0;0;0;0;0;0;0;0;0;0;0;0;0;0;17.6;0;0;0;0;0;0;0;0;0
37;2021;WI;2021_WI;7;0;0;0;0;0;0;0;0;0;0;0;0;0;0.097709924;0;0;0;0;0;0;0;0;0;0;0;0;0;9.6;0;0;0;0;0;0;0;0;38.4;0;0.781679389;0;425.6;0;0;0;0;0;0;8;0;0;0;0;0;0;0;0;0;0;0;0;0;0;0;0;113.6;0;0;0;0;0;51.2;0;0;0;0;0;0;0;6.4;3.2;272;0;0;0;0;0;0;0;180.0549618;0;0;0;0;0;0;0;0;43.2;0;0;0;1.6;0;0;0;0;0;0;0;0;0;0;0;0;0;0;0;0;0;0;0;0;0;0;0;0;0;0;0;0;0;0;0;0;0;0;0;0;0;0;0;0;0;0;0;0;0.390839695;0;0;0;134.4;0;0;3.2;0;0;0;43.2;1.6;0;0;0;0;0;0;0;0;9.6;0;0;0;0;0;0;0;0;0;0;1.6;0;0;0;0;0;408;0;0;0;0;0;0;0;10.67480916;0;0;0;25.6;25.6;0;76.8;0;0;0;0;0;0;0;0;0;11.2;24;0;0;0;0;0;0;0;9.6;0;0;0;0;0;4.8;0;0;0;0;0;62.4;0;0;1.6;0;0;0;0;0;0
37;2021;SP;2021_SP;8;0;0;0;0;0;1.6;0;0;0;0;0;0;0;0.073282443;0;0;0;0;0;0;0;0;0;0;0;0;0;0;0;0;0;0;0;0;0;27.2;145.6;0;13.38625954;0;2403.2;0;0;0;0;0;0;4.8;0;0;0;0;0;0;0;0;0;0;0;0;0;0;0;0;57.6;0;0;1.6;0;0;12.8;0;0;0;0;0;0;0;0;14.4;275.2;0;0;3.2;0;0;0;0;9.441221374;0;0;0;0;0;0;0;0;0;20.8;0;0;0;0;0;0;0;0;0;0;0;0;0;0;0;0;0;0;0;0;0;0;0;0;0;0;0;0;0;0;0;0;0;0;0;0;0;0;0;0;0;0;0;0;0;0;0;6.693129771;0;0;0;9.6;0;0;0;0;0;0;0;20.8;0;0;0;0;0;0;0;0;44.8;0;0;0;0;0;0;0;0;0;0;0;0;0;0;0;0;1302.4;0;0;0;1.6;0;0;0;8.80610687;0;0;0;17.6;0;0;294.4;0;0;0;0;0;0;0;0;0;14.4;11.2;0;0;0;0;0;0;0;0;0;0;0;0;0;1.6;0;0;0;0;0;72;0;0;0;0;0;0;0;0;0
37;2021;SU;2021_SU;9;0;0;0;0;0;0;0;0;0;0;0;0;0;1.6;0;0;0;0;0;0;0;0;0;0;0;0;0;0;0;0;0;0;0;0;0;0;22.4;0;0;0;124.8;0;0;0;0;0;0;0;0;1.6;0;0;0;0;0;0;0;0;0;0;0;0;0;0;0;0;0;0;0;0;0;0;0;0;0;0;0;0;0;4.8;342.4;0;0;6.4;0;0;0;0;0;0;0;0;0;0;0;0;0;0;0;0;0;0;0;0;0;0;0;0;0;0;0;0;0;0;0;0;0;0;0;0;0;0;0;0;0;0;0;0;0;0;0;0;0;0;0;0;0;0;0;0;0;0;0;0;0;0;0;0;0;0;52.8;0;0;0;0;0;0;0;24;0;0;0;0;0;0;0;0;12.8;0;0;0;0;0;0;0;0;0;0;0;0;0;0;0;0;1574.4;0;0;0;0;0;0;0;0;0;0;0;22.4;9.6;0;1230.4;0;0;0;0;0;0;0;0;0;0;11.2;0;0;0;0;0;0;0;0;0;0;0;0;0;1.6;0;0;0;0;0;27.2;0;0;0;0;0;0;0;0;0
37;2021;AU;2021_AU;10;0;0;0;0;0;0;0;0;0;0;0;0;0;0;0;0;0;0;0;0;0;0;0;0;0;0;0;0;0;1.6;0;0;0;0;0;0;4.8;0;0;0;48;0;0;0;0;0;0;0;0;0;0;0;0;0;0;0;0;0;0;0;0;0;0;0;0;0;0;0;0;0;0;0;0;0;0;0;0;0;0;3.2;52.8;0;0;0;0;0;0;0;0;0;0;0;0;0;0;0;0;0;0;0;0;0;0;0;0;0;0;0;0;0;0;0;0;0;0;0;0;0;0;0;0;0;0;0;0;0;0;0;0;0;0;0;0;0;0;0;0;0;0;0;0;0;0;0;0;0;0;0;0;0;44.8;0;0;0;0;0;0;0;3.2;0;0;0;1.6;0;0;0;0;94.4;0;0;0;0;0;0;0;0;0;0;1.6;0;0;0;0;0;1075.2;0;0;0;0;0;0;0;0;0;0;0;59.2;14.4;0;1638.4;0;0;0;0;0;0;0;0;0;27.2;9.6;0;0;0;0;0;0;0;0;0;0;0;0;0;1.6;0;0;0;0;0;51.2;0;0;0;0;0;0;0;0;0
37;2022;WI;2022_WI;11;0;0;0;0;0;0;0;0;0;0;0;0;0;0;0;0;0;0;0;0;0;0;0;0;0;0;0;0;0;0;0;0;0;0;0;0;54.4;0;3.351351351;0;640;0;0;0;0;0;0;1.6;0;0;0;0;0;0;0;0;0;0;0;0;0;0;0;0;0;0;0;0;0;0;0;0;0;0;0;0;0;0;8;0;28.8;0;0;0;0;0;0;0;309.8162162;0;0;0;0;0;0;0;0;0;0;0;0;3.2;0;0;0;0;0;0;0;0;0;0;0;1.6;0;0;0;0;0;0;0;0;0;0;0;0;0;0;0;0;0;0;0;0;0;0;0;0;0;0;0;0;0;0;0;0;0;0;0;0;288;0;0;0;0;0;0;80;1.6;0;0;0;0;0;0;0;0;240;0;0;0;0;0;0;0;0;0;0;0;0;0;0;0;0;2798.4;0;0;0;0;0;0;0;3.632432432;0;0;0;180.8;6.4;0;281.6;0;0;0;0;0;0;0;0;0;8;11.2;0;0;0;0;0;0;0;0;0;0;0;0;0;0;0;0;0;0;0;57.6;0;0;0;0;0;0;0;0;0
37;2022;SP;2022_SP;12;0;0;0;0;0;4.8;0;0;0;0;0;0;0;0;0;0;0;0;0;0;0;0;0;0;0;0;0;0;0;0;0;0;0;0;0;1.6;104;0;49.6;0;4283.2;0;0;0;0;0;0;0;0;0;0;0;0;0;0;0;0;0;0;0;0;0;0;0;4.8;0;0;0;0;0;1.6;0;0;0;0;0;0;0;0;17.6;22.4;0;0;0;0;0;0;0;9.6;0;0;0;0;0;0;0;0;0;0;0;0;0;0;0;0;0;0;0;0;0;0;0;0;0;0;0;0;0;0;0;0;0;0;0;0;1.6;0;0;0;0;0;0;0;0;0;0;0;0;0;0;0;0;0;0;0;0;0;0;0;0;46.4;0;0;0;0;0;0;1.6;0;0;0;0;0;0;0;0;0;251.2;0;0;0;0;0;0;0;0;0;0;19.2;0;0;0;0;0;11904;0;0;0;0;0;0;0;3.2;0;0;0;36.8;0;0;2713.6;0;0;0;0;0;0;0;0;0;54.4;0;0;0;0;0;0;0;0;25.6;0;0;0;0;0;4.8;0;0;0;0;0;153.6;0;0;0;0;0;0;0;0;0
37;2022;AU;2022_AU;13;0;0;0;1.6;0;0;0;0;0;0;0;0;0;0;0;0;0;0;0;0;0;0;1.6;0;0;0;0;0;0;1.6;0;0;0;0;0;0;16;0;0;0;342.4;0;0;0;0;0;0;0;0;0;0;0;0;0;0;0;0;0;0;0;0;0;0;0;0;0;0;0;0;0;1.6;0;0;0;0;0;0;0;0;0;0;0;0;0;0;0;0;0;10;0;0;0;0;0;0;0;0;0;0;0;0;1.6;0;0;0;0;0;0;0;0;0;0;0;0;0;0;0;0;0;0;0;0;0;0;0;0;0;0;0;0;0;0;0;0;0;0;0;0;0;0;0;0;0;0;0;0;0;0;0;0;563.2;0;0;0;0;0;0;4.8;0;0;0;0;0;0;0;0;0;70.4;0;0;0;0;0;0;0;0;0;0;0;0;0;0;0;0;3496;0;0;0;0;0;0;0;30;0;0;0;83.2;51.2;0;491.2;0;0;0;0;0;0;0;0;0;144;0;0;0;0;0;0;0;0;0;0;0;0;0;0;6.4;0;0;0;0;0;54.4;0;0;0;0;0;0;0;0;0
37;2023;WI;2023_WI;14;0;0;0;0;0;0;0;0;0;0;0;0;0;0;0;0;0;0;0;0;0;0;0;0;0;0;0;0;0;0;0;0;0;0;0;0;6.4;0;0;0;33.6;0;0;0;0;0;0;0;0;0;0;0;0;0;0;0;0;0;0;0;0;0;0;0;0;0;0;0;0;0;0;0;1.6;0;0;0;0;0;0;4.8;11.2;0;0;0;0;0;0;0;13.2;0;0;0;0;0;0;0;0;0;4.8;0;0;3.2;0;0;0;0;0;0;0;0;0;0;0;0;0;0;0;0;0;0;0;0;0;0;0;0;0;0;0;0;0;0;0;0;0;0;0;0;0;0;0;0;0;0;0;0;0;0;0;0;448;0;0;0;0;0;0;275.2;0;0;0;0;0;0;0;0;0;134.4;0;0;0;0;0;0;0;0;0;0;0;0;0;0;0;0;793.6;0;0;0;0;0;0;0;39.6;0;0;0;550.4;84.8;0;32;0;0;0;0;0;0;0;0;0;976;1.6;0;0;0;0;0;0;0;9.6;0;0;0;0;0;8;0;0;0;0;0;96;0;0;4.8;0;0;0;0;0;0
37;2023;SP;2023_SP;15;0;0;0;0;0;0;0;0;0;0;0;0;0;0;0;0;0;0;0;0;0;0;0;0;0;0;0;0;0;0;0;0;0;0;0;0;1.6;0;0;0;11.2;0;0;0;0;0;0;0;0;0;0;0;0;0;0;0;0;0;0;0;0;0;0;0;0;0;0;0;0;0;0;0;0;0;0;0;0;0;0;4.8;1.6;0;0;0;0;0;0;0;0;0;0;0;0;0;0;0;0;0;1.6;0;0;3.2;0;0;0;0;0;0;0;0;0;0;0;0;0;0;0;0;0;0;0;0;0;0;0;0;0;0;0;0;0;0;0;0;0;0;0;0;0;0;0;0;0;0;0;0;0;0;0;0;3.2;0;0;0;0;0;0;0;0;0;0;0;0;0;0;0;0;17.6;0;0;0;0;0;0;0;0;0;0;0;0;0;0;0;0;52.8;0;0;0;0;0;0;0;0;0;0;0;11.2;0;0;1.6;0;0;0;0;0;0;0;0;0;0;0;0;0;0;0;0;0;0;0;0;0;0;0;0;0;0;0;0;0;0;4.8;0;0;0;0;0;0;0;0;0
38;2018;AU;2018_AU;1;0;0;0;0;0;0;0;0;0;0;0;0;0;0;0;0;0;0;0;0;0;0;0;0;0;0;0;0;0;0;0;0;0;4;0;0;2.666666667;0;2.666666667;0;213.3333333;0;0;0;0;0;0;6.666666667;0;0;0;0;0;0;0;13.33333333;0;0;0;0;0;0;0;0;0;0;0;0;0;0;0;0;0;0;0;0;0;0;1.333333333;477.6915423;463.641791;0;0;2.666666667;0;0;0;0;0;0;0;0;1.333333333;0;0;1.333333333;0;0;0;0;0;0;0;0;0;0;0;0;0;0;0;0;0;0;0;0;1.333333333;0;0;0;0;0;0;0;0;0;0;0;0;0;0;0;0;0;0;0;0;0;0;0;0;0;0;0;0;0;0;0;0;0;22.66666667;0;0;0;0;0;0;0;9.333333333;0;0;0;9.333333333;0;0;1.333333333;0;0;0;0;0;0;0;0;0;0;0;0;0;16;0;0;0;0;121.3333333;0;0;0;0;0;0;0;0;0;0;0;1.333333333;9.333333333;0;0;0;0;0;0;0;0;0;0;0;6.666666667;22.66666667;0;0;0;0;6.666666667;0;1.333333333;0;0;0;0;0;0;4;0;0;0;0;0;6.666666667;0;0;0;0;0;0;0;0;0
38;2019;WI;2019_WI;2;0;0;0;0;0;0;0;0;0;0;0;0;0;0;0;0;0;0;0;0;0;0;0;0;0;0;0;6.666666667;0;0;0;0;0;0;89.33333333;0;38.66666667;0;15.41085271;0;1997.333333;0;0;0;0;0;0;0;0;0;0;0;1.333333333;0;0;8;0;0;0;0;0;0;0;0;388;5.333333333;16;0;0;0;0;0;0;0;0;0;0;0;0;1393.934529;1259.398804;0;0;0;0;0;0;0;0;0;0;0;0;0;0;0;0;6.666666667;0;0;0;0;0;0;0;0;0;0;0;0;0;0;0;0;0;0;0;0;0;0;0;0;0;0;0;0;1.333333333;0;9.333333333;0;0;0;0;0;0;30.66666667;0;0;0;0;0;0;0;0;0;0;0;0;0;0;40;0;58.66666667;0;0;0;0;56;0;0;0;0;0;0;0;1.333333333;0;0;0;1.333333333;0;0;0;0;0;0;0;1.333333333;0;45.33333333;0;0;0;0;57.33333333;0;14.66666667;0;48;0;0;0;127.255814;0;0;0;0;2.666666667;0;0;0;0;0;0;0;0;0;0;0;18.66666667;30.66666667;0;0;0;0;0;0;0;0;0;0;0;0;0;2.666666667;0;0;0;0;0;0;0;0;0;0;0;0;0;0;0
38;2019;SP;2019_SP;3;0;0;0;0;0;0;0;0;0;0;0;0;0;0;0;0;0;1.333333333;0;0;0;1.333333333;0;0;0;0;0;10.66666667;0;0;0;0;0;0;0;173.3333333;5.333333333;0;5.333333333;0;281.3333333;0;0;0;0;0;0;0;0;0;0;0;0;0;0;0;0;0;0;0;0;0;0;0;249.3333333;0;0;0;0;0;0;0;0;0;0;0;0;0;0;25.33333333;70.66666667;0;0;10.66666667;0;0;0;0;0;0;0;0;0;0;0;0;0;0;0;0;0;1.333333333;0;0;0;0;0;0;0;0;0;0;0;0;0;0;0;0;0;0;0;0;0;0;0;0;0;0;1.333333333;0;0;0;0;0;0;2.666666667;0;0;0;0;0;0;0;0;0;0;0;0;0;0;8;0;0;0;0;0;0;0;0;0;0;0;0;0;0;0;0;20;0;0;0;0;0;0;0;0;0;0;0;0;0;0;0;0;25.33333333;0;0;0;0;0;0;0;0;0;0;0;0;1.333333333;0;0;0;0;0;0;0;0;0;0;0;0;0;0;0;0;0;0;0;0;0;0;0;0;0;0;0;0;0;0;0;1.333333333;0;0;0;0;0;0;5.333333333;0;0;0
38;2019;SU;2019_SU;4;0;0;0;0;0;0;0;0;0;0;0;0;0;0;0;0;0;0;0;0;0;0;0;0;0;0;0;0;0;0;0;0;0;0;0;0;1.333333333;0;1.333333333;0;42.66666667;0;0;0;0;0;0;0;0;4;0;0;0;0;0;0;0;0;0;0;0;0;0;0;1.333333333;2.666666667;5.333333333;0;0;0;0;0;0;0;0;0;0;0;0;70.27887945;240.3877872;0;0;8;0;0;0;0;0;0;0;0;0;0;0;0;0;0;0;0;0;0;0;0;0;0;0;0;0;0;0;0;0;0;0;0;4;0;0;0;0;0;0;0;0;0;0;0;0;0;0;0;0;0;0;0;0;0;0;0;0;0;0;0;0;0;0;0;0;0;0;0;0;0;0;0;0;0;5.333333333;0;0;0;5.333333333;0;0;0;0;9.333333333;0;0;0;0;0;0;0;0;0;0;0;8;0;0;0;0;14.66666667;0;0;0;0;0;0;0;0;0;0;0;0;0;0;0;0;0;0;0;0;0;0;0;0;1.333333333;6.666666667;0;0;0;0;0;0;0;0;0;0;0;0;0;0;0;0;0;0;0;0;0;0;0;0;0;0;1.333333333;0;0
38;2020;AU;2020_AU;5;0;0;0;0;1.6;0;0;0;0;0;0;0;0;0;0;0;0;0;0;0;0;0;0;0;0;0;0;0;0;0;0;0;0;0;0;0;0;0;0;0;0;0;0;0;0;0;0;0;0;0;0;0;0;0;0;0;1.6;0;0;0;0;0;0;0;0;0;0;0;0;0;0;0;0;0;0;0;0;0;11.2;6.4;0;0;0;0;0;0;0;0;0;0;0;0;0;0;0;0;0;0;0;0;0;0;0;0;0;0;0;0;0;0;0;0;0;0;0;0;0;0;0;0;0;0;0;0;1.6;0;0;0;0;0;0;0;0;0;0;0;0;0;0;0;0;0;0;0;0;0;0;0;0;0;3.2;0;0;0;0;0;0;0;0;0;0;0;0;0;0;0;0;1.6;0;0;0;0;0;0;0;0;0;0;0;0;0;0;0;0;20.8;3.2;0;0;0;0;0;0;0;0;0;0;0;0;0;9.6;0;0;0;0;0;0;0;0;0;0;0;0;0;0;0;0;0;0;0;0;0;0;0;0;1.6;0;0;0;0;0;0;0;0;4.8;0;0;0;0;0;0
38;2021;WI;2021_WI;6;0;0;0;0;0;4.8;0;0;0;0;0;0;0;0;0;0;0;0;0;0;0;0;0;0;0;0;0;0;0;0;0;0;0;0;315.2;0;0;0;0.32;0;416;0;0;0;0;0;0;0;0;0;0;0;0;0;0;0;0;0;0;0;0;0;0;0;0;0;0;0;0;0;0;0;0;0;0;0;0;0;0;0;0;0;0;0;0;0;0;0;30.24;0;0;0;0;0;0;0;0;0;0;0;0;3.2;0;0;0;0;0;0;0;0;0;0;0;0;0;0;0;0;0;0;0;0;0;0;0;0;0;0;0;0;0;0;0;0;0;35.2;0;0;0;0;0;0;0;0;0;0;0.08;5.2;0;0;1.6;0;0;0;0;0;0;28.8;0;0;0;0;0;0;0;0;0;24;0;0;0;0;0;0;0;0;0;0;0;0;0;0;0;0;4.8;0;0;0;3.2;0;0;0;1.92;0;0;0;0;0;0;1.6;0;0;0;0;0;0;0;0;0;0;0;0;0;0;0;0;0;0;0;139.2;0;0;0;7.04;1.6;0;0;0;0;0;0;0;0;0;0;0;0;0;0;0
38;2021;SP;2021_SP;7;0;0;0;0;0;0;0;0;0;0;0;0;0;0;0;0;0;0;0;0;0;0;0;0;0;0;0;0;0;0;0;0;0;0;0;0;60.8;0;6.4;0;62.4;0;0;0;0;0;0;0;0;0;0;0;0;0;0;0;1.6;0;0;0;0;0;0;0;0;0;0;0;0;0;0;0;0;0;0;0;0;0;3.2;0;0;0;0;0;0;0;0;0;0;0;0;0;0;0;0;0;0;0;0;0;0;4.8;0;0;0;0;0;0;0;0;0;0;0;0;0;0;0;0;0;0;0;0;0;0;0;0;0;0;0;0;1.6;0;0;0;0;16;0;0;0;0;0;0;0;0;0;0;1.6;3.2;0;0;24;0;0;0;0;0;0;12.8;0;0;0;0;0;0;0;0;0;49.6;0;0;0;0;0;0;0;0;0;0;0;0;0;0;0;0;20.8;0;0;0;1.6;0;0;0;4.8;0;0;0;3.2;1.6;0;0;0;0;0;0;0;0;0;0;0;0;0;0;0;0;0;0;0;0;0;776;0;0;0;6.4;8;0;0;0;0;0;16;0;0;1.6;0;0;0;0;0;0
38;2022;WI;2022_WI;8;0;0;0;0;0;6.4;0;0;0;0;0;0;0;0.121518987;0;0;0;0;0;0;0;0;0;0;0;0;0;0;0;3.2;0;0;0;0;9.6;0;1.6;0;0.121518987;0;2460.8;0;0;0;0;0;0;0;0;0;0;0;0;0;0;0;3.2;0;0;0;0;0;0;0;0;0;0;0;0;0;0;0;0;0;0;0;0;0;19.2;0;0;0;0;0;0;0;0;0;82.99746835;0;0;0;0;0;0;0;0;0;0;0;0;1.6;0;0;0;0;0;0;0;0;0;0;0;0;0;0;0;0;0;0;0;0;0;0;0;0;0;0;0;0;0;0;0;0;0;0;0;0;0;0;0;0;0;0;0;0;0;3.443037975;0;0;0;0;0;0;0;0;0;32;0;0;0;0;0;0;0;0;0;91.2;0;0;0;0;0;0;0;0;0;0;0;0;0;0;0;0;14.4;0;0;0;0;0;0;0;5.407594937;0;0;0;0;0;0;1.6;0;0;0;0;0;0;0;0;0;0;0;0;0;0;0;0;0;0;65.6;0;0;0;0;32.70886076;3.2;0;0;0;0;0;0;0;0;0;0;0;0;0;0;0
38;2022;SP;2022_SP;9;0;0;0;0;0;0;0;0;0;0;0;0;1.6;1.6;0;0;0;0;0;0;0;0;0;0;0;0;0;0;0;0;0;0;0;0;0;0;0;0;1.6;0;62.4;0;0;0;0;0;0;0;0;0;0;0;0;0;0;0;0;0;0;0;0;0;0;0;0;0;0;0;0;0;0;0;0;0;0;0;0;0;14.4;0;0;0;0;0;0;0;0;0;4.8;0;0;0;0;0;0;0;0;0;3.2;0;0;0;0;0;0;0;0;0;0;0;0;0;0;0;0;0;0;0;0;0;0;0;0;0;0;0;0;0;0;0;0;0;0;0;0;11.2;0;0;0;0;0;0;0;0;0;0;0;0;0;0;0;0;0;0;3.2;0;0;28.8;0;0;0;0;0;0;0;0;0;25.6;0;0;0;0;0;0;0;0;0;0;0;0;0;0;0;0;27.2;0;0;0;1.6;0;1.6;0;3.2;0;0;0;0;0;0;0;0;0;0;0;0;0;0;0;0;0;0;0;0;0;0;0;0;0;366.4;0;0;0;0;0;3.2;0;0;0;0;0;1.6;0;0;0;0;0;0;0;0;0
38;2022;AU;2022_AU;10;0;0;4.8;9.6;0;0;0;0;0;0;0;0;0;0.417391304;0;0;0;0;0;0;0;0;0;0;0;0;0;0;0;0;0;0;0;0;0;0;0;0;0;0;0;0;0;0;0;0;0;0;0;100.8;0;0;0;0;0;0;0;0;0;0;0;0;0;0;0;0;0;3.2;0;0;0;0;0;0;0;0;0;0;0;0;0;0;0;0;0;0;0;0;2.086956522;0;0;0;0;0;0;0;0;0;0;0;0;0;0;0;0;0;0;0;0;0;0;0;0;0;0;0;0;0;0;0;0;0;0;0;0;0;0;0;0;0;0;0;0;0;0;0;0;0;0;0;0;0;0;0;0;0;0;0.27826087;0;0;1.6;0;0;0;0;0;0;0;0;0;0;0;0;0;0;0;0;1.6;0;0;0;0;0;0;0;0;0;0;0;0;0;0;0;0;6.4;1.6;0;1.6;0;0;0;0;0;0;0;0;0;0;0;0;0;0;0;0;0;0;0;0;0;0;0;0;0;0;0;0;0;0;0;0;0;1.6;0;0.417391304;1.6;0;0;0;0;0;0;0;0;0;0;0;0;0;0;0
38;2023;WI;2023_WI;11;0;0;0;4.8;0;0;0;0;0;0;0;0;0;0;0;0;0;0;0;0;0;0;0;0;0;0;0;0;0;0;0;0;0;0;1.6;0;4.8;0;0;0;56;0;0;0;0;0;0;0;0;0;0;0;0;0;0;0;0;0;0;0;0;0;0;0;0;0;0;0;0;0;0;0;0;0;0;0;0;0;3.2;0;1.6;0;0;0;0;0;0;0;24;0;0;0;0;0;0;0;0;0;12.8;0;0;1.6;0;0;0;0;0;0;0;0;0;0;0;0;0;0;0;0;0;0;0;0;0;0;0;0;0;0;0;0;0;0;0;0;0;38.4;0;0;0;0;0;0;0;0;0;0;0;3.2;0;0;0;0;0;0;0;0;0;19.2;0;0;0;0;0;0;0;0;0;27.2;0;0;0;0;0;0;0;0;0;0;0;0;0;0;0;0;3.2;0;0;0;0;0;0;0;0;0;0;0;0;0;0;0;0;0;0;0;0;0;0;0;0;0;0;0;0;0;0;0;0;0;371.2;0;0;0;0;4.8;0;0;0;0;0;0;1.6;0;0;0;0;0;0;0;0;0
38;2023;SP;2023_SP;12;0;0;1.6;3.2;0;0;0;0;0;0;0;0;11.2;4.8;0;0;0;0;0;0;0;0;0;0;0;0;0;0;0;0;0;0;0;0;6.4;0;0;0;0;0;4.8;0;0;0;0;0;0;0;0;0;0;0;0;0;0;0;0;0;0;0;0;0;0;0;0;0;0;0;0;0;0;0;0;0;0;0;0;0;0;0;30.4;0;0;0;0;0;0;0;0;0;0;0;0;0;0;0;0;0;313.6;0;0;0;0;0;0;0;0;0;0;0;0;0;0;0;0;0;0;0;0;0;0;0;0;0;0;0;0;0;0;0;0;0;0;1.6;0;8;0;0;0;0;0;0;1.6;0;0;0;0;0;0;0;1.6;0;0;0;0;0;0;4.8;0;0;0;0;0;0;0;0;0;6.4;0;0;0;0;0;0;0;0;0;0;0;0;0;0;0;0;0;0;0;0;0;0;1.6;0;0;0;0;0;0;0;0;1.6;0;0;0;0;0;0;0;0;0;0;0;0;0;0;0;0;0;0;1.6;0;0;0;0;0;3.2;0;0;0;0;0;0;0;0;0;0;0;0;0;0;0
39;2018;AU;2018_AU;1;0;0;0;0;4;0;0;0;0;0;0;0;0;0;0;0;0;0;0;0;0;0;10.66666667;0;0;0;0;0;0;0;0;0;0;0;0;0;0;0;5.333333333;0;1056;0;0;0;0;0;0;2.666666667;0;2.666666667;0;0;0;0;0;0;0;0;0;0;0;0;0;0;100;0;0;0;0;0;73.33333333;0;0;0;0;0;0;0;0;242.2894737;212.377193;0;0;0;0;0;0;0;0;0;0;0;0;0;0;0;0;0;0;0;0;0;0;0;0;0;0;0;0;0;0;0;0;0;0;0;0;0;0;0;0;0;0;0;0;0;0;0;4;0;0;0;0;0;0;1.333333333;0;0;0;0;0;0;0;0;0;0;0;0;0;0;21.33333333;0;10.66666667;0;0;0;0;0;1.333333333;0;0;0;0;0;0;0;0;0;0;0;0;0;0;0;0;0;0;224;0;18.66666667;0;0;0;0;6.666666667;0;0;0;32;0;0;0;0;0;0;0;1.333333333;1.333333333;0;0;0;0;0;0;0;0;0;0;0;1.333333333;56;1.333333333;0;0;0;0;0;0;0;0;0;0;0;0;0;0;0;0;0;0;0;0;0;0;0;0;0;0;0;0
39;2019;WI;2019_WI;2;0;0;0;0;0;0;0;0;0;0;0;0;0;0;0;0;0;0;0;0;0;0;10.66666667;0;0;0;0;0;0;0;0;0;0;0;229.3333333;0;10.66666667;0;4.248888889;0;394.6666667;0;0;0;0;0;0;0;0;0;0;0;0;0;0;0;0;0;0;0;0;0;0;0;38.66666667;0;0;0;0;0;0;0;0;0;0;0;0;0;5.333333333;22.66666667;217.3333333;0;0;0;0;0;0;0;146.3644444;0;0;0;0;0;0;0;0;4;0;0;0;0;0;0;0;0;0;0;0;0;0;0;0;0;0;0;0;0;0;0;0;0;0;0;0;0;0;0;0;0;0;0;0;0;0;0;0;0;0;0;0;0;0;0;0;0;0;0;0;0;18.66666667;0;0;0;0;0;0;0;0;17.33333333;0;0;0;0;0;0;0;0;0;0;0;0;0;0;0;0;0;0;0;0;0;0;0;0;40;0;0;0;13.33333333;0;0;0;0.017777778;0;0;0;0;1.333333333;0;0;0;0;0;0;0;0;0;0;0;0;1.333333333;0;0;0;0;0;0;0;1.333333333;0;0;0;0;2.702222222;1.333333333;0;0;0;0;0;0;0;0;0;0;0;0;0;0;0
39;2019;SP;2019_SP;3;0;0;0;0;0;0;0;0;0;0;0;0;9.333333333;0;0;0;0;0;0;0;0;0;1.333333333;0;0;0;0;0;0;0;0;0;0;0;0;0;70.66666667;0;9.333333333;0;266.6666667;0;0;0;0;0;4;0;0;0;0;0;0;0;0;0;0;0;0;0;0;0;0;0;2.666666667;0;0;0;0;0;0;0;0;0;0;0;0;0;0;66.66666667;49.33333333;0;0;0;0;0;1.333333333;0;33.33333333;0;0;0;0;0;0;0;0;0;0;0;0;1.333333333;0;0;0;0;0;0;0;0;0;0;0;0;0;0;0;0;0;0;0;0;0;0;0;0;0;0;0;0;0;0;0;0;0;49.33333333;0;0;0;0;0;0;0;0;0;0;0;0;0;0;14.66666667;0;1.333333333;0;28;0;0;70.66666667;0;0;0;0;0;0;0;0;0;146.6666667;0;0;0;0;0;0;0;0;0;0;0;0;0;0;0;0;76;0;0;0;20;0;0;0;1.333333333;0;0;0;0;0;0;0;0;0;0;0;0;0;0;0;0;0;0;0;0;0;0;0;0;0;2.666666667;0;0;0;0;0;1.333333333;0;0;2.666666667;0;0;10.66666667;0;0;0;0;0;0;0;0;0
39;2019;SU;2019_SU;4;0;0;0;0;1.333333333;0;0;0;0;0;0;0;0;0;0;0;0;0;0;0;0;0;122.6666667;0;0;0;0;0;0;0;0;0;0;0;0;8;0;0;0;0;44;0;0;0;0;0;0;0;0;2050.666667;0;0;0;0;0;0;0;0;0;0;0;0;0;0;12;0;0;0;0;0;2.666666667;0;0;0;0;0;0;0;0;244.4374226;902.2292441;0;0;2.666666667;0;0;0;0;0;0;0;0;4;0;0;0;0;0;29.33333333;0;0;0;0;0;0;0;0;0;0;0;0;0;0;0;0;0;0;0;0;0;1.333333333;0;0;0;0;0;0;0;0;0;0;0;0;0;0;0;0;0;0;0;0;0;0;0;0;0;0;0;0;0;0;0;0;0;0;0;1.333333333;0;24;0;0;0;8;0;0;2.666666667;0;60;0;0;0;0;0;0;0;0;0;0;0;1.333333333;0;0;0;0;0;1.333333333;0;0;4;0;0;0;0;0;0;0;0;0;0;0;0;0;0;0;0;0;0;0;0;0;6.666666667;0;0;0;0;0;0;0;0;0;0;0;0;0;0;0;0;0;0;0;6.666666667;0;0;0;0;0;2.666666667;0;0;0
39;2020;SU;2020_SU;5;0;1.6;0;0;0;0;0;0;0;0;0;0;0;0;0;0;0;0;0;0;0;0;1184;0;0;0;0;0;0;0;0;0;0;0;0;0;0;0;1.6;0;1800;0;0;0;0;0;0;0;0;11.2;0;0;0;0;0;0;0;0;0;0;0;0;0;0;0;0;0;0;0;0;0;0;0;0;0;0;0;0;3.2;0;1472;0;0;1.6;0;0;0;0;0;0;0;0;8;0;0;0;0;0;124.8;0;0;0;3.2;0;0;0;0;0;0;0;0;0;0;0;0;0;0;0;0;0;0;0;0;0;0;0;0;0;0;0;0;0;0;0;0;0;0;0;0;0;0;0;0;0;0;0;0;0;0;0;0;0;0;0;0;0;0;0;1.6;0;0;0;1.6;0;0;0;0;24;0;0;0;0;0;0;0;0;0;0;0;0;0;0;0;0;105.6;0;0;0;11.2;0;0;0;0;0;0;0;0;0;0;17.6;0;0;0;0;0;0;0;0;0;1.6;3.2;0;0;0;0;0;0;0;0;0;0;0;0;0;0;0;0;0;0;0;0;0;0;0;0;0;0;0;0;0
39;2020;AU;2020_AU;6;0;0;0;0;1.6;0;0;0;0;0;0;0;0;0;0;0;0;0;0;0;0;0;112;0;0;0;0;0;0;0;0;0;0;0;0;0;0;0;0;0;32;0;0;0;0;0;0;0;0;44.8;0;0;0;0;0;3.2;0;0;0;0;0;0;0;0;0;0;0;0;0;0;0;0;0;0;0;0;0;0;0;0;11.2;0;0;0;0;0;1.6;0;1.6;0;0;0;0;0;0;4.8;0;0;0;0;0;0;0;0;0;0;0;1.6;0;0;0;0;0;0;0;0;0;0;0;0;0;0;0;0;0;0;0;0;0;0;0;0;0;0;0;0;0;0;0;0;0;0;0;0;0;0;0;0;0;0;3.2;0;0;0;0;0;0;0;8;0;0;0;1.6;0;0;1.6;0;62.4;0;0;0;0;0;0;0;0;0;0;0;0;0;0;0;0;0;0;0;0;0;0;0;0;0;0;0;0;0;0;0;35.2;0;0;0;0;0;0;0;0;0;4.8;0;0;0;0;0;0;0;0;0;0;0;0;0;0;0;0;0;0;0;0;0;0;0;0;0;0;0;0;0;0
39;2021;WI;2021_WI;7;0;0;0;0;0;1.6;0;0;0;0;0;0;0;0;0;0;0;0;0;0;0;0;11.2;0;0;0;0;0;0;0;0;0;0;0;0;0;0;0;0;0;59.2;0;0;0;0;0;0;0;0;6.4;0;0;0;0;0;0;0;0;0;0;0;0;0;0;4.8;0;0;0;0;0;0;0;0;0;0;0;0;0;0;3.2;3.2;0;0;1.6;0;0;0;0;267.2;0;0;0;0;0;0;0;0;0;0;0;0;0;0;0;0;0;0;0;0;0;0;0;0;0;0;0;0;0;0;0;0;0;0;0;0;0;0;0;0;0;0;0;0;0;0;0;0;0;0;0;0;0;0;0;0;0;0;0;0;0;1.6;0;0;0;115.2;0;0;268.8;0;0;0;0;0;0;0;0;0;70.4;0;0;0;0;0;0;0;0;0;0;0;0;0;0;0;0;11.2;0;0;0;0;0;0;0;0;0;0;0;0;0;0;0;0;1.6;0;0;0;0;0;0;0;0;0;0;0;0;0;0;0;0;0;0;0;0;0;0;0;0;0;0;0;0;1.6;0;0;0;0;0;0;0;0;0
39;2021;SP;2021_SP;8;0;1.6;0;0;0;4.8;0;0;0;0;0;0;0;0;0;0;0;0;0;0;0;0;51.2;0;0;0;0;0;0;0;0;0;0;0;0;0;12.8;0;0;0;60.8;0;0;0;0;0;0;0;0;1.6;0;0;0;0;0;0;0;0;0;0;0;0;0;0;0;0;0;0;0;0;0;0;0;0;0;0;0;0;0;0;6.4;0;0;1.6;0;0;0;0;72;0;0;0;0;0;0;0;0;0;0;0;0;0;0;0;0;0;0;0;0;0;0;0;0;0;0;0;0;0;0;0;0;0;0;0;0;0;0;0;0;0;0;0;0;0;0;108.8;0;0;0;0;0;0;0;0;0;0;0;1.6;0;0;3.2;0;0;0;739.2;0;0;788.8;0;0;0;0;0;0;0;0;0;208;0;0;0;0;0;0;0;0;0;0;0;0;0;0;0;0;105.6;0;0;0;1.6;0;0;0;0;0;0;0;0;0;0;4.8;0;0;0;0;0;0;0;0;0;0;0;0;0;0;0;0;0;0;0;403.2;0;0;0;1.6;0;0;0;0;0;0;4.8;0;0;0;0;0;0;0;0;0
39;2021;SU;2021_SU;9;0;44.8;0;0;0;0;0;0;0;0;0;0;0;0;0;0;0;0;0;0;0;0;1.6;0;0;0;0;0;0;0;0;0;0;0;0;0;0;0;0;0;8;0;0;0;0;0;0;0;0;0;0;0;0;0;0;0;0;0;0;0;0;0;0;0;0;0;0;0;0;0;0;0;0;0;0;0;0;0;0;0;4.8;0;0;4.8;0;0;0;0;0;0;0;0;0;0;0;6.4;0;0;0;0;0;0;0;0;0;0;0;0;0;0;0;0;0;0;0;0;0;0;0;0;0;0;0;0;0;0;0;0;0;0;0;0;0;0;0;0;0;0;0;0;0;0;0;0;0;0;0;0;0;0;1.6;0;0;0;0;0;0;0;3.2;0;0;0;3.2;0;1.6;1.6;0;0;0;0;0;0;0;0;0;0;0;0;0;0;0;0;0;0;0;0;0;0;0;0;0;0;0;0;0;0;0;1.6;0;9.6;0;0;0;0;0;0;0;0;0;0;0;0;0;0;0;0;0;0;0;0;0;0;0;0;0;0;0;0;0;0;0;0;0;0;0;0;0;0;0;0
39;2021;AU;2021_AU;10;0;24;0;0;3.2;0;0;0;0;0;0;0;0;0;0;0;0;0;0;0;0;0;0;0;0;0;0;0;0;0;0;0;0;0;0;0;0;0;0;0;70.4;0;0;0;0;0;0;0;0;0;0;0;0;0;0;0;0;0;0;0;0;0;0;0;0;0;0;0;0;0;0;0;0;0;0;0;0;0;0;0;0;0;0;0;0;0;0;0;0;0;0;0;0;0;0;0;0;0;0;0;0;0;0;0;0;0;0;0;0;0;0;0;0;0;0;0;0;0;0;0;0;0;0;0;0;0;0;0;0;0;0;0;0;0;0;0;0;0;0;0;0;0;0;0;0;0;0;0;0;0;0;0;0;0;0;0;0;0;1.6;0;0;0;0;0;0;1.6;0;0;0;0;0;0;0;0;0;0;0;0;0;0;0;0;0;0;0;0;0;0;0;0;0;0;0;1.6;0;0;0;0;0;1.6;0;0;0;0;0;0;0;0;0;0;0;0;0;0;0;0;0;0;0;0;0;0;0;0;0;0;0;0;0;0;1.6;0;0;0;0;0;0;0;0;0
39;2022;WI;2022_WI;11;0;0;0;0;0;17.6;0;0;0;0;0;0;0;0;0;0;0;0;0;0;0;0;9.6;0;0;0;0;0;0;0;0;0;0;0;0;0;0;0;0;0;41.6;0;0;0;0;0;0;0;0;76.8;0;0;0;0;0;0;0;0;0;0;0;0;0;0;0;0;0;0;0;0;0;0;0;0;0;0;0;0;0;0;0;0;0;0;0;0;0;0;537.6;0;0;0;0;0;0;0;0;0;0;0;0;0;0;0;0;0;0;0;0;0;0;0;0;0;0;0;0;0;0;0;0;0;0;0;0;0;0;0;0;0;0;0;0;0;0;0;0;0;0;0;0;0;0;0;0;0;0;0;0;0;1.6;0;0;0;46.4;0;0;68.8;0;0;0;0;0;0;0;0;0;54.4;0;0;0;0;0;0;0;0;0;0;0;0;0;0;0;0;4.8;0;0;0;1.6;0;0;0;0;0;0;0;0;1.6;0;8;0;0;0;0;0;0;0;4.8;0;0;0;0;0;0;0;0;0;0;8;0;0;0;0;12.8;0;0;0;0;0;0;1.6;0;0;0;0;0;0;0;0;0
39;2022;SP;2022_SP;12;0;8;0;0;1.6;0;0;0;0;0;0;0;0;0;0;0;0;0;0;0;0;0;11.2;0;0;0;0;0;0;0;0;0;0;0;0;0;0;0;0;0;24;0;0;0;0;0;0;0;0;0;0;0;0;0;0;0;0;0;0;0;0;0;0;0;0;0;0;0;0;0;0;0;0;0;0;0;0;0;0;0;0;0;0;0;0;0;0;0;204.8;0;0;0;0;0;0;0;0;0;0;0;0;0;0;0;0;0;0;0;0;0;0;0;0;0;0;0;0;0;0;0;0;0;0;0;0;0;0;0;0;0;0;0;0;0;0;80;0;0;0;0;0;0;0;0;0;0;0;0;0;0;0;0;0;0;440;0;0;128;0;1.6;0;0;0;0;0;0;0;11.2;0;0;0;0;0;0;0;0;0;0;0;0;0;0;0;0;11.2;0;0;0;1.6;0;0;0;0;0;0;0;0;0;0;0;0;0;0;0;0;0;0;0;0;0;0;0;0;0;0;0;0;0;36.8;0;0;0;0;11.2;0;0;0;0;0;0;0;0;0;0;0;0;0;0;0;0
39;2022;SU;2022_SU;13;0;33.6;0;0;1.6;0;0;0;0;0;0;0;0;0;0;0;0;0;0;0;0;0;56;0;0;0;0;0;0;0;0;0;0;0;0;0;0;0;0;1.6;46.4;3.2;0;0;0;0;0;0;0;0;0;0;0;0;0;0;0;0;0;0;0;0;0;0;0;0;0;0;0;0;0;0;0;0;0;0;0;0;0;0;0;0;0;1.6;0;0;0;0;0;0;0;0;0;0;0;0;0;0;0;0;0;0;0;0;0;0;0;0;0;0;0;0;0;0;0;0;0;0;0;0;0;0;0;0;0;0;0;0;0;0;0;0;0;0;0;0;0;0;0;0;0;0;0;0;0;0;0;0;0;0;0;0;0;0;0;0;0;0;1.6;0;0;0;22.4;0;1.6;28.8;0;0;0;0;0;0;0;0;0;0;0;0;0;0;0;0;0;0;0;0;0;0;0;0;0;0;0;0;0;0;0;0;0;0;0;0;0;0;0;0;0;0;0;0;0;0;0;0;0;0;0;0;0;0;0;0;0;0;0;0;0;0;0;0;4.8;0;0;0;0;0;0;0;0;0
39;2022;AU;2022_AU;14;0;11.2;0;0;0;0;0;0;1.6;0;0;0;0;0;0;0;0;0;0;0;0;0;27.2;0;0;0;0;0;0;0;0;0;0;0;0;0;0;0;0;0;233.6;1.6;0;0;0;0;0;0;0;51.2;0;0;0;0;0;0;0;0;0;0;0;0;0;0;0;0;0;0;0;0;0;0;0;0;0;0;0;0;0;0;0;0;0;0;0;0;0;0;34.80701754;0;0;0;0;0;0;0;0;0;0;0;0;0;0;0;0;0;0;0;0;0;0;0;0;0;0;0;0;0;0;0;0;0;0;0;0;0;0;0;0;0;0;0;0;0;0;0;0;0;0;0;0;0;0;0;0;0;0;0;0;0;3.2;0;0;0;0;0;0;0;0;0;0;0;0;0;0;0;0;9.6;0;0;0;0;0;0;0;0;0;0;0;0;0;0;0;0;0;0;0;0;0;0;0;0;0;0;0;0;8;0;0;3.2;0;0;0;0;0;0;0;0;0;0;0;0;1.6;0;0;0;0;1.6;0;0;0;0;0;14.79298246;0;0;0;0;0;0;1.6;0;0;0;0;0;0;0;0;0
39;2023;WI;2023_WI;15;0;1.6;0;0;0;0;0;0;0;9.6;0;0;0;0;0;0;0;0;0;0;0;0;40;0;0;0;0;0;0;0;0;0;0;0;3.2;0;0;0;0;0;70.4;0;0;0;0;0;0;0;0;0;0;0;1.6;0;0;0;0;0;0;0;0;0;0;0;0;0;0;0;0;0;0;0;0;0;0;0;0;0;0;0;0;0;0;0;0;0;0;0;62.4;0;0;0;0;0;0;0;0;0;0;0;0;0;0;0;0;0;0;0;0;0;0;0;0;0;0;0;0;0;0;0;0;0;0;0;0;0;0;0;0;0;0;0;0;0;0;1.6;0;0;0;0;0;0;0;0;0;0;0;0;0;0;0;0;0;0;25.6;0;0;158.4;0;0;0;0;0;0;0;0;0;32;0;0;0;0;0;0;0;0;0;0;0;0;0;0;0;0;8;0;0;0;0;0;0;0;0;0;0;0;0;0;0;1.6;0;0;0;0;0;0;0;0;0;0;0;0;0;0;0;0;0;0;0;0;0;0;0;27.2;0;0;0;0;0;0;0;0;0;0;0;0;0;0;0;0
39;2023;SP;2023_SP;16;0;3.2;0;0;0;0;0;0;0;3.2;0;0;0;0;0;0;0;0;0;0;0;0;4.8;0;0;0;0;0;0;0;0;0;8;0;0;0;0;0;0;0;3.2;0;0;0;0;0;0;9.6;0;0;0;0;0;0;0;0;1.6;0;0;0;0;0;0;0;0;0;0;0;0;0;0;0;0;0;0;0;0;0;0;0;0;0;0;0;0;0;0;0;1.6;0;0;0;0;0;0;0;0;0;0;0;0;0;0;0;0;0;0;0;0;0;0;0;0;0;0;0;0;0;0;0;0;0;0;0;0;0;0;0;0;0;0;0;0;0;6.4;4.8;0;0;0;0;0;0;0;0;0;0;0;0;0;0;0;0;0;0;92.8;0;0;4.8;0;0;0;0;0;0;0;0;0;17.6;0;0;0;0;0;0;0;0;0;0;0;0;0;0;0;0;0;0;0;6.4;1.6;0;0;0;0;0;0;0;0;0;0;0;0;0;0;0;0;0;0;0;0;0;0;0;0;0;0;0;0;0;9.6;0;0;0;0;0;0;0;0;0;0;0;0;0;0;0;0;0;0;0;0;0
40;2019;WI;2019_WI;1;0;0;0;0;0;0;0;0;0;0;0;0;0;0;0;0;0;0;0;0;0;0;0;0;0;0;0;0;0;0;0;0;0;0;2601.333333;0;0;0;0.102564103;0;381.3333333;0;0;0;0;0;10.66666667;0;0;0;0;0;0;0;0;2.666666667;0;0;0;0;0;0;0;0;0;0;2.666666667;0;0;0;0;0;0;0;0;0;0;0;6.666666667;2.666666667;0;0;0;0;0;0;0;0;68.64957265;0;0;0;0;0;0;0;0;0;0;0;0;0;0;0;0;0;0;0;0;0;0;0;0;0;0;0;4;0;0;0;0;0;0;0;0;0;0;0;0;0;0;0;0;0;0;0;0;0;0;0;0;0;0;0;0;0;0.102564103;0;0;0;130.6666667;0;1.333333333;0;0;0;0;0;0;0;0;0;0;0;0;0;0;0;0;0;0;0;0;0;0;0;0;0;0;0;0;0;0;0;17.33333333;0;0;0;1.333333333;0;0;0;0;0;0;0;30.66666667;0;0;14.66666667;0;0;0;0;0;0;0;0;0;0;0;0;0;0;0;0;0;4;0;0;0;0;0;19.14529915;5.333333333;0;0;0;0;0;0;0;0;0;0;0;0;0;0;0
40;2019;SP;2019_SP;2;0;0;0;0;0;0;0;0;0;0;0;0;0;0;0;0;0;0;0;0;0;0;0;0;0;0;0;0;0;0;0;0;0;0;0;0;18.66666667;0;4.051282051;0;62.66666667;0;0;0;0;0;10.66666667;0;0;0;0;0;0;0;0;2.666666667;0;0;0;0;0;0;0;0;0;0;0;0;0;0;0;0;0;0;0;0;0;0;0;0;4;0;0;0;0;0;0;0;11.65811966;0;0;0;0;0;0;0;0;0;0;0;0;0;0;0;0;0;0;0;0;0;0;0;0;0;0;0;0;0;0;0;0;0;0;0;0;0;0;0;0;0;0;0;0;1.333333333;0;125.3333333;0;0;0;0;0;0;0;0;0;0;4.051282051;0;0;0;6.666666667;0;2.666666667;0;214.6666667;0;0;144;0;0;0;0;0;0;0;0;0;1.333333333;0;0;0;0;0;0;0;0;0;0;0;0;0;0;0;0;8;0;1.333333333;0;9.333333333;0;0;0;0;0;0;0;0;0;0;6.666666667;0;0;0;0;0;0;0;0;0;0;0;0;0;0;0;0;0;0;780;0;0;0;0;0.239316239;0;0;0;26.66666667;0;0;0;0;0;0;0;0;0;0;0;0
40;2021;WI;2021_WI;3;0;0;0;0;0;1.6;0;0;0;0;0;0;0;0;0;0;0;0;0;0;0;0;0;0;0;0;0;0;0;0;0;0;0;0;0;0;1.6;0;0;0;198.4;0;0;0;0;0;0;0;0;1.6;0;0;0;0;0;0;1.6;0;0;0;0;0;0;0;0;0;0;0;0;0;0;0;0;0;0;0;3.2;0;0;0;0;0;0;0;0;0;0;0;186.9619835;0;0;0;0;0;0;0;0;0;0;0;0;0;0;0;0;0;0;0;0;0;0;0;0;0;0;0;0;0;0;0;0;0;0;1.6;0;0;0;0;0;0;0;0;0;0;0;0;0;0;0;0;0;0;0;0;0;0;0;0;0;0;0;0;0;0;0;0;0;3.2;0;0;0;0;0;0;0;0;0;25.6;0;0;0;0;0;0;0;0;0;0;0;0;0;0;0;0;3.2;0;0;0;0;0;0;0;0;0;0;0;0;0;0;9.6;0;0;0;0;0;0;0;0;0;0;0;0;0;0;0;0;0;0;0;0;0;0;0;80.23801653;0;0;0;0;0;0;0;0;0;0;0;0;0;0;0;0
40;2021;SP;2021_SP;4;0;0;0;0;0;36.8;0;0;0;0;0;0;0;0;0;0;0;0;0;0;0;0;0;0;0;0;0;0;0;0;0;0;0;0;0;0;0;0;0;0;46.4;0;0;0;0;0;0;0;0;0;0;0;0;0;0;0;0;0;0;0;0;0;0;0;0;0;0;0;0;0;0;0;0;0;0;0;0;0;1.6;0;0;0;0;0;0;0;0;0;129.6;0;0;0;0;0;0;0;0;0;0;0;0;0;0;0;0;0;0;0;0;0;0;0;0;0;0;0;0;0;0;0;0;0;0;0;0;0;0;0;0;0;0;0;0;8;0;8;0;0;0;0;0;0;0;0;0;0;0;0;0;0;0;0;0;0;284.8;0;0;147.2;0;3.2;0;0;0;0;0;0;0;24;0;0;0;0;0;0;0;0;0;0;0;0;0;0;0;0;41.6;0;0;0;0;0;0;0;0;0;0;0;0;0;0;0;0;0;0;0;0;0;0;0;0;0;0;0;0;0;0;0;0;0;0;0;0;0;0;6.4;0;0;0;0;0;0;0;0;0;0;0;0;0;0;0;0
40;2022;WI;2022_WI;5;0;0;0;0;0;97.6;0;0;0;0;0;0;0;0;0;0;0;0;0;0;0;0;0;0;0;0;0;0;0;0;0;0;0;0;0;0;3.2;0;0;0;180.8;0;0;0;0;0;0;0;0;0;0;0;0;0;0;0;8;0;0;0;0;0;0;0;0;0;0;0;0;0;0;0;0;0;0;0;0;0;9.6;0;0;0;0;0;0;0;0;0;177.6;0;0;0;0;0;0;0;0;0;0;0;0;0;0;0;0;0;0;0;0;0;0;0;0;0;0;0;0;0;0;0;0;0;0;0;0;0;0;0;0;0;0;0;0;0;0;0;0;0;0;0;0;0;0;0;0;0;0;0;0;0;0;0;0;0;0;0;0;1.6;0;0;0;0;0;0;0;0;0;123.2;0;0;0;0;0;0;0;0;0;0;0;0;0;0;0;0;12.8;0;0;0;0;0;0;0;0;0;0;0;0;1.6;0;0;0;0;0;0;0;0;0;0;0;0;0;0;0;0;0;0;0;0;0;0;0;0;0;113.6;0;0;0;0;0;0;0;0;0;4.8;0;0;0;0;0;0
40;2022;SP;2022_SP;6;0;0;0;0;0;0;0;0;0;0;0;0;0;0;0;0;0;0;0;0;0;0;0;0;0;0;0;0;0;0;0;0;0;0;0;0;0;0;0;0;30.4;0;0;0;0;0;0;0;0;65.6;0;0;0;0;0;0;0;0;0;0;0;1.6;0;0;0;0;0;0;0;0;0;0;0;0;0;0;0;0;4.8;0;0;0;0;0;0;0;0;0;8;0;0;0;0;0;0;0;0;0;0;0;0;0;0;0;0;0;0;0;0;0;0;0;0;0;0;0;0;0;0;0;0;0;0;0;0;0;0;0;0;0;0;0;0;0;0;0;0;0;0;0;0;0;0;0;0;0;1.6;0;0;0;0;0;0;0;2096;0;0;324.8;0;0;0;0;0;0;0;0;0;67.2;0;0;0;0;0;0;0;0;0;0;0;0;0;0;0;0;24;0;0;0;0;0;4.8;0;0;0;0;0;0;0;0;0;0;0;0;0;0;0;0;0;0;0;0;0;0;0;0;0;0;0;384;0;0;0;0;0;0;0;0;0;0;0;0;0;0;0;0;0;0;0;0;0
40;2023;WI;2023_WI;7;0;0;0;0;0;0;0;0;0;11.2;0;0;0;0;0;0;0;0;0;0;0;0;0;0;0;0;0;0;0;0;0;0;0;0;0;0;1.6;0;0;0;27.2;0;0;0;0;0;0;0;0;0;0;0;0;0;0;0;1.6;0;0;0;0;0;0;0;0;0;0;0;0;0;0;0;0;0;0;0;0;0;0;0;0;0;0;0;0;0;0;0;0;0;0;0;0;0;0;0;0;0;0;0;0;0;0;0;0;0;0;0;0;0;0;0;0;0;0;0;0;0;0;0;0;0;0;0;0;0;0;0;0;0;0;0;0;0;0;12.8;0;0;0;0;0;0;0;0;0;0;0;0;0;0;1.6;0;0;0;9.6;0;0;1.6;0;0;0;0;0;0;0;0;0;46.4;0;0;0;0;0;0;0;0;0;0;0;0;0;0;0;0;0;0;0;0;0;0;0;0;0;0;0;0;1.6;0;0;0;0;0;0;0;0;0;0;0;0;0;0;0;0;0;0;0;0;0;0;0;0;0;0;43.2;0;0;0;0;0;0;0;0;0;0;0;0;0;0;0;0
40;2023;SP;2023_SP;8;0;0;0;0;0;0;0;0;0;3.2;0;0;0;0;0;0;0;0;0;0;0;0;0;0;0;0;0;0;0;0;0;0;0;0;0;0;0;0;0;0;8;0;0;0;0;0;0;0;0;0;0;0;0;0;0;0;1.6;0;0;0;0;0;0;0;0;0;0;0;0;0;0;0;0;0;0;0;0;0;0;0;0;0;0;0;0;0;0;0;0;0;0;0;0;0;0;0;0;0;0;0;0;0;0;0;0;0;0;0;0;0;0;0;0;0;0;0;0;0;0;0;0;0;0;0;0;0;0;0;0;0;0;0;0;0;0;3.2;0;0;0;0;0;0;0;0;0;0;0;0;0;0;3.2;0;0;0;20.8;0;0;1.6;0;0;0;0;0;0;0;0;0;20.8;0;0;0;0;0;0;0;0;0;0;0;0;0;0;0;0;0;0;0;0;0;0;0;0;0;0;0;0;0;0;0;0;0;0;0;0;0;0;0;0;0;0;0;0;0;0;0;0;0;0;0;0;0;0;0;0;0;0;0;0;0;0;0;0;0;0;0;0;0;0;0;0
41;2023;SP;2023_SP;1;0;0;0;0;0;0;0;0;0;3.2;0;0;0;0;0;0;0;0;0;0;0;0;0;0;0;0;0;0;0;0;0;0;0;0;0;0;0;0;1.6;0;27.2;0;0;0;0;0;0;0;0;0;0;0;0;0;0;0;0;0;0;0;0;0;0;0;0;0;0;0;0;0;0;0;0;0;0;0;0;0;0;0;0;0;0;0;0;0;0;0;0;0;0;0;0;0;0;0;0;4.8;0;0;0;0;0;0;0;0;0;0;0;0;0;0;0;0;0;0;0;0;0;0;0;0;0;0;0;0;0;0;0;0;0;0;0;0;0;0;0;0;0;0;0;0;0;0;0;0;0;0;0;0;6.4;0;0;0;0;0;0;1.6;0;0;0;0;0;0;0;0;0;17.6;0;0;0;0;0;0;0;0;0;0;0;0;0;0;0;0;6.4;0;0;0;0;1.6;3.2;0;0;0;0;0;0;0;0;0;0;0;0;0;0;0;0;0;0;0;0;0;0;0;0;0;0;0;0;0;0;0;0;0;0;0;0;0;0;0;0;0;0;1.6;0;0;0;0;0;0
42;2018;AU;2018_AU;1;0;0;0;0;0;0;0;0;0;0;0;0;0;0;0;0;0;0;0;0;0;0;0;0;0;0;0;6.666666667;0;0;0;0;0;0;0;25.33333333;14.66666667;0;8;0;0;0;0;0;0;0;0;8;0;0;0;0;0;0;0;18.66666667;0;0;0;0;0;0;0;0;153.3333333;0;0;0;0;0;0;0;0;0;0;0;0;0;0;1680;0;0;0;0;0;0;0;0;0;0;0;0;0;0;2.666666667;0;0;0;0;0;0;0;0;0;0;0;0;0;0;0;0;0;0;0;0;0;4;0;0;0;0;0;0;0;0;0;0;0;0;0;0;0;0;0;0;0;0;0;0;0;0;0;0;0;0;0;0;0;0;0;29.33333333;0;0;13.33333333;0;0;0;0;0;0;0;0;1.333333333;0;0;0;0;0;0;0;0;0;0;0;0;0;0;1.333333333;0;10.66666667;0;0;0;0;49.33333333;0;0;0;9.333333333;0;0;0;1.333333333;0;0;0;0;209.3333333;0;0;0;0;0;0;0;0;0;0;0;0;12;0;0;0;0;0;0;0;0;0;0;0;0;0;0;0;0;0;0;0;0;0;0;0;0;0;4;0;0;0
42;2019;WI;2019_WI;2;0;0;0;0;0;0;0;0;0;0;0;0;0;0;0;0;0;0;0;0;0;0;0;0;0;0;0;82.66666667;0;0;0;0;0;0;45.33333333;13.33333333;9.333333333;0;53.92074592;0;224;0;0;0;0;0;0;0;0;0;0;0;0;0;0;2.666666667;0;0;0;0;0;0;0;0;761.3333333;0;1.333333333;0;0;0;129.3333333;0;0;0;0;0;0;0;0;1101.968397;24.69826938;0;0;0;0;0;0;0;1.771561772;0;0;0;0;0;0;0;0;250.6666667;0;0;0;0;0;0;0;0;0;0;0;0;0;0;0;0;0;0;1.333333333;0;0;0;0;0;0;0;0;0;0;0;8;0;0;0;0;0;0;8;0;0;0;0;0;0;0;0;0;0;0;0;0;0;6.666666667;0;0;4;0;0;0;392;0;0;0;0;1.333333333;0;0;0;0;0;0;0;0;0;0;0;0;0;0;0;0;2.666666667;0;0;0;0;10.66666667;0;2.666666667;0;8;0;0;7.925407925;13.71561772;0;0;0;0;36;0;0;0;0;0;0;0;0;0;0;0;5.333333333;8;0;0;0;0;0;0;0;0;0;0;0;0;0;2.666666667;0;0;0;0;0;9.333333333;0;0;4;0;0;0;0;0;8
42;2019;SP;2019_SP;3;0;0;0;0;0;0;0;0;0;0;0;0;0;0;0;0;0;0;0;0;0;0;0;0;0;0;0;0;0;0;0;0;0;0;0;17.33333333;12;0;162.974359;0;325.3333333;0;0;0;0;0;0;1.333333333;0;0;0;0;0;0;0;5.333333333;0;0;0;0;0;0;0;0;282.6666667;1.333333333;6.666666667;0;0;0;18.66666667;0;0;0;0;0;0;0;0;1251.301731;10.03160271;0;0;0;0;0;0;0;0.102564103;0;0;0;0;0;0;0;0;33.33333333;0;0;0;0;0;0;0;0;0;0;0;0;0;0;0;0;0;0;1.333333333;0;0;0;0;0;0;0;0;0;0;0;1.333333333;0;0;0;0;0;0;12;0;0;0;0;1.333333333;0;0;0;0;0;0;0;0;0;22.66666667;0;0;1.333333333;0;0;0;0;1.333333333;0;0;0;0;0;0;0;0;4;0;0;0;0;0;0;0;0;0;0;0;0;0;0;0;0;68;0;0;0;44;0;0;14.56410256;3.692307692;0;0;0;0;42.66666667;0;0;0;0;0;0;0;0;0;0;0;5.333333333;1.333333333;0;0;0;0;0;0;0;10.66666667;0;0;0;0;0;1.333333333;0;0;29.33333333;0;0;17.33333333;0;0;0;0;0;0;0;0;5.333333333
42;2019;SU;2019_SU;4;0;0;0;0;0;0;0;0;0;0;0;0;0;0;0;0;0;0;0;0;0;0;1.333333333;0;0;0;0;0;0;0;0;0;0;0;0;0;0;0;0;0;1.333333333;0;0;0;0;0;0;1.333333333;0;2.666666667;0;0;0;0;0;0;0;0;0;0;0;0;0;0;2.666666667;0;0;0;0;0;5.333333333;0;0;0;0;0;0;0;0;54.66666667;5.333333333;0;0;0;0;0;0;0;0;0;0;0;2.666666667;0;0;0;0;0;0;0;0;0;0;0;0;0;0;0;0;0;0;0;0;0;0;0;0;0;0;0;0;0;0;0;0;0;0;0;0;0;0;0;0;0;0;0;0;0;0;0;0;0;0;0;0;0;0;0;0;0;0;0;0;0;0;0;0;0;0;0;0;0;5.333333333;0;0;0;0;1.333333333;0;0;0;0;0;0;0;0;0;0;0;0;0;0;0;0;0;0;0;0;0;0;0;0;0;0;0;0;0;0;0;0;0;0;0;0;0;0;0;0;0;0;0;0;0;0;0;0;0;0;0;0;0;0;0;0;0;0;0;0;0;0;0;0;0;0;0;0;9.333333333;0;0;0
42;2020;SU;2020_SU;5;0;0;0;0;0;0;0;0;0;0;0;0;0;0;0;0;0;0;0;0;0;0;0;0;0;0;0;0;0;0;0;0;0;0;0;0;0;0;6.4;0;289.6;0;0;0;0;0;0;1.6;0;0;0;0;0;0;0;3.2;0;0;0;0;0;0;0;0;179.2;0;0;0;0;0;134.4;0;0;0;0;0;0;0;0;1740.8;512;0;0;1.6;0;0;0;0;0;0;0;0;0;0;0;0;0;0;172.8;0;0;0;0;0;0;0;0;0;0;0;0;0;0;0;0;0;0;0;0;0;0;0;0;0;0;0;0;0;0;0;0;0;0;0;0;0;0;0;0;0;0;0;0;0;0;0;0;0;0;0;1.6;0;0;0;0;0;0;0;0;0;0;0;0;0;0;0;0;4.8;0;0;0;0;0;0;0;0;0;0;0;0;0;0;0;0;16;3.2;0;0;38.4;0;0;0;0;0;0;0;0;0;0;0;0;0;0;0;0;0;0;0;0;0;6.4;0;0;0;0;0;0;0;1.6;0;0;0;0;0;0;0;0;0;0;0;0;0;0;0;0;0;3.2;0;0;0
42;2020;AU;2020_AU;6;0;0;0;0;0;0;0;0;0;0;0;0;0;0;0;0;0;0;0;0;0;0;0;1.6;0;0;0;0;0;0;0;0;0;0;0;0;0;0;3.146666667;0;14.4;0;0;0;0;0;0;0;0;0;0;0;0;0;0;1.6;0;0;0;0;0;0;0;0;288;0;0;0;0;0;40;0;0;0;0;0;0;0;0;1001.6;99.2;0;0;0;0;0;0;0;0;0;0;0;0;0;0;0;0;200;0;0;0;0;0;0;0;0;0;0;0;0;0;0;0;0;0;0;0;0;0;0;0;0;0;0;0;0;0;0;0;0;0;0;0;0;0;0;0;0;0;0;0;0;0;0;0;0;0;0;0;0;0;0;0;6.4;0;0;0;6.4;0;0;0;0;0;0;0;0;0;0;0;0;0;0;0;0;0;0;0;0;0;0;0;0;0;0;8;0;0;0;12.8;0;0;0.053333333;0;0;0;0;0;0;0;0;0;0;0;0;0;0;0;0;0;9.6;1.6;0;0;0;0;0;0;0;0;0;0;0;0;0;0;0;0;0;0;0;0;0;0;1.6;0;0;9.6;0;0;0
42;2021;WI;2021_WI;7;0;0;0;0;0;0;0;0;0;0;0;0;0;0;0;0;0;0;0;0;0;0;0;0;0;0;0;49.6;0;0;0;0;0;0;0;0;0;0;103.84;0;80;0;0;0;0;0;0;0;0;0;0;0;0;0;0;3.2;0;0;0;0;0;0;0;0;1048;0;0;0;0;0;36.8;0;0;0;0;0;0;0;0;1049.6;134.4;0;0;0;0;0;0;0;0;0;0;0;0;0;0;0;0;614.4;0;0;0;0;0;0;0;0;0;0;0;0;0;0;0;0;0;0;0;0;0;0;0;0;0;0;0;0;0;0;0;0;0;0;0;0;0;0;0;0;0;0;0;0;0;0;0;0;0;0;0;0;0;0;0;0;0;0;0;86.4;0;0;0;0;0;0;0;0;0;0;0;0;0;0;0;0;0;0;0;0;0;0;0;0;0;0;4.8;1.6;0;0;20.8;0;0;3.36;0;0;0;0;0;0;0;0;0;0;0;0;0;0;0;0;0;3.2;17.6;0;0;0;0;0;0;0;0;0;0;0;0;0;0;0;0;0;0;0;0;0;0;1.6;0;0;4.8;0;0;3.2
42;2021;SP;2021_SP;8;0;0;0;0;0;0;0;0;0;0;0;0;0;0;0;0;0;0;0;0;0;0;0;0;0;0;0;0;0;0;0;0;0;0;0;0;3.2;0;130.3466667;0;78.4;0;0;0;0;0;0;0;0;0;0;0;0;0;0;0;0;0;0;0;0;0;0;0;817.6;0;1.6;0;0;0;195.2;0;0;0;0;0;0;0;0;1024;147.2;0;0;0;0;0;0;0;0;0;0;0;0;0;0;0;0;0;0;0;0;0;0;0;0;0;0;0;0;0;0;0;0;0;0;0;0;0;0;0;0;0;0;0;0;0;0;0;0;0;0;0;0;0;0;0;0;0;0;0;0;0;0;0;0;0;0;0;0;0;0;0;0;0;0;0;0;59.2;0;0;0;0;0;0;0;0;0;1.6;0;0;0;0;0;0;0;0;0;0;321.6;1.6;0;0;0;0;20.8;0;0;0;19.2;0;0;0.853333333;0;0;0;0;0;0;0;0;0;0;0;0;0;0;0;0;0;11.2;3.2;0;0;0;0;0;0;0;0;0;0;0;0;0;1.6;0;0;0;0;0;0;0;1.6;0;0;0;0;3.2;0;0
42;2021;SU;2021_SU;9;0;0;0;0;0;0;0;0;0;0;0;0;0;0;0;0;0;0;0;0;0;0;0;1.6;0;0;0;0;0;0;0;0;0;0;0;0;4.8;0;16;0;182.4;0;0;0;0;0;0;3.2;0;17.6;0;0;0;0;0;0;0;0;0;0;0;0;0;0;33.6;0;0;0;0;0;28.8;0;0;0;0;0;0;0;0;3168;332.8;0;0;6.4;0;0;0;0;0;0;0;0;0;0;0;0;0;0;25.6;0;0;0;0;0;0;0;0;0;0;0;0;0;0;0;0;0;0;0;0;1.6;0;0;0;0;0;0;0;0;0;0;0;0;0;0;0;0;0;0;0;0;0;0;0;0;0;0;0;0;0;0;1.6;0;0;0;0;0;0;1.6;0;0;0;0;0;0;0;0;0;9.6;0;0;0;0;0;0;0;0;0;0;0;0;0;0;0;0;112;0;0;0;17.6;0;0;0;0;0;0;0;0;0;0;0;0;0;0;0;0;0;0;0;0;1.6;3.2;0;0;0;0;0;0;0;0;0;0;0;0;0;0;0;0;0;0;0;3.2;0;0;0;0;0;17.6;0;0;0
42;2021;AU;2021_AU;10;0;0;0;0;0;0;0;0;0;0;0;0;0;0;0;0;0;0;0;0;0;0;0;0;0;0;0;11.2;0;0;0;0;0;0;0;0;12.8;0;4.686614173;0;118.4;0;0;0;0;0;0;0;0;0;0;0;0;0;0;1.6;0;0;0;0;0;0;0;0;92.8;0;0;1.6;0;0;17.6;0;0;0;0;0;0;0;0;1740.8;230.4;0;0;0;0;0;0;0;0;0;0;0;0;0;0;0;0;102.4;0;0;0;0;0;0;0;0;0;0;0;0;0;0;0;0;0;0;0;0;0;0;0;0;0;0;0;0;0;0;1.6;0;0;0;0;0;0;0;0;0;0;0;0;0;0;0;0;0;0;0;0;0;1.6;0;0;0;0;0;0;134.4;0;0;0;0;0;0;0;0;0;0;0;0;0;0;0;0;0;0;0;0;11.2;0;0;0;0;0;78.4;1.6;1.6;0;8;0;0;0.037795276;0;0;0;0;0;0;0;0;0;0;0;1.6;0;0;0;0;0;27.2;0;0;0;0;0;0;0;0;0;0;0;0;0;0.075590551;3.2;0;0;0;0;0;4.8;0;0;0;0;0;11.2;0;0;0
42;2022;WI;2022_WI;11;0;0;0;0;0;0;0;0;0;0;0;0;0;0;0;0;0;0;0;0;0;0;0;1.6;0;0;0;0;0;0;0;0;0;0;0;0;0;0;107.792126;0;595.2;0;0;0;0;0;0;0;0;0;0;0;0;0;0;0;0;0;0;0;0;0;0;0;142.4;0;1.6;0;0;0;0;0;0;0;0;0;0;0;0;979.2;281.6;0;0;0;0;0;0;0;0;0;0;0;0;0;0;0;0;166.4;0;0;0;0;0;0;0;0;0;0;0;0;0;0;0;0;0;0;0;0;0;0;0;0;0;0;0;0;0;0;0;0;0;0;0;0;0;0;0;0;0;0;0;0;0;0;0;0;0;0;0;0;0;0;0;0;0;0;0;320;0;0;0;0;0;0;0;0;0;8;0;0;0;0;0;0;0;0;0;0;19.2;0;0;0;0;0;8;0;0;0;9.6;0;0;2.469291339;0;0;0;0;1.6;0;0;0;0;0;0;0;0;0;0;0;0;3.2;0;0;0;0;0;0;0;0;0;0;0;0;0;3.338582677;0;0;0;0;0;0;4.8;0;0;0;0;0;3.2;0;0;0
42;2022;SP;2022_SP;12;0;0;0;0;0;0;0;0;0;0;0;0;0;0;0;0;0;0;0;0;0;0;0;0;0;0;0;0;0;0;0;0;0;0;0;0;14.4;0;198.4;0;716.8;0;0;0;0;0;0;0;0;0;0;0;0;0;0;0;0;0;0;0;0;0;0;0;67.2;0;3.2;0;0;0;51.2;0;0;0;0;0;0;0;0;2259.2;259.2;0;0;1.6;0;0;0;0;0;0;0;0;0;0;0;0;0;78.4;0;0;0;0;0;0;0;0;0;0;0;0;0;0;0;0;0;0;1.6;0;0;0;0;0;0;0;0;0;0;0;0;0;0;0;0;0;0;0;0;0;0;0;0;0;0;0;0;0;0;0;0;0;1.6;0;0;1.6;0;0;0;24;0;0;0;0;0;0;0;0;0;1.6;0;0;0;0;0;0;0;0;0;0;27.2;0;0;0;0;0;145.6;0;0;0;33.6;0;0;0;0;0;0;0;0;0;0;0;0;0;0;0;0;0;0;0;0;4.8;8;0;0;0;0;0;0;0;1.6;0;0;0;0;1.6;11.2;0;0;0;0;0;9.6;0;0;0;0;0;9.6;0;0;0
42;2022;SU;2022_SU;13;0;0;0;0;1.6;0;0;0;0;0;0;0;0;0;0;0;0;0;0;0;0;0;0;0;0;0;0;0;0;0;0;0;0;0;0;0;0;0;1.6;0;1587.2;0;0;0;0;0;0;0;0;1.6;0;0;0;0;0;0;0;0;0;0;0;0;0;0;0;0;0;0;0;0;0;0;0;0;0;0;0;0;0;48;294.4;0;0;17.6;0;0;0;0;0;0;0;0;0;0;0;0;0;1.6;0;0;0;0;0;0;0;0;0;0;0;0;0;0;0;0;0;0;0;0;0;0;0;0;0;0;0;0;0;0;0;0;0;0;0;0;0;0;0;0;0;0;0;0;0;0;0;0;0;0;0;0;0;0;0;0;0;0;0;0;0;0;0;0;0;0;0;0;0;1.6;0;0;0;0;0;0;0;0;0;0;0;0;0;0;0;0;252.8;0;0;0;3.2;0;0;0;0;0;0;0;1.6;0;0;0;0;0;0;0;0;0;0;0;0;3.2;0;0;0;0;0;0;0;0;0;0;0;0;0;0;0;0;0;0;0;0;0;0;0;0;0;0;91.2;0;0;0
42;2022;AU;2022_AU;14;0;0;0;0;0;0;0;0;0;0;0;0;0;0;0;0;0;0;0;0;0;0;0;0;0;0;0;0;0;0;0;0;0;0;0;0;24;0;3.017142857;0;1036.8;0;0;0;0;0;0;0;0;0;0;0;0;0;0;0;0;0;0;0;0;0;0;0;19.2;0;0;0;0;0;3.2;0;0;0;0;0;0;0;0;1494.4;336;0;0;0;0;0;0;0;0;0;0;0;0;0;0;0;0;0.914285714;2.285714286;0;0;0;0;0;0;0;0;0;0;0;0;0;0;0;0;0;0;0;0;0;0;0;0;0;0;0;0;0;0;0;0;0;0;0;0;1.6;0;0;0;0;0;0;0;0;0;0;0;0;0;0;0;0;0;1.6;0;0;0;120;0;0;0;0;3.2;0;0;1.6;0;17.6;0;0;0;0;0;0;0;0;0;0;1.6;0;0;0;0;0;403.2;0;0;0;1.6;0;0;0.182857143;0;0;0;0;0;0;0;0;0;0;0;0;0;0;0;0;0;152;9.6;0;0;0;0;0;0;0;0;0;0;0;0;0;3.2;0;0;0;0;0;12.8;0;0;0;0;0;16;0;0;0
42;2023;WI;2023_WI;15;0;0;0;0;0;0;0;0;0;0;0;0;0;0;0;0;0;0;0;0;0;0;0;0;0;0;0;0;0;0;0;0;0;0;1.6;0;9.6;0;6.034285714;0;515.2;0;0;0;0;0;0;0;0;0;0;0;0;0;0;0;0;0;0;0;0;0;0;0;1.6;0;6.4;0;0;0;11.2;0;0;0;0;0;0;0;0;588.8;12.8;0;0;0;0;0;0;0;0;0;0;0;0;0;0;0;0;0;1.6;0;0;0;0;0;0;0;0;0;0;0;0;0;0;0;0;0;0;0;0;0;0;0;0;0;0;0;0;6.4;0;0;0;0;0;0;0;1.6;0;0;0;0;0;0;0;0;0;0;0;0;0;0;3.2;0;0;1.6;0;0;0;104;0;0;0;0;0;0;0;0;0;4.8;0;0;0;0;0;0;0;0;0;0;0;0;0;0;40;0;112;0;0;0;12.8;0;0;3.565714286;0;0;0;0;6.4;1.6;0;0;0;0;0;0;0;0;0;0;0;80;0;0;0;0;0;0;0;0;0;0;0;0;0;0;1.6;0;0;0;0;0;3.2;0;0;4.8;0;0;0;0;0;0
42;2023;SP;2023_SP;16;0;0;0;0;0;0;0;0;0;0;0;0;0;0;0;0;0;0;0;0;0;0;0;0;0;0;0;0;0;0;0;0;0;0;0;0;3.2;0;52.8;0;137.6;0;0;0;0;0;0;0;0;0;0;0;0;0;0;0;0;0;0;0;0;0;0;0;16;0;1.6;0;0;0;8;0;0;0;0;0;0;0;0;804.8;161.6;0;0;0;0;0;0;0;0;0;0;0;0;0;0;0;0;9.6;24;0;0;0;0;0;0;0;0;0;0;0;0;0;0;0;0;0;0;0;0;0;0;0;0;0;0;0;0;0;0;0;0;0;0;0;0;0;0;0;0;0;0;0;0;0;0;0;0;0;0;0;6.4;0;0;0;0;0;0;0;0;0;0;0;0;0;0;0;0;11.2;0;0;0;0;0;0;0;0;0;0;0;1.6;0;0;0;0;30.4;0;0;0;24;0;0;0;0;0;0;0;0;0;0;0;0;0;0;0;0;0;0;0;0;4.8;0;0;0;0;0;0;0;0;0;0;0;0;0;0;8;0;0;0;0;0;3.2;0;0;3.2;0;0;0;0;0;0
43;2023;SP;2023_SP;1;0;0;0;0;0;0;0;0;0;1.6;0;0;0;0;0;0;0;0;0;0;0;0;0;0;0;0;0;0;0;0;0;0;0;0;0;0;1.6;0;0;0;22.4;0;0;0;0;0;0;0;0;0;0;0;0;0;0;0;0;0;0;0;0;0;0;0;0;0;0;0;0;0;0;0;0;0;0;0;0;0;0;0;0;0;0;0;0;0;0;0;0;0;0;0;0;0;0;0;0;0;0;0;0;0;0;0;0;0;0;0;0;0;0;0;0;0;0;0;0;0;0;0;0;0;0;0;0;0;0;0;0;0;0;0;0;0;0;0;0;0;0;0;0;0;0;0;0;0;0;0;0;0;1.6;0;0;0;0;0;0;3.2;0;0;0;0;0;0;0;0;0;12.8;0;0;0;0;0;0;0;0;0;0;0;0;0;0;0;0;0;0;0;0;0;0;0;0;0;0;0;0;0;0;0;0;0;0;0;0;0;0;0;0;0;0;0;0;0;0;0;0;0;3.2;0;0;0;0;0;0;0;0;0;0;0;0;0;0;0;1.6;0;0;0;0;0;0
44;2018;AU;2018_AU;1;0;0;0;0;0;0;0;0;0;0;0;0;0;0;0;0;0;0;0;0;0;0;0;0;0;0;0;0;29.33333333;0;0;0;0;13.33333333;0;0;0;0;0;0;42.66666667;0;0;0;0;0;0;0;0;0;0;0;0;0;0;0;0;0;0;0;0;0;0;0;68;0;0;0;0;0;1.333333333;0;0;0;0;0;0;0;0;311.8449612;281.4883721;0;0;0;0;0;0;0;0;0;0;0;0;0;0;0;0;0;0;0;0;0;0;0;0;0;0;0;0;0;0;0;0;0;0;0;0;0;0;0;0;0;0;0;0;0;0;0;0;0;0;0;0;0;0;0;0;0;0;0;0;0;0;0;0;0;0;0;0;0;6.666666667;0;1.333333333;0;0;0;0;0;0;0;0;0;1.333333333;0;0;0;0;0;0;0;0;0;0;0;0;0;0;0;0;1.333333333;0;0;0;0;174.6666667;0;0;0;0;0;0;0;0;0;0;0;0;0;0;0;0;0;0;0;0;0;0;0;0;0;1.333333333;0;0;0;0;0;0;0;0;0;0;0;0;0;0;0;0;0;0;0;4;0;0;0;0;0;0;0;0;0
44;2019;WI;2019_WI;2;0;0;0;0;0;0;0;0;0;0;0;0;0;0;0;0;0;0;0;0;0;0;5.333333333;0;0;0;0;0;0;0;0;0;0;6.666666667;1.333333333;0;26.66666667;0;0.655737705;0;177.3333333;0;0;0;0;0;0;0;0;0;0;0;0;0;0;0;0;0;0;0;0;0;0;0;18.66666667;0;5.333333333;0;0;0;1.333333333;0;0;0;0;0;0;0;0;842.8951242;387.7715424;0;0;0;0;0;0;0;0;0;0;0;0;0;0;0;0;1.333333333;1.333333333;0;0;0;4.480874317;0;0;0;0;0;0;0;0;0;0;0;0;0;0;0;0;0;0;0;0;0;0;0;0;0;0;0;0;0;0;0;0;0;0;0;0;0;0;2.666666667;0;0;0;0;0;0;0;0;0;0;5.333333333;0;0;0;0;8;0;0;0;0;0;0;0;0;0;0;0;0;0;0;0;0;0;0;0;0;0;18.66666667;0;0;0;0;254.6666667;0;0;0;0;0;0;0;14.86338798;0;0;0;0;4;0;0;0;0;0;0;0;0;0;0;0;0;0;0;0;0;0;0;0;0;0;0;0;0;0;0;1.333333333;0;0;0;0;0;20;0;0;0;0;0;0;0;0;0
44;2019;SP;2019_SP;3;0;0;0;0;0;0;0;0;0;0;0;0;0;0;0;0;0;0;0;0;0;0;0;0;0;9.5;0;0;6.5;0;0;0;0;0;0;1.333333333;9.333333333;0;8.262295082;0;105.3333333;0;0;0;0;0;0;0;0;0;0;0;0;0;0;0;0;0;0;0;0;0;0;0;16;8;14.66666667;0;0;0;0;0;0;0;0;0;0;0;0;707.580497;1132.419503;0;0;1.333333333;0;0;0;0;0;0;0;0;0;0;0;0;0;0;5.333333333;0;0;0;55.12568306;0;0;0;0;0;0;0;0;0;0;0;0;0;0;0;0;0;0;0;0;0;0;0;0;0;0;0;0;0;0;0;0;0;0;0;0;0;0;0;0;0;0;0;0;0;0;0;0;0;1.333333333;0;0;0;0;1.333333333;0;0;0;0;0;0;0;0;0;4;0;0;0;0;0;0;0;0;0;0;0;0;0;0;0;0;365.3333333;0;0;0;0;0;0;0;5.945355191;0;0;0;0;0;0;1.333333333;0;0;0;0;0;0;0;0;0;4;0;0;0;0;0;0;0;0;0;0;0;0;0;0;0;0;0;0;0;0;8;0;0;0;0;0;0;0;0;0
44;2019;SU;2019_SU;4;0;0;0;0;0;0;0;0;0;0;0;0;0;0;0;0;0;0;0;0;1.333333333;0;0;5.333333333;0;0.75;0;0;8.583333333;0;0;0;0;20;0;0;0;0;0;0;34.66666667;0;0;0;0;0;0;0;0;0;0;0;0;0;0;1.333333333;0;0;0;0;0;0;0;0;5.333333333;4;1.333333333;0;0;0;0;0;0;0;0;0;0;0;0;172.8839449;5147.116055;0;0;28;0;0;0;0;0;0;0;0;0;0;0;0;0;0;0;0;0;0;1.333333333;0;0;0;0;0;0;0;0;0;0;0;0;0;0;0;0;0;0;0;0;0;0;0;0;0;0;0;0;0;0;0;0;0;0;0;0;0;0;0;0;0;0;0;0;0;0;0;0;0;0;0;0;0;0;0;2.666666667;0;0;0;1.333333333;0;0;0;0;0;0;0;0;0;0;0;0;0;0;0;0;2.666666667;0;0;0;0;28;0;0;0;0;0;0;0;0;0;0;0;0;1.333333333;0;0;0;0;0;0;0;0;0;0;0;0;0;0;0;0;0;0;0;0;0;0;0;0;0;0;0;0;0;0;0;0;4;0;0;0;0;0;0;0;0;0
44;2020;SU;2020_SU;5;0;0;0;0;0;0;0;0;0;0;0;0;0;0;0;0;0;0;0;0;4.444444444;0;0;0;0;0;0;0;0;0;0;0;0;0;0;0;0;0;0;0;59.2;0;0;0;0;0;0;0;0;0;0;0;0;0;0;0;0;0;0;0;0;0;0;0;3.2;1.6;0;0;0;0;0;0;0;0;0;0;0;0;1.6;582.4;608;0;0;6.755555556;0;0;0;0;0;0;0;0;0;0;0;0;0;0;0;0;0;0;3.2;0;0;0;0;0;0;0;0;0;0;0;0;0;0;0;0;0;0;0;0;0;0;0;0;0;0;0;0;0;0;0;0;0;0;0;0;0;0;0;0;0;0;0;0;0;0;0;0;0;0;0;0;0;0;0;3.2;0;0;0;0;0;0;0;0;8;0;0;0;0;0;0;0;0;0;0;0;0;0;0;0;0;48;0;0;0;0;1.6;0;0;1.6;0;0;0;0;220.8;0;0;0;0;0;0;0;0;0;0;0;0;4.378947368;0;2.021052632;0;0;0;0;0;0;0;0;0;0;0;0;0;0;0;0;0;4.8;0;0;0;0;0;10.53333333;0.666666667;0;0
44;2020;AU;2020_AU;6;0;0;0;0;0;0;0;0;0;0;0;0;0;0;0;0;0;0;0;0;6.4;0;0;0;0;1.6;0;0;0;0;0;0;0;6.4;0;0;0;0;0.621359223;0;17.6;0;0;0;0;0;0;0;0;0;0;0;0;0;0;0;0;0;0;0;0;0;0;0;1.6;0;0;0;0;0;0;0;0;0;0;0;0;0;0;710.4;883.2;0;0;1.6;0;0;0;0;0.388349515;0;0;0;0;0;0;1.6;0;0;0;0;0;0;0;0;0;0;0;0;0;0;0;0;0;0;0;0;0;0;0;0;0;0;0;0;0;0;0;0;0;0;0;0;0;0;0;0;0;0;0;0;0;0;0;0;0;0;0;0.077669903;0;0;8;0;11.2;0;0;0;0;0;0;0;0;0;0;0;0;0;0;115.2;0;0;0;0;0;0;0;0;0;0;0;0;0;0;0;0;192;0;4.8;0;0;0;0;0;6.912621359;0;0;0;0;1036.8;0;3.2;0;0;0;0;0;0;0;0;0;25.6;15.57894737;0;2.021052632;0;0;0;0;0;0;0;0;0;0;0;0;0;0;0;0;0;11.2;0;0;0;0;0;0;0;0;0
44;2021;WI;2021_WI;7;0;0;0;0;0;0;0;0;0;0;0;0;0;0;0;0;0;0;0;0;0;0;0;0;0;0;0;0;0;0;0;0;0;0;0;0;4.8;0;3.603883495;0;329.6;0;0;0;0;0;0;0;0;0;0;0;0;0;0;0;0;0;0;0;0;0;0;0;4.8;0;16;0;0;0;0;0;0;0;0;0;0;0;1.6;326.4;243.2;0;0;0;0;0;0;0;10.25242718;0;0;0;0;0;0;1.6;0;0;0;0;0;0;0;0;0;0;0;0;0;0;0;0;0;0;0;0;0;0;0;0;0;0;0;0;0;0;0;0;0;0;0;0;0;0;0;4.8;0;0;0;0;0;0;0;0;0;0;0;2.050485437;0;0;11.2;0;12.8;0;0;0;0;134.4;0;0;0;0;0;0;0;0;0;110.4;0;0;0;0;0;0;0;0;0;0;0;6.4;0;0;0;0;531.2;0;0;0;0;0;0;0;145.6932039;0;0;0;0;70.4;0;3.2;0;0;0;0;0;0;0;0;0;22.4;3.2;0;0;0;0;0;0;0;0;0;0;0;0;0;0;0;0;0;0;0;8;0;0;0;0;0;0;0;0;0
44;2021;SP;2021_SP;8;0;0;0;0;0;0;0;0;0;0;0;0;0;0;0;0;0;0;0;0;4.8;0;0;0;0;0;0;0;0;0;0;0;0;0;0;0;86.4;0;17.64660194;0;0;0;0;0;0;0;0;0;0;0;0;0;0;0;0;0;0;0;0;0;0;0;0;0;1.6;0;0;0;0;0;0;0;0;0;0;0;0;0;0;1536;1254.4;0;0;3.2;0;0;0;0;3.029126214;0;0;0;0;0;0;0;0;0;0;0;0;0;0;0;0;0;0;0;0;0;0;0;0;0;0;0;0;0;0;0;0;0;0;0;0;0;0;0;0;0;0;0;0;0;0;0;0;0;0;0;0;0;0;0;0;0;0;0.605825243;0;0;0;0;4.8;0;0;0;0;0;0;0;0;0;0;0;0;0;0;49.6;0;0;0;0;0;0;0;0;0;0;0;0;0;0;0;0;672;0;0;0;0;0;0;0;90.7184466;0;0;0;0;0;0;0;0;0;0;0;0;0;0;0;0;3.2;0;0;0;0;0;0;0;0;0;0;0;0;0;0;0;0;0;0;0;0;43.2;0;0;0;0;0;0;0;0;0
44;2021;SU;2021_SU;9;0;0;0;0;0;0;0;0;0;0;0;0;0;0;0;0;0;0;0;0;0;0;0;0;0;0;0;0;0;0;0;0;0;0;0;0;0;0;0;0;126.4;0;0;0;0;0;0;0;0;176;0;0;0;0;0;0;0;0;0;0;0;0;0;0;0;0;0;0;0;0;0;0;0;0;0;0;0;0;0;12.8;972.8;0;0;25.6;0;0;0;0;0;0;0;0;0;0;0;0;0;0;0;0;0;0;0;0;0;0;0;0;0;0;0;0;0;0;0;0;0;0;0;0;0;0;0;0;0;0;0;0;0;0;0;1.6;0;0;0;0;0;0;0;0;0;0;0;0;0;0;0;0;0;0;0;0;0;0;0;0;0;0;19.2;0;0;0;1.6;0;0;0;0;289.6;0;0;0;0;0;0;0;0;0;0;0;0;0;0;0;0;480;3.2;0;0;0;0;0;0;0;0;0;0;0;0;0;0;0;0;0;0;0;0;0;0;0;0;0;0;12.8;0;0;0;0;0;0;0;0;0;0;0;0;0;0;0;0;0;0;0;0;0;0;1.6;0;0;0;0
44;2021;AU;2021_AU;10;0;0;0;0;0;0;0;0;0;0;0;0;0;0.030917874;0;0;0;0;0;0;0;0;0;0;0;0;0;0;0;0;0;0;0;0;0;0;0;0;1.360386473;0;3.2;0;0;0;0;0;0;0;0;0;0;0;0;0;0;0;0;0;0;0;0;0;0;0;0;0;0;0;0;0;0;0;0;0;0;0;0;0;60.8;0;0;0;0;0;0;0;0;0;0.649275362;0;0;0;0;0;0;0;0;0;0;0;0;0;0;0;0;0;0;0;0;0;0;0;0;0;0;0;0;0;0;0;0;0;0;0;0;0;0;0;0;0;0;0;0;0;0;0;0;0;0;0;0;0;0;0;0;0;0.015458937;0.015458937;0;0;1.6;0;0;0;0;0;0;0;0;0;0;0;0;0;0;0;0;12.8;0;0;0;0;0;0;0;0;0;0;0;0;0;0;0;0;225.6;0;0;0;0;0;0;0;0.757487923;0;0;0;1.6;0;0;161.6;0;0;0;0;0;0;0;0;0;0;0;0;0;0;0;0;0;0;0;0;0;0;0;0.371014493;1.6;0;0;0;0;27.2;1.6;0;0;0;0;0;0;0;0;0
44;2022;WI;2022_WI;11;0;0;0;0;0;0;0;0;0;0;0;0;0;0.030917874;0;0;0;0;0;0;0;0;0;0;0;0;0;0;0;0;0;0;0;0;0;0;3.2;0;1.360386473;0;1073.6;0;0;0;0;0;0;0;0;0;0;0;0;0;0;0;1.6;0;0;0;0;0;0;0;0;0;0;0;0;0;0;0;0;0;0;0;0;0;9.6;97.6;4.8;0;0;0;0;0;0;0;66.24927536;0;0;0;0;0;0;0;0;0;0;0;0;1.6;0;0;0;0;0;0;0;0;0;0;0;0;0;0;0;0;0;0;0;0;0;0;0;0;0;0;0;0;0;0;0;0;0;0;0;0;0;0;0;0;0;0;0;0;0.015458937;1.615458937;0;0;1.6;0;1.6;0;0;1.6;0;310.4;0;0;0;0;0;0;0;0;0;25.6;0;0;0;0;0;0;0;0;0;0;0;3.2;0;0;0;0;33.6;0;0;0;0;0;0;0;48.75748792;0;0;0;6.4;0;0;28.8;0;0;0;0;0;0;0;0;0;0;0;0;0;0;0;0;0;0;0;0;0;0;0;38.77101449;0;0;0;0;0;0;11.2;0;0;0;0;0;0;0;0;0
44;2022;SP;2022_SP;12;0;0;0;0;0;0;0;0;0;0;0;0;0;3.2;0;0;0;0;0;0;0;0;0;0;0;0;0;0;0;0;0;0;0;0;0;0;35.2;0;140.8;0;108.8;0;0;0;0;0;0;0;0;0;0;0;0;0;0;0;0;0;0;0;0;0;0;0;0;0;0;0;0;0;0;0;0;0;0;0;0;0;8;521.6;38.4;0;0;0;0;0;0;0;1.6;0;0;0;0;0;0;0;0;0;0;0;0;0;0;0;0;0;0;0;0;0;0;0;0;0;0;0;0;0;0;0;0;0;0;0;0;0;0;0;0;0;0;0;0;1.6;0;0;0;0;0;0;0;0;0;0;0;0;1.6;0;0;0;0;0;0;0;0;0;0;33.6;0;0;0;0;0;0;0;0;0;8;0;0;0;0;0;0;0;0;0;0;0;0;0;0;0;0;324.8;0;0;0;0;0;0;0;30.4;0;0;0;0;0;0;62.4;0;0;0;0;0;0;0;0;0;1.6;0;0;0;0;0;0;0;0;0;0;0;0;0;0;1.6;0;0;0;0;0;8;0;0;0;0;0;0;0;0;0
44;2022;AU;2022_AU;13;0;0;0;0;0;0;0;0;0;0;0;0;0;0.086821705;0;0;0;0;0;0;0;0;100.8;0;0;0;0;0;0;0;0;0;0;0;0;0;0;0;2.300775194;0;196.8;0;0;0;0;0;0;0;0;0;0;0;0;0;0;0;0;0;0;0;0;0;0;0;0;0;0;0;0;0;0;0;1.6;0;0;0;0;0;40;0;0;0;0;0;0;0;0;0;118.9023256;0;0;0;0;0;0;0;0;0;0;0;0;0;0;0;0;0;0;1.6;0;0;0;0;0;0;0;0;0;0;0;0;0;0;0;0;0;0;0;0;0;0;0;0;0;0;0;0;0;0;0;0;0;0;0;0;0;0;0;0.260465116;0;0;6.4;0;0;0;0;0;0;0;0;0;0;0;0;0;0;0;0;14.4;0;0;0;0;0;0;0;0;0;0;0;0;0;0;0;0;116.8;0;1.6;0;0;0;0;0;0.737984496;0;0;0;0;0;0;89.6;0;0;0;0;0;0;0;0;0;0;0;0;1.6;0;0;0;0;0;0;0;0;0;0;0.911627907;0;0;0;0;0;0;0;0;0;1.6;0;0;0;0;0;0
44;2023;WI;2023_WI;14;0;0;0;0;0;0;0;0;0;0;0;0;0;0.111627907;0;0;0;0;0;0;0;0;35.2;0;0;0;0;0;0;0;0;0;0;0;0;0;0;0;2.958139535;0;1070.4;0;0;0;0;0;0;0;0;0;0;0;0;0;0;0;0;0;0;0;0;0;0;0;0;0;0;0;0;0;0;0;0;0;0;0;0;0;0;59.2;3.2;0;0;0;0;0;0;0;149.6744186;0;0;0;0;0;0;0;0;0;0;0;0;0;0;0;0;0;0;0;0;0;0;0;0;0;0;0;0;0;0;0;0;0;0;0;0;0;0;0;0;0;0;0;0;0;0;11.2;0;0;0;0;0;0;0;0;0;0;0;6.734883721;0;0;0;0;0;0;1.6;0;0;35.2;0;0;0;0;0;0;0;0;0;1.6;1.6;0;0;0;0;0;0;0;0;0;0;0;0;0;0;0;8;0;3.2;0;0;0;0;0;15.34883721;0;0;0;0;0;0;6.4;0;0;0;0;0;0;0;0;0;0;0;0;3.2;0;0;0;0;0;0;0;0;0;0;34.77209302;11.2;0;0;0;1.6;0;4.8;0;0;0;0;0;0;0;0;0
44;2023;SP;2023_SP;15;0;0;0;0;0;0;0;0;0;0;0;0;0;3.2;0;0;0;0;0;0;0;0;0;0;0;0;0;0;0;0;0;0;0;0;0;0;4.8;0;84.8;0;33.6;0;0;0;0;0;0;0;0;0;0;0;0;0;0;0;0;0;0;0;0;1.6;0;0;0;0;0;0;0;0;0;0;0;0;0;0;0;0;0;38.4;14.4;0;0;0;0;0;0;0;1.6;0;0;0;0;0;0;0;0;0;3.2;0;0;0;0;0;0;0;0;0;0;0;0;0;0;0;0;0;0;0;0;0;0;0;0;0;0;0;0;0;0;0;0;0;0;0;0;0;0;0;0;0;0;0;0;0;0;0;0;3.2;0;0;0;0;0;0;0;0;0;0;0;0;0;0;0;0;0;0;0;24;0;0;0;0;0;0;0;0;0;0;0;0;0;0;0;0;1.6;0;0;0;0;0;0;0;12.8;0;0;0;0;0;0;3.2;0;0;0;0;0;0;0;0;0;0;0;0;0;0;0;0;0;4.8;0;0;0;0;0;0;0;0;0;0;0;0;0;0;0;0;0;0;0;0;0;0
45;2018;AU;2018_AU;1;0;0;0;0;0;0;0;0;0;0;0;0;0;0;0;0;0;0;0;0;0;0;0;0;0;0;0;0;21.33333333;0;0;0;0;6.666666667;0;0;0;0;1.333333333;0;20;0;0;0;0;0;0;0;0;0;0;0;0;0;0;0;0;0;0;0;0;0;0;0;18.66666667;2.666666667;6.666666667;0;0;0;0;0;0;0;0;0;0;0;0;3110.697674;995.9689922;0;0;0;0;0;0;0;0;0;0;0;0;0;0;1.333333333;0;0;0;0;0;0;0;0;0;0;0;0;0;0;0;0;0;0;0;0;0;0;0;0;0;0;0;0;0;0;0;0;0;0;0;0;0;0;0;0;0;0;0;0;0;0;0;0;0;0;0;0;0;0;0;0;0;0;0;0;0;0;2.666666667;0;0;0;1.333333333;0;0;0;0;0;0;0;0;0;0;0;0;0;0;0;0;0;0;0;0;0;222.6666667;1.333333333;0;0;0;0;0;0;0;0;0;0;0;54.66666667;0;0;0;0;0;0;0;0;0;0;0;8;1.333333333;0;0;0;0;0;0;0;0;0;0;0;0;0;4;0;0;0;0;0;0;0;0;0;0;0;0;0;0;0
45;2019;WI;2019_WI;2;0;0;0;0;0;0;0;0;0;0;0;0;0;0;0;0;0;0;0;0;0;0;12;0;0;0;0;0;0;0;0;0;0;0;0;0;0;0;0.342857143;0;69.33333333;0;0;0;0;0;0;0;0;0;0;0;0;0;0;0;0;0;0;0;0;0;0;0;0;0;0;0;0;0;0;0;0;0;0;0;0;0;1.333333333;834.8747051;194.4586282;0;0;0;0;0;0;0;1.676190476;0;0;0;0;0;0;0;0;0;0;0;0;0;0.685714286;0;0;0;0;0;0;0;0;0;0;0;0;0;0;0;0;0;0;0;0;0;0;0;0;0;0;0;0;0;0;0;0;0;0;0;0;0;0;0;0;0;0;0;0;0;0;0;17.33333333;0;0;0;0;0;0;0;0;0;0;0;0;0;0;0;0;0;0;0;0;0;0;0;0;0;0;0;0;9.333333333;0;0;0;0;154.6666667;0;0;0;0;0;0;0;50.62857143;0;0;0;0;16;0;0;0;0;0;0;0;0;0;0;0;32;0;0;0;0;0;0;0;0;0;0;0;0;0;0;0;0;0;0;0;0;0;0;0;2.666666667;0;0;0;0;0;0
45;2019;SP;2019_SP;3;0;0;0;0;0;0;0;0;0;0;0;0;0;0;0;0;0;0;0;0;0;0;5.333333333;0;0;0;0;0;4;0;0;0;0;2.666666667;0;0;6.666666667;0;0;0;57.33333333;0;0;0;0;0;0;0;0;0;0;0;0;0;0;0;0;0;0;0;0;0;0;0;14.66666667;0;4;0;0;0;1.333333333;0;0;0;0;0;0;0;0;1131.578193;2261.75514;0;0;0;0;0;0;0;0;0;0;0;0;0;0;0;0;0;4;0;0;0;0;0;0;0;0;0;0;0;0;0;0;0;0;0;0;0;0;0;0;0;0;0;0;0;0;0;0;0;0;0;0;0;0;0;0;0;0;0;0;0;0;0;0;0;0;0;0;0;0;0;0;0;0;0;0;2.666666667;1.333333333;0;0;0;0;0;0;0;0;6.666666667;0;0;0;0;0;0;0;0;0;0;0;2.666666667;0;0;0;0;581.3333333;0;0;0;0;0;0;0;0;0;0;0;0;0;0;0;0;0;0;0;0;0;0;0;0;13.33333333;1.333333333;0;0;0;0;0;0;0;0;0;0;0;0;0;0;0;0;0;0;0;5.333333333;0;0;0;0;0;1.333333333;0;0;0
45;2019;SU;2019_SU;4;0;0;0;0;0;0;0;0;0;0;0;0;0;0;0;2.666666667;0;0;2.666666667;0;12;0;0;0;0;0;0;0;0;0;0;0;0;1.333333333;0;0;0;0;0;0;48;0;0;0;0;0;0;0;0;5.333333333;1.333333333;0;0;0;0;2.666666667;0;0;0;0;1.333333333;0;0;0;5.333333333;4;2.666666667;0;0;0;0;0;0;0;0;9.333333333;0;0;0;5934.720256;11091.94641;0;0;5.333333333;0;0;0;0;0;0;0;0;24;0;0;0;0;0;0;0;0;0;2.666666667;0;0;0;0;0;0;0;0;0;0;0;0;0;5.333333333;0;0;0;0;0;0;0;0;0;0;0;0;0;0;0;0;0;0;0;0;0;0;0;0;0;0;0;0;0;0;0;0;0;0;0;6.666666667;0;0;0;0;0;1.333333333;0;0;0;9.333333333;0;0;0;0;10.66666667;0;0;0;0;0;0;0;0;0;0;0;0;0;0;0;0;193.3333333;0;0;0;0;0;0;0;1.333333333;0;0;0;0;2.666666667;0;1.333333333;0;0;0;0;0;0;0;0;0;1.333333333;0;0;0;0;0;2.666666667;0;0;0;0;0;0;0;0;1.333333333;0;0;0;0;0;0;0;0;0;0;0;0;0;0;0
45;2020;SU;2020_SU;5;0;0;0;0;0;0;0;0;0;0;0;0;0;1.6;0;0;0;0;0;0;20;0;0;0;0;0;0;0;0;0;0;0;0;0;0;0;0;0;0;0;166.4;0;0;0;0;0;0;1.6;0;0;0;0;0;0;0;0;0;0;0;0;0;0;0;0;0;0;0;0;0;0;0;0;0;0;0;0;0;0;0;153.6;2857.6;0;0;2.4;0;0;0;0;0;0;0;0;0;0;0;0;0;0;0;0;0;0;1.6;0;0;0;0;0;0;0;0;0;0;0;0;0;0;0;0;0;0;0;0;0;0;0;0;0;0;0;0;0;0;0;0;0;0;0;0;0;0;0;0;0;0;0;0;0;0;0;0;0;0;0;0;0;0;0;8;0;0;0;0;0;0;0;0;11.2;0;0;0;0;0;0;0;0;0;0;0;0;0;0;0;0;368;0;0;0;0;0;0;0;0;0;0;0;0;54.4;0;0;0;0;0;0;0;0;0;0;0;0;7.68;7.36;2.56;0;0;0;0;0;0;0;0;0;0;0;1.6;0;0;0;0;0;1.6;0;0;0;0;0;3.2;0;0;0
45;2020;AU;2020_AU;6;0;0;0;0;0;0;0;0;0;0;0;0;0;0;0;0;0;0;0;0;32;0;105.6;0;0;0;0;0;0;0;0;0;0;1.6;0;0;0;0;0;0;51.2;0;0;0;0;0;0;0;0;0;0;0;0;0;0;0;0;0;0;0;0;0;0;0;0;0;0;0;0;0;0;0;0;0;0;0;0;0;0;9.6;476.8;0;0;0;0;0;1.6;0;0;0;0;0;0;0;0;0;0;0;0;0;0;0;0;0;0;0;0;0;0;0;0;0;0;0;0;0;0;0;0;0;0;0;0;0;0;0;0;0;0;0;0;0;0;0;0;0;0;0;0;0;0;0;0;0;0;0;0;0;0;0;0;0;0;0;0;0;0;0;8;0;0;0;0;0;0;0;0;348.8;0;0;0;0;0;0;0;0;0;0;0;0;0;0;0;0;640;0;0;0;0;0;0;0;0;0;0;0;0;0;0;0;0;0;0;0;0;0;0;0;0;24;9.6;0;4.8;0;0;0;0;0;0;0;0;0;0;0;0;0;0;0;0;0;3.2;0;0;0;0;0;0;1.6;0;0
45;2021;WI;2021_WI;7;0;0;0;0;0;0;0;0;0;0;0;0;0;0;0;0;0;0;0;0;0;0;0;0;0;0;0;0;0;0;0;0;0;0;0;0;0;0;5.589041096;0;158.4;0;0;0;0;0;0;0;0;1.6;0;0;0;0;0;0;0;0;0;0;0;0;0;0;0;0;0;0;0;0;0;0;0;0;0;0;0;0;0;512;1241.6;0;0;0;0;0;0;0;7.890410959;0;0;0;0;0;0;3.2;0;0;0;0;0;0;0.37260274;0;0;0;0;0;0;0;0;0;0;0;0;0;0;0;0;0;0;0;0;0;0;0;0;0;0;0;0;0;0;0;0;0;0;0;0;0;0;0;0;0;0;0;0;1.97260274;0;0;3.2;0;1.6;0;0;0;0;9.6;0;0;0;0;0;0;0;0;0;11.2;0;0;0;0;0;0;0;0;0;0;0;3.2;0;0;0;0;64;0;0;0;0;0;0;0;73.77534247;0;0;0;0;1.6;0;0;0;0;0;0;0;0;0;0;0;70.4;6.4;0;0;0;0;0;0;0;0;0;0;0;0;0;0;0;0;0;0;0;3.2;0;0;0;0;0;0;0;0;0
45;2021;SP;2021_SP;8;0;0;0;0;0;0;0;0;0;0;0;0;0;0;0;0;0;0;0;0;3.2;0;0;0;0;0;0;0;0;0;0;0;0;0;0;0;0;0;45.04109589;0;91.2;0;0;0;0;0;0;0;0;0;0;0;0;0;0;0;0;0;0;0;1.6;0;0;0;0;0;3.2;0;0;0;0;0;0;0;0;0;0;0;0;1254.4;1241.6;0;0;0;0;0;0;0;5.610958904;0;0;0;0;0;0;0;0;0;0;0;0;0;3.002739726;0;0;0;0;0;0;0;0;0;0;0;0;0;0;0;0;0;0;0;0;0;0;0;0;0;0;0;0;0;0;0;0;0;0;0;0;0;0;0;0;0;0;0;0;1.402739726;0;0;0;0;6.4;0;0;0;0;0;9.6;0;0;0;0;0;0;0;0;25.6;0;1.6;0;0;0;0;0;0;0;0;0;0;0;0;0;0;502.4;0;0;0;1.6;0;0;0;101.7424658;0;0;0;0;0;0;0;0;0;0;0;0;0;0;0;0;20.8;0;0;0;0;0;1.6;0;0;0;0;0;0;0;0;1.6;0;0;0;0;0;17.6;0;0;0;0;0;0;0;0;0
45;2021;AU;2021_AU;9;0;0;0;0;0;0;0;0;0;0;0;0;0;0;0;0;0;0;0;0;0;0;4.8;0;0;0;0;0;0;0;0;0;0;0;0;0;0;0;0;0;32;0;0;0;0;0;0;0;0;9.6;0;0;0;0;0;0;0;0;0;0;0;0;0;0;0;0;0;0;0;0;0;0;0;0;0;1.6;1.6;0;0;0;0;0;0;0;0;0;3.2;0;0;0;0;0;0;0;0;0;0;0;0;0;0;0;0;0;0;0;0;0;0;0;0;0;0;0;0;0;0;0;0;0;0;0;0;0;0;0;0;0;0;0;0;0;0;0;0;0;0;0;0;0;0;0;0;0;0;0;0;0;0;0;0;0;0;0;0;1.6;0;0;0;0;0;0;0;0;0;0;0;68.8;0;0;0;0;0;0;0;0;0;0;0;0;0;0;0;0;102.4;0;0;0;0;0;0;0;0;0;0;0;0;0;0;0;0;0;0;0;0;0;0;0;0;0;0;0;38.4;0;0;0;0;0;0;0;0;0;0;0;0;0;0;0;0;0;6.4;0;0;0;0;0;0;0;0;0
45;2022;WI;2022_WI;10;0;0;0;0;0;0;0;0;0;0;0;0;0;0.993103448;0;0;0;0;0;0;0;0;0;0;0;0;0;0;0;0;0;0;0;0;1.6;0;0;0;2.427586207;0;652.8;1.6;0;0;0;0;0;0;0;0;0;0;0;0;0;0;0;0;0;0;0;0;0;0;0;0;0;0;0;0;0;0;0;0;0;0;0;0;0;28.8;9.6;0;0;0;0;0;6.4;0;157.7931034;0;0;0;0;0;0;0;0;0;0;0;0;1.6;0;0;0;0;0;0;0;0;0;0;0;0;0;0;0;0;0;0;0;0;0;0;0;0;0;0;0;0;0;0;0;0;0;0;0;0;0;0;0;0;0;0;0;0;2.427586207;0.110344828;0;0;0;0;0;0;0;0;0;113.6;0;0;0;0;0;0;0;0;0;38.4;0;0;0;0;0;0;0;0;0;0;0;0;0;0;0;0;94.4;0;0;0;1.6;0;0;0;25.9862069;0;0;0;3.2;0;0;0;0;0;0;0;0;0;0;0;0;0;0;0;30.4;0;0;0;0;0;0;0;0;0;0;10.26206897;1.6;0;0;0;0;0;9.6;0;0;0;0;0;0;0;0;0
45;2022;SP;2022_SP;11;0;0;0;0;0;0;0;0;0;0;0;0;0;14.4;0;0;0;0;1.6;0;0;0;12.8;0;0;0;0;0;0;0;0;0;0;0;0;0;30.4;0;35.2;0;10779.2;1.6;0;0;0;0;0;0;0;0;0;0;0;0;0;0;0;0;0;0;0;0;0;0;0;0;0;0;0;0;0;0;0;0;0;0;0;0;0;58.496;51.904;0;0;1.6;0;0;6.4;0;6.4;0;0;0;0;0;0;0;0;0;20.8;0;0;1.6;0;0;0;0;0;0;0;0;0;0;0;0;0;0;0;0;0;0;0;0;0;0;0;0;0;0;0;0;0;0;0;0;0;0;0;0;0;0;0;0;0;0;0;0;35.2;1.6;0;0;3.2;0;0;0;0;0;0;3.2;0;0;0;0;0;0;0;0;0;38.4;0;0;0;0;0;0;0;0;0;0;0;0;0;0;0;0;2561.6;0;0;0;1.6;0;0;0;4.8;0;0;0;0;0;0;0;0;0;0;0;0;0;0;0;0;1.6;1.6;0;0;0;0;0;0;0;0;0;0;0;0;0;0;0;0;0;1.6;0;35.2;0;0;0;0;0;1.6;0;0;0
45;2022;AU;2022_AU;12;0;0;0;0;0;0;0;0;0;0;0;0;0;0.32;0;0;0;0;0;0;0;0;1.6;0;0;0;0;0;0;0;0;0;0;0;0;0;0;0;3.337142857;0;104;0;0;0;0;0;0;0;0;1.6;0;0;0;0;0;0;0;0;0;0;0;0;0;0;0;0;1.6;0;0;0;0;0;0;0;0;0;0;0;3.2;0;0;0;0;0;0;0;0;0;62.35428571;0;0;0;0;0;0;0;0;0;0;0;0;0;0;0;0;0;0;0;0;0;0;0;0;0;0;0;0;0;0;0;0;0;0;0;0;0;0;0;0;0;0;0;0;0;0;0;0;0;0;0;0;0;0;0;0;0;0.045714286;0.182857143;0;0;0;0;0;0;0;0;0;4.8;0;0;0;0;0;0;0;0;0;3.2;0;0;0;0;0;0;0;0;0;0;0;0;0;0;0;0;20.8;0;0;0;0;0;0;0;0.731428571;0;0;0;0;0;0;6.4;0;0;0;0;0;0;0;0;0;0;0;0;20.8;0;0;0;0;0;0;0;0;0;0;0.228571429;1.6;0;0;0;0;0;1.6;0;0;0;0;0;1.6;0;0;0
45;2023;WI;2023_WI;13;0;0;0;0;0;0;0;0;0;0;0;0;0;0.137142857;0;0;0;0;0;0;0;0;4.8;0;0;0;0;0;0;0;0;0;0;0;0;0;0;0;1.430204082;0;145.6;0;0;0;0;0;0;0;0;0;0;0;0;0;0;0;0;0;0;0;0;0;0;0;0;0;0;0;0;0;0;0;0;0;0;0;0;0;0;14.4;8;0;0;0;0;0;0;0;169.1232653;0;0;0;0;0;0;0;0;0;0;0;0;0;0;0;0;0;0;0;0;0;0;0;0;0;0;0;0;0;0;0;0;0;0;0;0;0;0;0;0;0;0;0;0;0;0;0;0;0;0;0;0;0;0;0;0;0;0.019591837;6.478367347;0;0;0;0;0;0;1.6;0;0;152;0;0;0;0;0;0;0;0;0;8;0;0;0;0;0;0;0;0;0;0;0;0;0;0;0;0;17.6;0;1.6;0;0;0;0;0;19.51346939;0;0;0;0;0;0;1.6;0;0;0;0;0;0;0;0;0;0;0;0;6.4;0;0;0;0;0;0;0;0;0;0;8.097959184;0;0;0;0;0;0;0;0;0;0;0;0;0;0;0;0
45;2023;SP;2023_SP;14;0;0;0;0;0;0;0;0;0;0;0;0;0;11.2;0;0;0;0;0;0;0;0;1.6;0;0;0;0;0;0;0;0;0;0;0;0;0;0;0;116.8;0;65.6;0;0;0;0;0;0;0;0;0;0;0;0;0;0;0;0;0;0;0;0;0;0;0;0;0;0;0;0;0;0;0;0;0;0;1.6;0;0;0;88;62.4;0;0;0;0;0;0;0;0;0;0;0;0;0;0;0;0;0;27.2;0;0;1.6;0;0;0;0;0;0;0;0;0;0;0;0;0;0;0;0;0;0;0;0;0;0;0;0;0;0;0;0;0;0;0;0;0;1.6;0;0;0;0;0;0;0;0;0;0;1.6;0;0;0;1.6;0;0;0;0;0;0;11.2;0;0;0;0;0;0;0;0;0;1.6;0;0;0;0;0;0;0;0;0;0;0;0;0;0;0;0;4.8;0;0;0;0;0;0;0;6.4;0;0;0;0;0;0;0;0;0;0;0;0;0;0;0;0;0;0;0;1.6;0;0;0;0;0;1.6;0;0;0;0;0;0;0;0;0;0;0;0;0;0;0;0;0;0;0;0;0
47;2018;AU;2018_AU;1;0;0;0;0;0;0;0;0;0;0;0;0;0;0;0;1.333333333;0;0;0;0;0;0;213.3333333;0;0;0;0;0;0;0;0;0;0;0;0;0;24;0;0;0;721.3333333;1.333333333;0;1.333333333;0;0;0;0;0;0;0;0;0;0;0;0;0;0;0;0;0;0;0;0;1.333333333;0;0;0;0;0;0;0;0;0;0;0;0;0;0;14977.35849;142.6415094;0;0;0;0;0;0;0;0;0;0;0;0;0;0;0;0;0;0;0;0;0;0;0;0;0;0;0;0;0;0;0;0;0;0;0;0;0;0;0;0;0;0;0;0;0;0;0;0;0;0;0;0;0;0;0;0;0;1.333333333;0;0;0;0;0;0;0;0;0;0;0;17.33333333;0;0;0;0;0;0;0;2.666666667;0;0;0;0;0;0;0;0;0;0;0;0;0;0;0;0;0;0;0;0;0;0;0;0;0;946.6666667;0;0;0;1.333333333;0;0;0;0;0;0;0;0;150.6666667;0;8;0;0;0;0;0;0;0;0;0;268;10.66666667;17.33333333;0;0;0;0;0;1.333333333;0;0;0;0;0;0;2.666666667;0;0;0;0;0;10.66666667;0;0;0;0;0;0;0;0;0
47;2019;WI;2019_WI;2;0;0;0;0;0;0;0;0;0;0;0;0;0;0;0;0;0;0;0;0;0;0;34.66666667;0;0;0;0;0;0;0;0;0;0;0;0;0;0;0;12;0;126.6666667;0;0;0;0;0;0;0;0;0;0;0;0;0;0;0;0;0;0;0;0;0;0;0;0;0;0;0;0;0;0;0;0;0;0;0;0;0;0;4637.209862;89.45680497;0;0;0;0;0;0;0;2.666666667;0;0;0;0;0;0;0;0;0;0;0;0;0;0;0;0;0;0;0;0;0;0;0;0;0;0;0;0;0;0;0;0;0;0;0;0;0;0;0;0;0;0;0;0;0;0;0;0;0;0;0;0;0;0;0;0;0;0;4;0;0;24;0;0;0;0;0;0;89.33333333;0;0;0;1.333333333;0;0;0;0;0;0;1.333333333;0;0;0;0;0;0;0;0;0;0;0;0;0;0;0;837.3333333;0;0;0;1.333333333;0;0;0;2.666666667;0;0;0;1.333333333;101.3333333;0;0;0;0;0;0;0;0;0;0;0;0;1.333333333;0;2.666666667;0;0;0;0;8;0;0;0;0;0;0;0;0;0;0;0;0;0;0;0;0;0;0;0;0;0;0
47;2019;SP;2019_SP;3;0;0;0;0;0;0;0;0;0;0;0;0;0;0;1.333333333;1.333333333;0;0;0;0;0;0;12;0;0;0;0;0;0;0;0;0;0;0;0;0;0;0;13.71428571;0;189.3333333;1.333333333;0;0;0;0;0;0;0;0;0;0;0;0;0;0;0;0;0;0;0;0;0;0;0;0;0;0;0;0;0;0;0;0;0;13.33333333;0;0;0;7055.273602;118.0597314;0;0;0;0;0;10.66666667;0;0.19047619;0;0;0;0;0;0;0;0;0;0;0;0;0;0;0;0;0;0;0;0;0;0;0;0;0;0;0;1.333333333;0;0;0;0;0;0;0;0;0;0;0;0;0;0;0;0;0;0;0;0;0;0;0;0;0;0;0;0;0;0;4.571428571;0;0;1.333333333;0;0;0;0;0;0;222.6666667;1.333333333;0;0;0;0;0;0;0;0;2.666666667;0;0;0;0;0;0;0;0;1.333333333;0;0;0;0;0;0;0;1069.333333;0;0;0;21.33333333;0;0;0;0.19047619;0;0;0;0;49.33333333;1.333333333;0;0;0;0;0;0;0;0;0;0;329.3333333;1.333333333;0;0;0;0;0;0;0;0;0;0;0;0;0;0;0;0;0;0;0;9.333333333;0;0;0;0;0;0;0;0;0
47;2020;SU;2020_SU;4;0;0;0;0;0;0;0;0;0;0;0;0;0;0;0;0;0;0;0;0;0;0;12.8;0;0;0;0;0;0;0;0;0;0;0;0;0;0;0;0;0;604.8;0;0;0;0;0;0;0;0;0;0;0;0;0;0;0;0;0;0;0;0;0;0;0;0;0;0;0;0;0;0;0;0;0;0;33.6;0;0;0;1945.6;268.8;0;0;0;0;0;19.2;0;0;0;0;0;0;0;0;0;0;0;0;0;0;0;0;0;0;0;0;3.2;0;0;0;0;0;0;0;0;4.8;0;0;0;0;0;0;0;0;0;0;0;0;0;0;0;0;0;0;0;0;0;0;0;0;0;1.6;0;0;0;0;0;0;0;4.8;0;0;0;0;0;0;0;3.2;0;0;0;0;0;0;0;0;4.8;0;0;0;0;0;0;0;0;0;0;0;0;0;0;0;0;256;0;0;0;1.6;0;0;0;0;0;0;0;0;116.8;0;9.6;0;0;0;0;0;0;0;0;0;33.6;1.6;0;0;0;0;0;0;0;0;0;0;0;0;0;0;0;0;0;0;0;3.2;0;0;0;0;0;0;0;0;0
47;2020;AU;2020_AU;5;0;0;0;0;0;0;0;0;0;0;0;0;0;0;0;0;0;0;0;0;0;0;32;0;0;0;0;0;0;0;0;0;0;0;0;0;0;0;0;0;99.2;0;0;0;0;0;0;0;0;0;0;0;0;0;0;3.2;0;0;0;0;0;0;0;0;0;0;0;0;0;0;0;0;0;0;0;8;0;0;0;2880;80;0;0;0;0;0;17.6;0;0;0;0;0;0;0;0;0;0;0;0;0;0;0;0;0;0;0;0;0;0;0;0;0;0;0;0;0;14.4;0;0;0;0;0;0;0;0;0;0;0;0;0;0;0;0;0;0;0;1.6;0;0;0;0;0;0;0;0;0;0;0;0;0;9.6;0;0;3.2;0;0;0;60.8;0;0;0;0;0;0;0;0;0;6.4;0;0;0;0;0;0;0;0;0;0;0;0;0;0;0;0;257.6;0;0;0;1.6;0;0;0;0;0;0;0;3.2;187.2;0;0;0;0;0;0;0;0;0;0;0;91.2;1.6;0;0;0;0;0;0;0;0;0;0;0;0;0;0;0;0;0;0;1.6;6.4;0;0;0;0;0;0;0;0;0
47;2021;WI;2021_WI;6;0;0;0;0;0;0;0;0;0;0;0;0;0;1.422222222;0;0;1.6;0;0;0;0;0;22.4;0;0;0;0;0;0;0;0;0;0;0;0;0;0;0;1.185185185;0;281.6;0;0;0;0;0;0;0;0;0;0;0;0;0;0;16;0;0;0;0;0;0;0;0;0;0;0;0;0;0;0;0;0;0;0;17.6;0;0;0;2825.6;355.2;0;0;0;0;0;11.2;0;0;0;0;0;0;0;0;0;0;0;0;0;0;0;0;0;0;0;0;0;0;0;0;0;0;0;0;0;0;0;0;0;0;0;0;0;0;0;0;0;0;0;0;0;0;0;0;0;0;0;0;0;0;0;0;0;0;0;1.896296296;8.296296296;0;0;72;0;0;0;0;0;0;115.2;1.6;0;0;0;0;0;0;0;0;27.2;0;0;0;0;0;0;0;0;0;0;0;0;0;0;0;0;342.4;0;0;0;1.6;0;0;0;0;0;0;0;28.8;686.4;0;0;0;0;0;0;0;0;0;0;0;86.4;1.6;0;0;0;0;0;0;0;0;0;0;0;0;0;0;0;0;0;0;0;83.2;0;0;1.6;0;0;0;0;0;0
47;2021;SP;2021_SP;7;0;0;0;0;0;0;0;0;0;0;0;0;0;15.28888889;0;1.6;0;0;0;0;0;0;179.2;0;0;0;0;0;0;0;0;0;0;0;0;0;24;0;12.74074074;0;305.6;0;0;0;0;0;0;0;0;0;0;0;0;0;0;0;0;0;0;0;0;0;0;0;0;0;0;3.2;0;0;0;0;0;0;0;51.2;0;0;0;4096;179.2;0;0;0;0;0;62.4;0;0;0;0;0;0;0;0;0;0;0;0;0;0;0;0;0;0;0;0;0;0;0;0;0;0;0;0;0;0;0;0;0;0;0;0;0;0;0;0;0;0;0;0;0;0;0;0;0;0;0;0;0;0;0;0;0;0;0;20.38518519;13.98518519;0;0;4.8;0;0;0;0;1.6;0;4.8;0;0;0;0;0;0;0;0;0;51.2;0;0;0;0;0;0;0;0;0;0;0;0;0;0;0;0;2636.8;0;0;0;4.8;0;0;0;0;0;0;0;3.2;124.8;0;0;0;0;0;0;0;0;0;0;0;99.2;0;0;0;0;0;0;0;0;0;0;0;0;0;0;1.6;0;0;0;0;0;17.6;0;0;0;0;0;0;0;0;0
47;2021;SU;2021_SU;8;0;0;0;0;0;0;0;0;0;0;0;0;0;0;0;0;0;0;0;0;0;0;6.4;0;0;0;0;0;0;0;0;0;0;0;0;0;3.2;0;0;0;1356.8;0;0;0;0;0;0;0;0;1.6;0;0;0;0;0;0;0;0;0;0;0;0;0;0;0;0;0;0;0;0;0;0;0;0;0;92.8;0;0;0;5078.4;291.2;0;0;0;0;0;22.4;0;0;0;0;0;0;0;0;0;0;0;0;0;0;0;0;0;0;0;0;4.8;0;0;0;0;0;0;0;0;0;0;0;0;0;0;0;0;0;0;0;0;0;0;0;0;0;0;0;0;0;0;0;0;0;0;0;0;0;0;0;0;0;0;3.2;0;0;0;0;0;0;0;12.8;0;0;1.6;0;0;0;0;0;118.4;4.8;0;0;0;0;0;0;0;0;0;0;0;0;0;0;0;275.2;0;0;0;0;0;0;0;0;0;0;0;6.4;73.6;0;0;0;0;0;0;0;0;0;0;0;9.6;3.2;0;1.6;0;0;0;0;0;0;0;0;0;0;0;1.6;0;0;0;0;0;6.4;0;0;0;0;0;0;0;0;0
47;2021;AU;2021_AU;9;0;0;0;0;0;0;0;0;0;0;0;0;0;0;0;0;0;0;0;0;0;0;128;0;0;0;0;0;0;0;0;0;0;0;0;0;6.4;0;0;0;112;0;0;0;0;0;0;0;0;1.6;0;0;0;0;0;0;0;0;0;0;0;0;0;0;0;0;0;0;0;0;0;0;0;0;0;28.8;0;0;0;6707.2;179.2;0;0;0;0;0;27.2;0;0;0;0;0;0;0;0;0;0;0;0;0;0;0;0;0;0;0;0;0;0;0;0;0;0;0;0;0;3.2;0;0;0;0;0;0;0;0;0;0;0;0;0;0;0;0;0;0;0;0;0;0;0;0;0;0;0;0;0;0;0;0;0;28.8;0;0;0;0;0;0;17.6;0;0;0;11.2;0;0;0;0;0;17.6;17.6;0;0;0;0;0;0;0;0;0;0;0;0;0;0;0;656;0;0;0;0;0;0;0;0;0;0;0;1.6;67.2;0;0;0;0;0;0;0;0;0;0;0;691.2;20.8;0;36.8;0;0;0;0;0;0;0;0;0;0;0;8;0;0;0;0;3.2;3.2;0;0;0;0;0;0;0;0;0
47;2022;WI;2022_WI;10;0;0;0;0;0;0;0;0;0;0;0;0;0;0.6;0;0;0;0;0;0;0;0;96;0;0;0;0;0;0;0;0;0;0;0;0;0;0;0;1.8;0;691.2;0;0;0;0;0;0;0;0;0;0;0;0;0;0;0;0;0;0;0;0;0;0;0;0;0;0;0;0;0;0;0;0;0;0;3.2;0;0;0;844.8;0;0;0;0;0;0;3.2;0;0.6;0;0;0;0;0;0;0;0;0;0;0;0;0;0;0;0;0;0;0;0;0;0;0;0;0;0;0;0;0;0;0;0;0;0;0;0;0;0;0;0;0;0;0;0;0;0;0;0;0;0;0;0;0;0;0;0;0;1.8;0;0;0;6.4;0;0;0;0;0;0;27.2;0;0;0;1.6;0;0;0;0;0;3.2;0;0;0;0;0;0;0;0;0;0;0;0;0;0;0;0;11.2;0;0;0;0;0;0;0;0;0;0;0;0;0;0;0;0;0;0;0;0;0;0;0;0;46.4;0;0;20.8;0;0;0;0;0;0;0;0;0;0;0;0;0;0;0;0;0;4.8;0;0;0;0;0;0;0;0;0
47;2022;SP;2022_SP;11;0;0;0;0;0;0;0;0;0;0;0;0;0;1.6;0;0;0;0;0;0;0;0;30.4;0;0;0;0;0;0;0;0;0;0;0;0;0;17.6;0;4.8;0;3.2;0;0;0;0;0;0;0;0;0;0;0;0;0;0;0;0;0;0;0;0;0;0;0;0;0;0;0;0;0;0;0;0;0;0;20.8;0;0;0;2422.4;32;0;0;0;0;0;3.2;0;1.6;0;0;0;0;0;0;0;0;0;0;0;0;0;0;0;0;0;0;0;0;0;0;0;0;0;1.6;0;0;0;0;0;0;0;0;0;0;0;0;0;0;0;0;0;0;0;0;0;0;0;0;0;0;0;0;0;0;0;4.8;0;0;0;6.4;0;0;0;0;0;0;132.8;0;0;0;0;0;0;0;0;0;14.4;0;0;0;0;0;0;0;0;0;0;0;0;0;0;0;0;99.2;0;0;0;0;0;0;0;0;0;0;0;11.2;1.6;0;0;0;0;0;0;0;0;0;0;0;454.4;0;0;0;0;0;0;0;0;0;0;0;0;0;0;24;0;0;0;0;0;0;0;0;0;0;0;0;0;1.6;0
47;2023;SP;2023_SP;12;0;0;0;0;0;0;0;3.2;0;0;0;0;0;0;0;0;0;0;0;0;0;0;121.6;0;0;0;0;0;0;0;0;0;0;0;0;0;41.6;0;25.6;0;488;1.6;0;0;0;0;0;0;0;0;0;0;0;0;0;0;0;0;0;0;0;0;0;0;1.6;0;0;0;0;0;0;0;0;0;0;9.6;0;0;6.4;684.8;224;0;0;0;0;0;3.2;0;0;0;0;0;0;0;0;0;0;0;8;0;0;0;0;0;0;0;0;0;0;0;0;0;0;0;0;0;0;0;0;0;0;0;0;0;0;0;0;0;0;0;0;0;0;0;0;3.2;0;0;1.6;1.6;0;0;0;0;0;0;1.6;1.6;0;0;4.8;0;0;0;0;0;0;9.6;4.8;0;0;0;0;0;0;0;0;27.2;0;0;0;0;0;0;0;0;0;0;0;0;0;0;0;0;72;0;0;0;0;0;8;0;0;0;0;0;4.8;0;0;6.4;0;0;0;0;0;0;0;0;0;14.4;0;0;0;0;0;0;0;1.6;0;0;0;0;0;0;19.2;0;0;0;0;0;3.2;0;0;0;0;0;0;0;0;0
48;2019;WI;2019_WI;1;0;0;0;0;0;0;0;0;0;0;0;0;0;0;0;0;0;0;0;0;0;0;0;0;0;0;0;0;0;0;0;0;0;0;0;0;0;0;0;0;2.666666667;0;0;0;0;0;1.333333333;0;0;0;0;0;0;0;0;0;0;0;0;0;0;0;0;0;0;0;0;0;0;0;0;0;0;0;0;0;0;0;0;1.333333333;0;0;0;0;0;0;0;0;0;0;0;0;0;0;0;0;0;0;0;0;0;0;0;0;0;0;0;0;0;0;0;0;0;0;0;0;0;0;0;0;0;0;0;0;0;0;0;0;0;0;0;0;0;0;0;0;0;0;0;0;0;0;0;0;0;0;0;0;0;0;5.333333333;0;0;0;0;0;0;0;0;0;0;0;0;0;0;0;0;0;0;0;0;0;0;0;0;0;0;0;0;0;0;0;0;0;2.666666667;0;1.333333333;0;0;0;0;0;0;0;0;0;0;0;0;0;0;0;0;0;0;0;0;0;0;1.333333333;0;0;0;0;0;0;0;0;0;0;0;0;0;1.333333333;1.333333333;0;0;0;0;0;0;0;0;0;0;0;0;0;0;0
48;2023;SP;2023_SP;2;0;0;0;0;0;0;0;0;0;0;0;0;0;0;0;0;0;0;0;0;0;0;0;0;0;0;0;0;0;0;0;0;0;0;0;0;0;0;0;0;1.6;0;0;0;0;0;0;0;0;0;0;0;0;0;0;0;3.2;0;0;0;0;0;0;0;0;0;0;0;0;0;0;0;0;0;0;0;0;0;0;0;0;0;0;0;0;0;0;0;0;0;0;0;0;0;0;0;0;0;0;0;0;0;0;0;0;0;0;0;0;0;0;0;0;0;0;0;0;0;0;0;0;0;0;0;0;0;0;0;0;0;0;0;0;0;0;0;0;0;0;0;0;0;0;0;0;0;0;0;0;0;0;0;0;0;0;0;0;0;0;0;0;0;0;0;0;0;0;30.4;0;0;0;0;0;0;0;0;0;0;0;0;0;0;0;0;0;0;0;0;0;0;3.2;0;0;0;0;0;0;0;0;0;0;0;0;0;0;0;0;1.6;0;0;0;0;0;0;0;0;0;0;0;0;0;0;0;1.6;6.4;0;0;0;0;0;0;0;0;14.4;0;0;0;0;0;0
49;2019;WI;2019_WI;1;0;0;0;0;0;0;1.333333333;0;0;0;0;0;0;0.145833333;0;0;0;0;0;0;0;0;226.6666667;0;0;0;0;0;0;0;0;0;0;0;0;49.33333333;97.33333333;0;0;0;500;2.666666667;0;0;0;0;2.666666667;0;0;1.333333333;0;0;0;0;0;0;0;0;0;0;0;0;0;0;0;0;0;0;0;0;0;0;0;0;0;0;0;0;0;8;1.333333333;0;0;0;0;0;0;0;18.77083333;0;0;0;0;0;0;0;0;0;0;0;0;0;0.291666667;0;0;0;1.333333333;0;0;0;0;0;0;0;0;0;0;0;0;0;0;0;0;0;0;0;0;0;0;0;0;0;0;0;0;0;0;0;0;0;0;0;0;0;0;3.104166667;0.875;8.979166667;0;0;6.666666667;0;0;0;0;0;0;269.3333333;0;0;0;0;0;0;0;0;0;0;5.333333333;0;0;0;0;0;0;0;0;0;0;0;0;0;0;0;813.3333333;0;0;0;0;0;0;0;4.875;0;0;0;1.333333333;0;0;0;0;0;0;0;0;0;0;0;0;0;0;0;0;0;0;0;0;0;1.333333333;0;0;0;0;1.625;1.333333333;0;0;0;88;0;9.333333333;0;0;0;0;0;0;0;0;0
49;2019;SP;2019_SP;2;0;0;0;0;0;0;0;0;0;0;0;0;97.33333333;1.333333333;0;0;0;0;0;0;0;2.666666667;161.3333333;0;0;0;0;0;0;0;0;0;0;0;0;308;109.3333333;0;0;0;138.6666667;0;0;0;0;0;0;0;0;2.666666667;0;0;0;0;0;0;0;0;0;0;0;0;0;0;0;0;0;0;0;0;0;0;0;0;0;1.333333333;0;0;2.666666667;23.17948718;10.15384615;0;2.666666667;2.666666667;0;0;1.333333333;0;9.333333333;0;0;0;0;0;0;0;0;0;0;0;0;0;2.666666667;0;0;0;0;0;0;0;0;0;0;0;0;0;0;0;0;0;0;0;0;0;0;0;0;0;0;0;0;0;0;96;0;22.66666667;0;0;0;0;0;0;0;0;0;1.333333333;8;28;0;0;2.666666667;0;0;0;109.3333333;0;0;524;1.333333333;0;0;0;0;0;0;0;0;93.33333333;0;0;0;0;0;0;0;0;0;0;0;0;0;0;0;0;1293.333333;0;0;0;1.333333333;0;0;0;4;0;0;0;0;0;0;10.66666667;0;0;0;0;0;0;0;0;0;0;0;0;0;0;0;0;0;0;1042.666667;0;0;0;0;1.333333333;1.333333333;2.666666667;0;0;18.66666667;0;5.333333333;0;0;0;0;0;0;0;0;0
49;2021;WI;2021_WI;3;0;0;0;0;0;0;0;8;0;0;0;0;0;0;0;0;0;0;0;0;0;0;112;0;0;0;0;0;0;0;0;0;0;0;0;0;0;0;0;0;398.4;0;0;0;0;0;0;0;0;0;0;0;0;0;0;0;0;0;0;0;0;0;0;0;0;0;0;0;0;0;0;0;0;0;0;0;0;0;0;0;0;0;0;0;0;0;0;0;8.188235294;0;0;0;0;0;0;0;0;0;0;0;0;0;0;0;0;0;0;0;0;0;0;0;0;0;0;0;0;0;0;0;0;0;0;0;0;0;0;0;0;0;0;0;0;0;0;0;0;0;0;0;0;0;0;0;0;0;0;0.470588235;0;0;1.6;0;0;0;0;0;0;0;0;0;0;0;0;0;0;0;0;22.4;30.4;0;0;0;0;0;0;0;0;0;0;0;0;0;0;0;168;0;0;0;0;0;0;0;0;0;0;0;0;1.6;0;0;0;0;0;0;0;0;0;0;1.6;0;0;0;0;0;0;0;0;3.2;0;0;0;0;0;0.941176471;12.8;0;0;0;30.4;0;3.2;0;0;1.6;0;0;0;0;0;0
49;2021;SP;2021_SP;4;0;0;0;0;0;0;0;1.6;0;0;0;0;0;0;0;0;0;0;0;0;0;0;243.2;0;0;0;0;0;0;0;0;0;0;0;0;0;12.8;0;0;0;108.8;0;0;0;0;0;0;0;0;0;0;0;0;0;0;0;0;0;0;0;0;0;0;0;0;0;0;0;0;0;0;0;0;0;0;0;0;0;0;0;0;0;0;0;0;0;0;0;30.02352941;0;0;0;0;0;0;0;0;0;0;0;0;0;0;0;0;0;0;0;0;0;0;0;0;0;0;0;0;0;0;0;0;0;0;0;0;0;0;0;0;0;0;0;0;44.8;0;62.4;0;0;0;0;0;0;0;0;0;0;0;2.258823529;0;0;3.2;0;0;0;513.6;0;0;276.8;0;0;0;0;0;0;0;0;0;112;0;0;0;0;0;0;0;0;0;0;0;0;0;0;0;0;2995.2;0;0;0;0;0;0;0;0;0;0;0;0;0;0;6.4;0;0;0;0;0;0;0;0;0;3.2;0;0;0;0;0;0;0;0;0;20.8;0;0;0;4.517647059;9.6;0;0;0;246.4;0;0;0;0;0;0;0;0;0;0;0
49;2022;WI;2022_WI;5;0;0;0;0;0;0;0;65.6;0;0;0;0;0;0;0;0;0;0;0;0;0;0;129.6;0;0;0;0;0;0;0;0;0;0;0;0;0;0;0;0;0;577.6;0;0;0;0;0;0;0;0;0;0;0;0;0;0;0;1.6;0;0;0;0;0;0;0;0;0;0;0;0;0;0;0;0;0;0;0;0;0;3.2;0;0;0;0;0;0;0;0;0;0;0;0;0;0;0;0;0;1.6;0;0;0;0;0;0;0;0;0;0;0;0;0;0;0;0;0;0;0;0;0;0;0;0;0;0;0;0;0;0;0;0;0;0;0;0;0;0;0;0;0;0;0;0;0;0;0;0;0;0;0;0;0;17.6;0;0;0;0;0;0;0;0;0;0;0;0;0;0;0;0;43.2;19.2;0;0;0;0;0;0;0;0;0;0;0;0;0;0;0;819.2;0;0;0;0;0;0;0;0;0;0;0;0;0;0;0;0;0;0;0;0;0;0;3.2;0;0;0;0;0;0;0;0;0;6.4;0;0;0;0;0;68.8;9.6;0;0;0;72;0;0;0;0;9.6;0;0;0;0;0;0
49;2022;SP;2022_SP;6;0;0;0;0;0;0;1.6;3.2;0;0;0;0;0;0;0;1.6;0;0;0;0;0;0;56;0;0;0;0;0;0;0;0;0;0;0;0;0;1.6;0;0;0;65.6;0;0;0;0;0;0;0;0;0;0;0;0;0;0;0;0;0;0;0;0;0;0;0;0;0;0;0;0;0;0;0;0;0;0;0;0;0;1.6;0;0;0;0;0;0;0;0;0;0;0;0;0;0;0;0;0;0;0;0;0;0;0;0;0;0;0;0;0;0;0;0;0;0;0;0;0;0;0;0;0;0;0;0;0;0;0;0;0;0;0;0;0;0;41.6;0;51.2;0;0;0;0;0;0;0;0;0;0;0;0;0;0;3.2;0;0;0;1236.8;0;0;377.6;0;0;0;0;0;0;0;0;0;8;0;0;0;0;0;0;0;0;0;0;0;0;0;0;0;0;684.8;0;0;0;0;0;4.8;0;0;0;0;0;0;0;0;0;0;0;0;0;0;0;0;0;0;0;0;0;0;0;0;0;0;0;1.6;0;0;0;0;0;4.8;0;0;0;107.2;0;0;0;0;0;0;0;0;0;0;0
49;2023;WI;2023_WI;7;0;0;0;0;0;0;0;11.2;0;0;0;0;0;0;0;0;0;0;0;0;0;0;36.8;0;0;0;0;0;0;0;0;0;0;0;0;0;1.6;0;0;0;49.6;0;0;0;0;0;0;0;0;0;0;0;0;0;0;0;3.2;0;0;0;0;0;0;0;0;0;0;0;0;0;0;0;0;0;0;0;0;0;12.8;0;0;0;0;0;0;0;0;0;3.054545455;0;0;0;0;0;0;0;0;0;0;0;0;0;0;0;0;0;0;0;0;0;0;0;0;0;0;0;0;0;0;0;0;0;0;0;0;0;0;0;0;0;3.2;0;0;20.8;0;0;0;0;0;1.6;0;0;0;0;0;0;0;0;0;0;17.6;0;0;0;0;0;0;4.8;0;0;0;0;0;0;0;0;0;9.6;0;0;0;0;0;0;0;0;0;0;0;0;0;0;0;0;756.8;0;0;0;0;0;8;0;0;0;0;0;0;0;0;0;0;0;0;0;0;0;0;0;0;0;0;0;0;0;0;0;0;0;0;0;0;0;0;97.74545455;17.6;0;0;0;1.6;0;0;0;0;1.6;0;0;0;0;0;0
49;2023;SP;2023_SP;8;0;0;0;0;0;0;0;0;0;0;0;0;0;0;0;0;0;0;0;0;0;0;16;0;0;0;0;0;0;0;0;0;0;0;0;0;0;0;0;0;4.8;0;0;0;0;0;0;0;0;0;0;0;0;0;0;0;0;0;0;0;0;0;0;0;0;0;0;0;0;0;0;0;0;0;0;0;0;0;19.2;0;0;0;0;0;0;0;0;0;0;0;0;0;0;0;0;0;0;0;0;0;0;0;0;0;0;0;0;0;0;0;0;0;0;0;0;0;0;0;0;0;0;0;0;0;0;0;0;0;0;0;0;0;0;3.2;0;0;0;0;0;0;0;0;0;0;0;0;0;0;0;0;8;0;0;0;11.2;0;0;1.6;0;0;0;0;0;0;0;0;0;8;0;0;0;0;0;0;0;0;0;0;0;0;0;0;0;0;208;0;0;0;0;0;0;0;0;0;0;0;0;0;0;3.2;0;0;0;0;0;0;0;0;0;0;0;0;0;0;0;0;0;1.6;1.6;0;0;0;0;0;3.2;0;0;0;16;0;0;0;0;1.6;0;0;0;0;0;0
